업종,시도,시군구, 당월 , 전월 , 전년동월 
가구점,서울특별시,종로구,17,17,18
가구점,서울특별시,중구,63,65,63
가구점,서울특별시,용산구,39,39,35
가구점,서울특별시,성동구,33,33,30
가구점,서울특별시,광진구,28,28,33
가구점,서울특별시,동대문구,32,33,31
가구점,서울특별시,중랑구,29,29,32
가구점,서울특별시,성북구,33,33,36
가구점,서울특별시,강북구,28,26,24
가구점,서울특별시,도봉구,17,17,17
가구점,서울특별시,노원구,36,36,41
가구점,서울특별시,은평구,40,40,37
가구점,서울특별시,서대문구,50,50,50
가구점,서울특별시,마포구,39,39,35
가구점,서울특별시,양천구,28,28,29
가구점,서울특별시,강서구,39,40,39
가구점,서울특별시,구로구,22,22,23
가구점,서울특별시,금천구,20,21,23
가구점,서울특별시,영등포구,26,26,29
가구점,서울특별시,동작구,19,19,21
가구점,서울특별시,관악구,30,30,26
가구점,서울특별시,서초구,78,78,82
가구점,서울특별시,강남구,111,112,116
가구점,서울특별시,송파구,79,79,74
가구점,서울특별시,강동구,41,41,41
가구점,전남광주통합특별시,목포시,51,52,48
가구점,전남광주통합특별시,여수시,38,38,45
가구점,전남광주통합특별시,순천시,66,68,64
가구점,전남광주통합특별시,나주시,16,16,19
가구점,전남광주통합특별시,광양시,14,14,16
가구점,전남광주통합특별시,동구,16,17,18
가구점,전남광주통합특별시,서구,69,70,69
가구점,전남광주통합특별시,남구,14,12,17
가구점,전남광주통합특별시,북구,50,49,52
가구점,전남광주통합특별시,광산구,48,49,50
가구점,전남광주통합특별시,담양군,5,5,6
가구점,전남광주통합특별시,곡성군,0,0,0
가구점,전남광주통합특별시,구례군,5,6,5
가구점,전남광주통합특별시,고흥군,7,7,7
가구점,전남광주통합특별시,보성군,7,7,7
가구점,전남광주통합특별시,화순군,4,4,0
가구점,전남광주통합특별시,장흥군,3,3,3
가구점,전남광주통합특별시,강진군,3,3,3
가구점,전남광주통합특별시,해남군,9,9,9
가구점,전남광주통합특별시,영암군,10,11,9
가구점,전남광주통합특별시,무안군,5,5,4
가구점,전남광주통합특별시,함평군,0,0,0
가구점,전남광주통합특별시,영광군,7,7,7
가구점,전남광주통합특별시,장성군,9,9,10
가구점,전남광주통합특별시,완도군,4,4,4
가구점,전남광주통합특별시,진도군,4,4,4
가구점,부산광역시,중구,7,8,8
가구점,부산광역시,서구,9,9,8
가구점,부산광역시,동구,52,52,54
가구점,부산광역시,영도구,8,8,8
가구점,부산광역시,부산진구,32,33,34
가구점,부산광역시,동래구,29,30,32
가구점,부산광역시,남구,15,14,20
가구점,부산광역시,북구,18,17,18
가구점,부산광역시,해운대구,76,75,77
가구점,부산광역시,사하구,42,41,43
가구점,부산광역시,금정구,25,25,27
가구점,부산광역시,강서구,23,24,29
가구점,부산광역시,연제구,24,25,23
가구점,부산광역시,수영구,28,27,27
가구점,부산광역시,사상구,24,24,21
가구점,부산광역시,기장군,23,23,21
가구점,대구광역시,중구,13,14,12
가구점,대구광역시,동구,38,39,44
가구점,대구광역시,서구,42,42,41
가구점,대구광역시,남구,20,20,23
가구점,대구광역시,북구,94,99,97
가구점,대구광역시,수성구,37,38,44
가구점,대구광역시,달서구,32,32,34
가구점,대구광역시,달성군,26,25,29
가구점,대구광역시,군위군,0,0,0
가구점,인천광역시,제물포구,20,20,24
가구점,인천광역시,영종구,5,5,6
가구점,인천광역시,미추홀구,45,45,44
가구점,인천광역시,연수구,34,33,32
가구점,인천광역시,남동구,67,70,66
가구점,인천광역시,부평구,45,47,44
가구점,인천광역시,계양구,29,30,31
가구점,인천광역시,서해구,60,60,62
가구점,인천광역시,검단구,18,18,16
가구점,인천광역시,강화군,6,5,5
가구점,인천광역시,옹진군,0,0,0
가구점,대전광역시,동구,22,21,25
가구점,대전광역시,중구,42,42,43
가구점,대전광역시,서구,43,45,47
가구점,대전광역시,유성구,48,48,52
가구점,대전광역시,대덕구,28,29,26
가구점,울산광역시,중구,64,61,60
가구점,울산광역시,남구,33,33,31
가구점,울산광역시,동구,15,15,14
가구점,울산광역시,북구,11,11,12
가구점,울산광역시,울주군,23,24,25
가구점,세종특별자치시,0,35,34,32
가구점,경기도,수원시 장안구,15,14,16
가구점,경기도,수원시 권선구,54,53,54
가구점,경기도,수원시 팔달구,18,18,18
가구점,경기도,수원시 영통구,27,27,25
가구점,경기도,성남시 수정구,30,29,28
가구점,경기도,성남시 중원구,26,26,26
가구점,경기도,성남시 분당구,39,38,43
가구점,경기도,의정부시,44,44,48
가구점,경기도,안양시 만안구,22,22,21
가구점,경기도,안양시 동안구,57,56,54
가구점,경기도,부천시 원미구,53,53,45
가구점,경기도,부천시 소사구,16,16,18
가구점,경기도,부천시 오정구,9,9,10
가구점,경기도,광명시,44,45,41
가구점,경기도,평택시,86,88,85
가구점,경기도,동두천시,16,16,14
가구점,경기도,안산시 상록구,51,52,54
가구점,경기도,안산시 단원구,38,37,30
가구점,경기도,고양시 덕양구,53,53,54
가구점,경기도,고양시 일산동구,78,77,81
가구점,경기도,고양시 일산서구,77,77,80
가구점,경기도,과천시,9,9,7
가구점,경기도,구리시,29,29,33
가구점,경기도,남양주시,160,157,163
가구점,경기도,오산시,29,29,29
가구점,경기도,시흥시,62,61,64
가구점,경기도,군포시,15,16,17
가구점,경기도,의왕시,22,22,21
가구점,경기도,하남시,54,54,55
가구점,경기도,용인시 처인구,49,51,54
가구점,경기도,용인시 기흥구,81,81,81
가구점,경기도,용인시 수지구,29,28,32
가구점,경기도,파주시,132,132,132
가구점,경기도,이천시,30,29,31
가구점,경기도,안성시,36,37,33
가구점,경기도,김포시,101,99,101
가구점,경기도,화성시,0,0,0
가구점,경기도,화성시 만세구,19,20,21
가구점,경기도,화성시 효행구,49,49,48
가구점,경기도,화성시 병점구,18,17,16
가구점,경기도,화성시 동탄구,30,29,31
가구점,경기도,광주시,118,118,115
가구점,경기도,양주시,67,66,68
가구점,경기도,포천시,103,106,103
가구점,경기도,여주시,19,18,19
가구점,경기도,연천군,10,10,7
가구점,경기도,가평군,14,14,14
가구점,경기도,양평군,26,26,26
가구점,충청북도,청주시 상당구,25,25,29
가구점,충청북도,청주시 서원구,81,80,78
가구점,충청북도,청주시 흥덕구,28,27,28
가구점,충청북도,청주시 청원구,22,22,21
가구점,충청북도,충주시,31,31,33
가구점,충청북도,제천시,32,32,32
가구점,충청북도,보은군,7,7,6
가구점,충청북도,옥천군,8,8,6
가구점,충청북도,영동군,8,8,9
가구점,충청북도,증평군,5,5,4
가구점,충청북도,진천군,5,4,4
가구점,충청북도,괴산군,3,3,4
가구점,충청북도,음성군,10,10,11
가구점,충청북도,단양군,0,0,0
가구점,충청남도,천안시 동남구,49,50,50
가구점,충청남도,천안시 서북구,53,52,57
가구점,충청남도,공주시,17,17,18
가구점,충청남도,보령시,13,13,13
가구점,충청남도,아산시,34,34,33
가구점,충청남도,서산시,29,29,28
가구점,충청남도,논산시,21,21,22
가구점,충청남도,계룡시,4,4,4
가구점,충청남도,당진시,20,20,20
가구점,충청남도,금산군,5,5,4
가구점,충청남도,부여군,4,4,4
가구점,충청남도,서천군,4,4,5
가구점,충청남도,청양군,5,5,6
가구점,충청남도,홍성군,17,17,16
가구점,충청남도,예산군,17,17,17
가구점,충청남도,태안군,3,3,3
가구점,경상북도,포항시 남구,26,25,25
가구점,경상북도,포항시 북구,54,54,54
가구점,경상북도,경주시,47,47,48
가구점,경상북도,김천시,22,22,21
가구점,경상북도,안동시,40,41,42
가구점,경상북도,구미시,41,41,48
가구점,경상북도,영주시,24,24,24
가구점,경상북도,영천시,14,14,12
가구점,경상북도,상주시,13,13,13
가구점,경상북도,문경시,12,12,13
가구점,경상북도,경산시,39,40,39
가구점,경상북도,의성군,4,4,4
가구점,경상북도,청송군,0,0,0
가구점,경상북도,영양군,0,0,0
가구점,경상북도,영덕군,3,3,3
가구점,경상북도,청도군,0,0,0
가구점,경상북도,고령군,7,7,6
가구점,경상북도,성주군,6,6,6
가구점,경상북도,칠곡군,35,36,35
가구점,경상북도,예천군,4,4,5
가구점,경상북도,봉화군,0,0,0
가구점,경상북도,울진군,15,15,14
가구점,경상북도,울릉군,0,0,0
가구점,경상남도,창원시 의창구,43,43,40
가구점,경상남도,창원시 성산구,17,17,19
가구점,경상남도,창원시 마산합포구,34,34,34
가구점,경상남도,창원시 마산회원구,10,10,8
가구점,경상남도,창원시 진해구,16,16,16
가구점,경상남도,진주시,48,48,50
가구점,경상남도,통영시,18,18,21
가구점,경상남도,사천시,19,20,20
가구점,경상남도,김해시,115,115,121
가구점,경상남도,밀양시,12,12,12
가구점,경상남도,거제시,32,32,29
가구점,경상남도,양산시,62,61,65
가구점,경상남도,의령군,0,0,0
가구점,경상남도,함안군,7,7,7
가구점,경상남도,창녕군,7,7,8
가구점,경상남도,고성군,5,5,4
가구점,경상남도,남해군,6,6,6
가구점,경상남도,하동군,7,7,7
가구점,경상남도,산청군,3,3,3
가구점,경상남도,함양군,6,6,6
가구점,경상남도,거창군,7,7,9
가구점,경상남도,합천군,7,7,8
가구점,제주특별자치도,제주시,160,160,162
가구점,제주특별자치도,서귀포시,33,34,38
가구점,강원특별자치도,춘천시,41,41,40
가구점,강원특별자치도,원주시,84,82,90
가구점,강원특별자치도,강릉시,49,50,52
가구점,강원특별자치도,동해시,24,24,23
가구점,강원특별자치도,태백시,5,5,6
가구점,강원특별자치도,속초시,6,6,8
가구점,강원특별자치도,삼척시,6,6,6
가구점,강원특별자치도,홍천군,13,13,13
가구점,강원특별자치도,횡성군,5,5,5
가구점,강원특별자치도,영월군,4,4,4
가구점,강원특별자치도,평창군,5,5,6
가구점,강원특별자치도,정선군,5,5,5
가구점,강원특별자치도,철원군,6,6,7
가구점,강원특별자치도,화천군,0,0,0
가구점,강원특별자치도,양구군,0,0,0
가구점,강원특별자치도,인제군,0,0,0
가구점,강원특별자치도,고성군,4,4,3
가구점,강원특별자치도,양양군,4,4,4
가구점,전북특별자치도,전주시 완산구,101,103,106
가구점,전북특별자치도,전주시 덕진구,46,46,49
가구점,전북특별자치도,군산시,60,60,62
가구점,전북특별자치도,익산시,52,51,57
가구점,전북특별자치도,정읍시,17,17,17
가구점,전북특별자치도,남원시,15,15,15
가구점,전북특별자치도,김제시,45,43,43
가구점,전북특별자치도,완주군,16,16,15
가구점,전북특별자치도,진안군,0,0,0
가구점,전북특별자치도,무주군,0,0,0
가구점,전북특별자치도,장수군,0,0,0
가구점,전북특별자치도,임실군,3,3,3
가구점,전북특별자치도,순창군,0,0,0
가구점,전북특별자치도,고창군,8,8,8
가구점,전북특별자치도,부안군,6,6,6
가전제품판매점,서울특별시,종로구,69,69,69
가전제품판매점,서울특별시,중구,111,112,121
가전제품판매점,서울특별시,용산구,67,69,74
가전제품판매점,서울특별시,성동구,27,27,25
가전제품판매점,서울특별시,광진구,54,54,56
가전제품판매점,서울특별시,동대문구,38,38,43
가전제품판매점,서울특별시,중랑구,70,69,67
가전제품판매점,서울특별시,성북구,47,47,51
가전제품판매점,서울특별시,강북구,33,33,31
가전제품판매점,서울특별시,도봉구,35,32,33
가전제품판매점,서울특별시,노원구,39,37,36
가전제품판매점,서울특별시,은평구,40,40,44
가전제품판매점,서울특별시,서대문구,39,39,41
가전제품판매점,서울특별시,마포구,52,51,47
가전제품판매점,서울특별시,양천구,47,48,45
가전제품판매점,서울특별시,강서구,73,77,82
가전제품판매점,서울특별시,구로구,60,62,58
가전제품판매점,서울특별시,금천구,57,58,57
가전제품판매점,서울특별시,영등포구,82,81,87
가전제품판매점,서울특별시,동작구,38,37,35
가전제품판매점,서울특별시,관악구,48,48,49
가전제품판매점,서울특별시,서초구,80,80,84
가전제품판매점,서울특별시,강남구,91,92,88
가전제품판매점,서울특별시,송파구,81,80,82
가전제품판매점,서울특별시,강동구,59,59,65
가전제품판매점,전남광주통합특별시,목포시,89,90,96
가전제품판매점,전남광주통합특별시,여수시,70,70,71
가전제품판매점,전남광주통합특별시,순천시,83,83,83
가전제품판매점,전남광주통합특별시,나주시,24,24,27
가전제품판매점,전남광주통합특별시,광양시,53,53,55
가전제품판매점,전남광주통합특별시,동구,33,34,35
가전제품판매점,전남광주통합특별시,서구,98,100,99
가전제품판매점,전남광주통합특별시,남구,36,36,34
가전제품판매점,전남광주통합특별시,북구,118,119,127
가전제품판매점,전남광주통합특별시,광산구,66,68,70
가전제품판매점,전남광주통합특별시,담양군,14,14,14
가전제품판매점,전남광주통합특별시,곡성군,10,10,10
가전제품판매점,전남광주통합특별시,구례군,7,7,8
가전제품판매점,전남광주통합특별시,고흥군,25,25,26
가전제품판매점,전남광주통합특별시,보성군,19,19,21
가전제품판매점,전남광주통합특별시,화순군,9,9,10
가전제품판매점,전남광주통합특별시,장흥군,9,9,11
가전제품판매점,전남광주통합특별시,강진군,18,18,15
가전제품판매점,전남광주통합특별시,해남군,29,29,33
가전제품판매점,전남광주통합특별시,영암군,16,16,16
가전제품판매점,전남광주통합특별시,무안군,23,22,18
가전제품판매점,전남광주통합특별시,함평군,10,10,9
가전제품판매점,전남광주통합특별시,영광군,11,11,10
가전제품판매점,전남광주통합특별시,장성군,10,10,9
가전제품판매점,전남광주통합특별시,완도군,9,9,9
가전제품판매점,전남광주통합특별시,진도군,6,6,6
가전제품판매점,전남광주통합특별시,신안군,12,13,8
가전제품판매점,부산광역시,중구,33,33,38
가전제품판매점,부산광역시,서구,16,16,15
가전제품판매점,부산광역시,동구,31,32,36
가전제품판매점,부산광역시,영도구,16,16,15
가전제품판매점,부산광역시,부산진구,105,109,115
가전제품판매점,부산광역시,동래구,39,39,42
가전제품판매점,부산광역시,남구,45,45,40
가전제품판매점,부산광역시,북구,26,27,29
가전제품판매점,부산광역시,해운대구,42,42,37
가전제품판매점,부산광역시,사하구,43,42,38
가전제품판매점,부산광역시,금정구,42,42,42
가전제품판매점,부산광역시,강서구,25,25,26
가전제품판매점,부산광역시,연제구,32,32,32
가전제품판매점,부산광역시,수영구,27,25,24
가전제품판매점,부산광역시,사상구,32,31,33
가전제품판매점,부산광역시,기장군,37,37,37
가전제품판매점,대구광역시,중구,62,62,63
가전제품판매점,대구광역시,동구,54,54,51
가전제품판매점,대구광역시,서구,48,48,46
가전제품판매점,대구광역시,남구,26,28,28
가전제품판매점,대구광역시,북구,117,118,123
가전제품판매점,대구광역시,수성구,46,47,45
가전제품판매점,대구광역시,달서구,60,61,62
가전제품판매점,대구광역시,달성군,40,39,42
가전제품판매점,대구광역시,군위군,3,3,3
가전제품판매점,인천광역시,제물포구,25,25,27
가전제품판매점,인천광역시,영종구,11,10,6
가전제품판매점,인천광역시,미추홀구,44,43,45
가전제품판매점,인천광역시,연수구,40,40,42
가전제품판매점,인천광역시,남동구,82,82,77
가전제품판매점,인천광역시,부평구,63,62,65
가전제품판매점,인천광역시,계양구,51,50,49
가전제품판매점,인천광역시,서해구,58,59,55
가전제품판매점,인천광역시,검단구,30,31,27
가전제품판매점,인천광역시,강화군,20,21,21
가전제품판매점,인천광역시,옹진군,7,7,7
가전제품판매점,대전광역시,동구,52,53,51
가전제품판매점,대전광역시,중구,60,60,56
가전제품판매점,대전광역시,서구,102,102,108
가전제품판매점,대전광역시,유성구,48,48,48
가전제품판매점,대전광역시,대덕구,59,58,61
가전제품판매점,울산광역시,중구,64,64,63
가전제품판매점,울산광역시,남구,59,59,56
가전제품판매점,울산광역시,동구,15,16,17
가전제품판매점,울산광역시,북구,29,29,31
가전제품판매점,울산광역시,울주군,41,41,35
가전제품판매점,세종특별자치시,0,48,47,50
가전제품판매점,경기도,수원시 장안구,32,33,34
가전제품판매점,경기도,수원시 권선구,75,75,78
가전제품판매점,경기도,수원시 팔달구,38,38,37
가전제품판매점,경기도,수원시 영통구,38,38,43
가전제품판매점,경기도,성남시 수정구,35,35,34
가전제품판매점,경기도,성남시 중원구,43,42,42
가전제품판매점,경기도,성남시 분당구,40,38,35
가전제품판매점,경기도,의정부시,82,82,76
가전제품판매점,경기도,안양시 만안구,39,38,39
가전제품판매점,경기도,안양시 동안구,43,44,44
가전제품판매점,경기도,부천시 원미구,70,73,70
가전제품판매점,경기도,부천시 소사구,40,39,39
가전제품판매점,경기도,부천시 오정구,31,31,34
가전제품판매점,경기도,광명시,52,53,51
가전제품판매점,경기도,평택시,119,117,118
가전제품판매점,경기도,동두천시,25,25,24
가전제품판매점,경기도,안산시 상록구,73,73,73
가전제품판매점,경기도,안산시 단원구,36,37,36
가전제품판매점,경기도,고양시 덕양구,95,95,88
가전제품판매점,경기도,고양시 일산동구,65,65,69
가전제품판매점,경기도,고양시 일산서구,44,44,46
가전제품판매점,경기도,과천시,4,5,4
가전제품판매점,경기도,구리시,64,64,59
가전제품판매점,경기도,남양주시,199,199,189
가전제품판매점,경기도,오산시,47,48,43
가전제품판매점,경기도,시흥시,82,84,80
가전제품판매점,경기도,군포시,23,22,26
가전제품판매점,경기도,의왕시,12,12,11
가전제품판매점,경기도,하남시,71,71,68
가전제품판매점,경기도,용인시 처인구,50,49,51
가전제품판매점,경기도,용인시 기흥구,62,62,59
가전제품판매점,경기도,용인시 수지구,28,29,27
가전제품판매점,경기도,파주시,93,93,90
가전제품판매점,경기도,이천시,35,37,40
가전제품판매점,경기도,안성시,38,38,38
가전제품판매점,경기도,김포시,100,97,94
가전제품판매점,경기도,화성시 만세구,47,48,52
가전제품판매점,경기도,화성시 효행구,34,35,37
가전제품판매점,경기도,화성시 병점구,22,21,26
가전제품판매점,경기도,화성시 동탄구,33,34,38
가전제품판매점,경기도,광주시,86,88,87
가전제품판매점,경기도,양주시,65,62,62
가전제품판매점,경기도,포천시,40,41,43
가전제품판매점,경기도,여주시,29,30,28
가전제품판매점,경기도,연천군,9,9,10
가전제품판매점,경기도,가평군,11,11,11
가전제품판매점,경기도,양평군,17,17,19
가전제품판매점,충청북도,청주시 상당구,63,62,59
가전제품판매점,충청북도,청주시 서원구,46,45,47
가전제품판매점,충청북도,청주시 흥덕구,51,51,48
가전제품판매점,충청북도,청주시 청원구,46,47,44
가전제품판매점,충청북도,충주시,66,66,68
가전제품판매점,충청북도,제천시,41,41,40
가전제품판매점,충청북도,보은군,10,10,12
가전제품판매점,충청북도,옥천군,11,11,11
가전제품판매점,충청북도,영동군,7,6,6
가전제품판매점,충청북도,증평군,14,14,12
가전제품판매점,충청북도,진천군,17,17,17
가전제품판매점,충청북도,괴산군,5,5,6
가전제품판매점,충청북도,음성군,31,31,30
가전제품판매점,충청북도,단양군,8,8,8
가전제품판매점,충청남도,천안시 동남구,75,73,73
가전제품판매점,충청남도,천안시 서북구,75,76,69
가전제품판매점,충청남도,공주시,30,30,34
가전제품판매점,충청남도,보령시,34,34,36
가전제품판매점,충청남도,아산시,68,69,73
가전제품판매점,충청남도,서산시,52,53,52
가전제품판매점,충청남도,논산시,47,47,48
가전제품판매점,충청남도,계룡시,6,6,5
가전제품판매점,충청남도,당진시,37,36,37
가전제품판매점,충청남도,금산군,18,18,20
가전제품판매점,충청남도,부여군,17,17,16
가전제품판매점,충청남도,서천군,12,12,11
가전제품판매점,충청남도,청양군,11,11,13
가전제품판매점,충청남도,홍성군,34,36,36
가전제품판매점,충청남도,예산군,18,18,19
가전제품판매점,충청남도,태안군,15,16,17
가전제품판매점,경상북도,포항시 남구,90,91,89
가전제품판매점,경상북도,포항시 북구,71,72,77
가전제품판매점,경상북도,경주시,63,63,62
가전제품판매점,경상북도,김천시,34,34,33
가전제품판매점,경상북도,안동시,55,56,56
가전제품판매점,경상북도,구미시,99,99,94
가전제품판매점,경상북도,영주시,39,39,38
가전제품판매점,경상북도,영천시,23,23,24
가전제품판매점,경상북도,상주시,29,29,30
가전제품판매점,경상북도,문경시,27,27,29
가전제품판매점,경상북도,경산시,64,65,63
가전제품판매점,경상북도,의성군,16,16,17
가전제품판매점,경상북도,청송군,12,12,13
가전제품판매점,경상북도,영양군,4,4,4
가전제품판매점,경상북도,영덕군,11,11,11
가전제품판매점,경상북도,청도군,8,8,9
가전제품판매점,경상북도,고령군,8,8,9
가전제품판매점,경상북도,성주군,8,8,10
가전제품판매점,경상북도,칠곡군,26,25,27
가전제품판매점,경상북도,예천군,19,19,18
가전제품판매점,경상북도,봉화군,4,4,5
가전제품판매점,경상북도,울진군,18,18,16
가전제품판매점,경상북도,울릉군,6,6,6
가전제품판매점,경상남도,창원시 의창구,70,70,73
가전제품판매점,경상남도,창원시 성산구,43,43,40
가전제품판매점,경상남도,창원시 마산합포구,43,43,45
가전제품판매점,경상남도,창원시 마산회원구,37,38,37
가전제품판매점,경상남도,창원시 진해구,18,18,17
가전제품판매점,경상남도,진주시,114,115,110
가전제품판매점,경상남도,통영시,38,36,36
가전제품판매점,경상남도,사천시,30,30,27
가전제품판매점,경상남도,김해시,99,100,98
가전제품판매점,경상남도,밀양시,25,27,27
가전제품판매점,경상남도,거제시,39,40,38
가전제품판매점,경상남도,양산시,69,68,66
가전제품판매점,경상남도,의령군,6,6,6
가전제품판매점,경상남도,함안군,5,5,4
가전제품판매점,경상남도,창녕군,14,14,16
가전제품판매점,경상남도,고성군,12,10,10
가전제품판매점,경상남도,남해군,17,17,16
가전제품판매점,경상남도,하동군,9,9,9
가전제품판매점,경상남도,산청군,10,11,10
가전제품판매점,경상남도,함양군,8,8,7
가전제품판매점,경상남도,거창군,22,22,23
가전제품판매점,경상남도,합천군,13,13,13
가전제품판매점,제주특별자치도,제주시,194,194,201
가전제품판매점,제주특별자치도,서귀포시,54,54,58
가전제품판매점,강원특별자치도,춘천시,111,113,111
가전제품판매점,강원특별자치도,원주시,122,121,121
가전제품판매점,강원특별자치도,강릉시,66,67,68
가전제품판매점,강원특별자치도,동해시,20,20,19
가전제품판매점,강원특별자치도,태백시,13,13,15
가전제품판매점,강원특별자치도,속초시,28,28,25
가전제품판매점,강원특별자치도,삼척시,20,21,20
가전제품판매점,강원특별자치도,홍천군,18,18,18
가전제품판매점,강원특별자치도,횡성군,9,9,9
가전제품판매점,강원특별자치도,영월군,6,6,6
가전제품판매점,강원특별자치도,평창군,10,10,11
가전제품판매점,강원특별자치도,정선군,8,8,8
가전제품판매점,강원특별자치도,철원군,12,12,13
가전제품판매점,강원특별자치도,화천군,7,7,5
가전제품판매점,강원특별자치도,양구군,8,8,6
가전제품판매점,강원특별자치도,인제군,7,7,7
가전제품판매점,강원특별자치도,고성군,9,9,9
가전제품판매점,강원특별자치도,양양군,6,6,6
가전제품판매점,전북특별자치도,전주시 완산구,121,121,123
가전제품판매점,전북특별자치도,전주시 덕진구,92,92,94
가전제품판매점,전북특별자치도,군산시,78,77,74
가전제품판매점,전북특별자치도,익산시,95,95,94
가전제품판매점,전북특별자치도,정읍시,31,31,31
가전제품판매점,전북특별자치도,남원시,25,25,25
가전제품판매점,전북특별자치도,김제시,15,16,15
가전제품판매점,전북특별자치도,완주군,20,20,21
가전제품판매점,전북특별자치도,진안군,6,6,5
가전제품판매점,전북특별자치도,무주군,7,7,7
가전제품판매점,전북특별자치도,장수군,4,4,5
가전제품판매점,전북특별자치도,임실군,4,4,4
가전제품판매점,전북특별자치도,순창군,5,5,6
가전제품판매점,전북특별자치도,고창군,13,13,14
가전제품판매점,전북특별자치도,부안군,10,10,10
건강보조식품가게,서울특별시,종로구,72,72,73
건강보조식품가게,서울특별시,중구,79,82,81
건강보조식품가게,서울특별시,용산구,56,56,56
건강보조식품가게,서울특별시,성동구,58,57,63
건강보조식품가게,서울특별시,광진구,86,86,81
건강보조식품가게,서울특별시,동대문구,223,224,243
건강보조식품가게,서울특별시,중랑구,89,89,83
건강보조식품가게,서울특별시,성북구,56,59,62
건강보조식품가게,서울특별시,강북구,55,56,50
건강보조식품가게,서울특별시,도봉구,53,54,56
건강보조식품가게,서울특별시,노원구,57,60,63
건강보조식품가게,서울특별시,은평구,78,81,84
건강보조식품가게,서울특별시,서대문구,71,68,63
건강보조식품가게,서울특별시,마포구,89,88,90
건강보조식품가게,서울특별시,양천구,94,95,113
건강보조식품가게,서울특별시,강서구,142,142,135
건강보조식품가게,서울특별시,구로구,90,90,100
건강보조식품가게,서울특별시,금천구,64,68,77
건강보조식품가게,서울특별시,영등포구,107,106,119
건강보조식품가게,서울특별시,동작구,86,87,89
건강보조식품가게,서울특별시,관악구,105,105,104
건강보조식품가게,서울특별시,서초구,163,165,170
건강보조식품가게,서울특별시,강남구,274,271,269
건강보조식품가게,서울특별시,송파구,196,198,195
건강보조식품가게,서울특별시,강동구,111,112,122
건강보조식품가게,전남광주통합특별시,목포시,60,60,69
건강보조식품가게,전남광주통합특별시,여수시,47,49,52
건강보조식품가게,전남광주통합특별시,순천시,66,67,71
건강보조식품가게,전남광주통합특별시,나주시,29,29,30
건강보조식품가게,전남광주통합특별시,광양시,36,36,37
건강보조식품가게,전남광주통합특별시,동구,75,75,74
건강보조식품가게,전남광주통합특별시,서구,131,132,137
건강보조식품가게,전남광주통합특별시,남구,93,94,99
건강보조식품가게,전남광주통합특별시,북구,180,179,177
건강보조식품가게,전남광주통합특별시,광산구,105,104,108
건강보조식품가게,전남광주통합특별시,담양군,10,11,11
건강보조식품가게,전남광주통합특별시,곡성군,7,6,9
건강보조식품가게,전남광주통합특별시,구례군,14,14,15
건강보조식품가게,전남광주통합특별시,고흥군,11,11,10
건강보조식품가게,전남광주통합특별시,보성군,13,13,14
건강보조식품가게,전남광주통합특별시,화순군,20,20,19
건강보조식품가게,전남광주통합특별시,장흥군,19,21,23
건강보조식품가게,전남광주통합특별시,강진군,8,9,8
건강보조식품가게,전남광주통합특별시,해남군,17,17,17
건강보조식품가게,전남광주통합특별시,영암군,12,11,11
건강보조식품가게,전남광주통합특별시,무안군,13,13,17
건강보조식품가게,전남광주통합특별시,함평군,10,10,10
건강보조식품가게,전남광주통합특별시,영광군,15,16,15
건강보조식품가게,전남광주통합특별시,장성군,11,11,14
건강보조식품가게,전남광주통합특별시,완도군,12,12,15
건강보조식품가게,전남광주통합특별시,진도군,10,10,7
건강보조식품가게,전남광주통합특별시,신안군,3,3,3
건강보조식품가게,부산광역시,중구,33,33,32
건강보조식품가게,부산광역시,서구,18,19,17
건강보조식품가게,부산광역시,동구,37,37,40
건강보조식품가게,부산광역시,영도구,15,16,18
건강보조식품가게,부산광역시,부산진구,161,164,172
건강보조식품가게,부산광역시,동래구,86,87,92
건강보조식품가게,부산광역시,남구,62,64,59
건강보조식품가게,부산광역시,북구,50,48,48
건강보조식품가게,부산광역시,해운대구,70,73,81
건강보조식품가게,부산광역시,사하구,60,60,57
건강보조식품가게,부산광역시,금정구,45,45,48
건강보조식품가게,부산광역시,강서구,11,12,14
건강보조식품가게,부산광역시,연제구,63,63,71
건강보조식품가게,부산광역시,수영구,39,41,50
건강보조식품가게,부산광역시,사상구,31,30,26
건강보조식품가게,부산광역시,기장군,29,30,31
건강보조식품가게,대구광역시,중구,92,91,89
건강보조식품가게,대구광역시,동구,67,67,71
건강보조식품가게,대구광역시,서구,36,36,40
건강보조식품가게,대구광역시,남구,40,39,41
건강보조식품가게,대구광역시,북구,88,88,78
건강보조식품가게,대구광역시,수성구,103,103,102
건강보조식품가게,대구광역시,달서구,121,120,121
건강보조식품가게,대구광역시,달성군,41,41,46
건강보조식품가게,대구광역시,군위군,4,5,5
건강보조식품가게,인천광역시,제물포구,26,26,27
건강보조식품가게,인천광역시,영종구,12,12,15
건강보조식품가게,인천광역시,미추홀구,96,99,102
건강보조식품가게,인천광역시,연수구,92,93,102
건강보조식품가게,인천광역시,남동구,94,94,101
건강보조식품가게,인천광역시,부평구,103,102,107
건강보조식품가게,인천광역시,계양구,44,42,47
건강보조식품가게,인천광역시,서해구,80,78,77
건강보조식품가게,인천광역시,검단구,40,40,38
건강보조식품가게,인천광역시,강화군,137,138,148
건강보조식품가게,인천광역시,옹진군,0,0,0
건강보조식품가게,대전광역시,동구,72,74,76
건강보조식품가게,대전광역시,중구,108,110,113
건강보조식품가게,대전광역시,서구,176,177,190
건강보조식품가게,대전광역시,유성구,100,100,108
건강보조식품가게,대전광역시,대덕구,52,52,57
건강보조식품가게,울산광역시,중구,31,31,35
건강보조식품가게,울산광역시,남구,95,99,106
건강보조식품가게,울산광역시,동구,27,28,26
건강보조식품가게,울산광역시,북구,26,27,29
건강보조식품가게,울산광역시,울주군,48,48,43
건강보조식품가게,세종특별자치시,0,72,73,75
건강보조식품가게,경기도,수원시 장안구,52,52,56
건강보조식품가게,경기도,수원시 권선구,74,75,75
건강보조식품가게,경기도,수원시 팔달구,76,78,83
건강보조식품가게,경기도,수원시 영통구,88,87,89
건강보조식품가게,경기도,성남시 수정구,55,56,55
건강보조식품가게,경기도,성남시 중원구,36,37,37
건강보조식품가게,경기도,성남시 분당구,140,141,137
건강보조식품가게,경기도,의정부시,106,106,104
건강보조식품가게,경기도,안양시 만안구,61,63,64
건강보조식품가게,경기도,안양시 동안구,100,103,102
건강보조식품가게,경기도,부천시 원미구,145,145,150
건강보조식품가게,경기도,부천시 소사구,40,41,47
건강보조식품가게,경기도,부천시 오정구,40,39,40
건강보조식품가게,경기도,광명시,75,75,66
건강보조식품가게,경기도,평택시,145,147,142
건강보조식품가게,경기도,동두천시,21,21,21
건강보조식품가게,경기도,안산시 상록구,70,70,67
건강보조식품가게,경기도,안산시 단원구,74,72,81
건강보조식품가게,경기도,고양시 덕양구,105,106,93
건강보조식품가게,경기도,고양시 일산동구,68,68,74
건강보조식품가게,경기도,고양시 일산서구,61,62,66
건강보조식품가게,경기도,과천시,15,15,16
건강보조식품가게,경기도,구리시,55,56,53
건강보조식품가게,경기도,남양주시,188,186,187
건강보조식품가게,경기도,오산시,50,50,44
건강보조식품가게,경기도,시흥시,113,107,105
건강보조식품가게,경기도,군포시,51,52,62
건강보조식품가게,경기도,의왕시,27,28,33
건강보조식품가게,경기도,하남시,86,86,93
건강보조식품가게,경기도,용인시 처인구,59,60,65
건강보조식품가게,경기도,용인시 기흥구,110,109,114
건강보조식품가게,경기도,용인시 수지구,68,65,59
건강보조식품가게,경기도,파주시,94,95,97
건강보조식품가게,경기도,이천시,43,43,45
건강보조식품가게,경기도,안성시,49,50,57
건강보조식품가게,경기도,김포시,141,139,135
건강보조식품가게,경기도,화성시,0,0,0
건강보조식품가게,경기도,화성시 만세구,40,40,47
건강보조식품가게,경기도,화성시 효행구,22,22,19
건강보조식품가게,경기도,화성시 병점구,28,27,24
건강보조식품가게,경기도,화성시 동탄구,82,82,80
건강보조식품가게,경기도,광주시,101,101,99
건강보조식품가게,경기도,양주시,61,63,62
건강보조식품가게,경기도,포천시,47,47,46
건강보조식품가게,경기도,여주시,27,27,26
건강보조식품가게,경기도,연천군,13,13,16
건강보조식품가게,경기도,가평군,18,18,18
건강보조식품가게,경기도,양평군,33,31,33
건강보조식품가게,충청북도,청주시 상당구,52,51,53
건강보조식품가게,충청북도,청주시 서원구,47,49,51
건강보조식품가게,충청북도,청주시 흥덕구,55,56,67
건강보조식품가게,충청북도,청주시 청원구,37,36,38
건강보조식품가게,충청북도,충주시,54,55,57
건강보조식품가게,충청북도,제천시,53,53,50
건강보조식품가게,충청북도,보은군,14,14,14
건강보조식품가게,충청북도,옥천군,19,19,18
건강보조식품가게,충청북도,영동군,16,16,18
건강보조식품가게,충청북도,증평군,19,18,16
건강보조식품가게,충청북도,진천군,15,14,15
건강보조식품가게,충청북도,괴산군,11,11,11
건강보조식품가게,충청북도,음성군,35,34,31
건강보조식품가게,충청북도,단양군,16,16,14
건강보조식품가게,충청남도,천안시 동남구,71,74,79
건강보조식품가게,충청남도,천안시 서북구,92,93,103
건강보조식품가게,충청남도,공주시,35,35,31
건강보조식품가게,충청남도,보령시,21,22,25
건강보조식품가게,충청남도,아산시,87,89,88
건강보조식품가게,충청남도,서산시,54,53,59
건강보조식품가게,충청남도,논산시,38,39,38
건강보조식품가게,충청남도,계룡시,14,14,12
건강보조식품가게,충청남도,당진시,47,47,45
건강보조식품가게,충청남도,금산군,663,667,679
건강보조식품가게,충청남도,부여군,19,19,18
건강보조식품가게,충청남도,서천군,16,16,13
건강보조식품가게,충청남도,청양군,20,20,20
건강보조식품가게,충청남도,홍성군,32,32,32
건강보조식품가게,충청남도,예산군,32,32,34
건강보조식품가게,충청남도,태안군,16,16,17
건강보조식품가게,경상북도,포항시 남구,54,54,53
건강보조식품가게,경상북도,포항시 북구,96,97,94
건강보조식품가게,경상북도,경주시,66,67,65
건강보조식품가게,경상북도,김천시,33,33,31
건강보조식품가게,경상북도,안동시,56,59,58
건강보조식품가게,경상북도,구미시,94,93,94
건강보조식품가게,경상북도,영주시,267,267,276
건강보조식품가게,경상북도,영천시,30,30,33
건강보조식품가게,경상북도,상주시,30,30,28
건강보조식품가게,경상북도,문경시,34,34,35
건강보조식품가게,경상북도,경산시,40,41,46
건강보조식품가게,경상북도,의성군,15,15,13
건강보조식품가게,경상북도,청송군,8,8,8
건강보조식품가게,경상북도,영양군,8,8,8
건강보조식품가게,경상북도,영덕군,4,4,5
건강보조식품가게,경상북도,청도군,5,7,8
건강보조식품가게,경상북도,고령군,7,7,6
건강보조식품가게,경상북도,성주군,10,9,7
건강보조식품가게,경상북도,칠곡군,22,22,25
건강보조식품가게,경상북도,예천군,14,14,15
건강보조식품가게,경상북도,봉화군,9,9,9
건강보조식품가게,경상북도,울진군,13,13,12
건강보조식품가게,경상북도,울릉군,4,4,4
건강보조식품가게,경상남도,창원시 의창구,90,91,94
건강보조식품가게,경상남도,창원시 성산구,61,62,69
건강보조식품가게,경상남도,창원시 마산합포구,59,59,62
건강보조식품가게,경상남도,창원시 마산회원구,57,57,55
건강보조식품가게,경상남도,창원시 진해구,35,35,38
건강보조식품가게,경상남도,진주시,118,119,135
건강보조식품가게,경상남도,통영시,33,33,34
건강보조식품가게,경상남도,사천시,32,31,32
건강보조식품가게,경상남도,김해시,128,128,135
건강보조식품가게,경상남도,밀양시,24,24,24
건강보조식품가게,경상남도,거제시,42,42,45
건강보조식품가게,경상남도,양산시,79,80,84
건강보조식품가게,경상남도,의령군,8,8,8
건강보조식품가게,경상남도,함안군,12,12,13
건강보조식품가게,경상남도,창녕군,24,24,27
건강보조식품가게,경상남도,고성군,10,10,11
건강보조식품가게,경상남도,남해군,20,20,22
건강보조식품가게,경상남도,하동군,22,20,21
건강보조식품가게,경상남도,산청군,29,29,30
건강보조식품가게,경상남도,함양군,20,20,19
건강보조식품가게,경상남도,거창군,24,24,26
건강보조식품가게,경상남도,합천군,12,12,14
건강보조식품가게,제주특별자치도,제주시,153,152,152
건강보조식품가게,제주특별자치도,서귀포시,45,45,48
건강보조식품가게,강원특별자치도,춘천시,79,81,81
건강보조식품가게,강원특별자치도,원주시,125,125,122
건강보조식품가게,강원특별자치도,강릉시,61,61,63
건강보조식품가게,강원특별자치도,동해시,25,25,25
건강보조식품가게,강원특별자치도,태백시,18,18,17
건강보조식품가게,강원특별자치도,속초시,21,21,20
건강보조식품가게,강원특별자치도,삼척시,19,19,19
건강보조식품가게,강원특별자치도,홍천군,23,24,26
건강보조식품가게,강원특별자치도,횡성군,13,12,15
건강보조식품가게,강원특별자치도,영월군,22,22,20
건강보조식품가게,강원특별자치도,평창군,17,17,16
건강보조식품가게,강원특별자치도,정선군,22,22,23
건강보조식품가게,강원특별자치도,철원군,22,22,26
건강보조식품가게,강원특별자치도,화천군,16,16,17
건강보조식품가게,강원특별자치도,양구군,3,3,6
건강보조식품가게,강원특별자치도,인제군,12,12,13
건강보조식품가게,강원특별자치도,고성군,5,5,5
건강보조식품가게,강원특별자치도,양양군,8,8,8
건강보조식품가게,전북특별자치도,전주시 완산구,137,138,133
건강보조식품가게,전북특별자치도,전주시 덕진구,85,85,89
건강보조식품가게,전북특별자치도,군산시,81,80,83
건강보조식품가게,전북특별자치도,익산시,100,99,101
건강보조식품가게,전북특별자치도,정읍시,37,39,38
건강보조식품가게,전북특별자치도,남원시,39,40,41
건강보조식품가게,전북특별자치도,김제시,20,20,21
건강보조식품가게,전북특별자치도,완주군,28,27,30
건강보조식품가게,전북특별자치도,진안군,68,68,74
건강보조식품가게,전북특별자치도,무주군,16,16,15
건강보조식품가게,전북특별자치도,장수군,8,8,9
건강보조식품가게,전북특별자치도,임실군,8,8,8
건강보조식품가게,전북특별자치도,순창군,11,11,12
건강보조식품가게,전북특별자치도,고창군,16,16,16
건강보조식품가게,전북특별자치도,부안군,12,13,14
건어물가게,서울특별시,종로구,10,10,9
건어물가게,서울특별시,중구,84,84,92
건어물가게,서울특별시,용산구,10,10,11
건어물가게,서울특별시,성동구,10,10,9
건어물가게,서울특별시,광진구,15,15,17
건어물가게,서울특별시,동대문구,55,58,57
건어물가게,서울특별시,중랑구,38,38,35
건어물가게,서울특별시,성북구,14,14,17
건어물가게,서울특별시,강북구,29,29,32
건어물가게,서울특별시,도봉구,22,21,24
건어물가게,서울특별시,노원구,21,20,21
건어물가게,서울특별시,은평구,33,33,32
건어물가게,서울특별시,서대문구,24,24,24
건어물가게,서울특별시,마포구,17,17,16
건어물가게,서울특별시,양천구,25,26,27
건어물가게,서울특별시,강서구,37,38,34
건어물가게,서울특별시,구로구,24,24,32
건어물가게,서울특별시,금천구,29,29,31
건어물가게,서울특별시,영등포구,25,26,25
건어물가게,서울특별시,동작구,37,37,38
건어물가게,서울특별시,관악구,27,27,25
건어물가게,서울특별시,서초구,10,11,10
건어물가게,서울특별시,강남구,18,18,16
건어물가게,서울특별시,송파구,58,58,59
건어물가게,서울특별시,강동구,27,27,33
건어물가게,전남광주통합특별시,목포시,132,133,139
건어물가게,전남광주통합특별시,여수시,148,147,147
건어물가게,전남광주통합특별시,순천시,43,44,45
건어물가게,전남광주통합특별시,나주시,15,15,14
건어물가게,전남광주통합특별시,광양시,18,18,18
건어물가게,전남광주통합특별시,동구,43,44,43
건어물가게,전남광주통합특별시,서구,57,57,53
건어물가게,전남광주통합특별시,남구,17,16,14
건어물가게,전남광주통합특별시,북구,36,36,37
건어물가게,전남광주통합특별시,광산구,29,28,26
건어물가게,전남광주통합특별시,담양군,4,4,4
건어물가게,전남광주통합특별시,곡성군,6,6,4
건어물가게,전남광주통합특별시,구례군,12,12,12
건어물가게,전남광주통합특별시,고흥군,56,56,55
건어물가게,전남광주통합특별시,보성군,22,22,27
건어물가게,전남광주통합특별시,화순군,6,6,6
건어물가게,전남광주통합특별시,장흥군,22,22,23
건어물가게,전남광주통합특별시,강진군,35,35,35
건어물가게,전남광주통합특별시,해남군,47,47,46
건어물가게,전남광주통합특별시,영암군,3,3,4
건어물가게,전남광주통합특별시,무안군,29,29,34
건어물가게,전남광주통합특별시,함평군,10,10,9
건어물가게,전남광주통합특별시,영광군,80,81,84
건어물가게,전남광주통합특별시,장성군,3,3,3
건어물가게,전남광주통합특별시,완도군,142,140,144
건어물가게,전남광주통합특별시,진도군,32,32,32
건어물가게,전남광주통합특별시,신안군,65,65,65
건어물가게,부산광역시,중구,83,84,86
건어물가게,부산광역시,서구,16,17,20
건어물가게,부산광역시,동구,11,11,12
건어물가게,부산광역시,영도구,13,13,10
건어물가게,부산광역시,부산진구,64,63,67
건어물가게,부산광역시,동래구,31,31,30
건어물가게,부산광역시,남구,21,21,22
건어물가게,부산광역시,북구,22,23,25
건어물가게,부산광역시,해운대구,27,28,31
건어물가게,부산광역시,사하구,27,27,26
건어물가게,부산광역시,금정구,21,22,23
건어물가게,부산광역시,강서구,10,10,9
건어물가게,부산광역시,연제구,9,9,10
건어물가게,부산광역시,수영구,34,34,33
건어물가게,부산광역시,사상구,15,15,17
건어물가게,부산광역시,기장군,105,105,103
건어물가게,대구광역시,중구,38,37,38
건어물가게,대구광역시,동구,13,13,11
건어물가게,대구광역시,서구,12,12,13
건어물가게,대구광역시,남구,21,21,19
건어물가게,대구광역시,북구,41,41,42
건어물가게,대구광역시,수성구,15,15,16
건어물가게,대구광역시,달서구,22,22,23
건어물가게,대구광역시,달성군,10,10,12
건어물가게,대구광역시,군위군,0,0,0
건어물가게,인천광역시,제물포구,77,77,79
건어물가게,인천광역시,영종구,6,6,4
건어물가게,인천광역시,미추홀구,47,47,45
건어물가게,인천광역시,연수구,12,12,15
건어물가게,인천광역시,남동구,113,114,117
건어물가게,인천광역시,부평구,44,44,42
건어물가게,인천광역시,계양구,26,25,27
건어물가게,인천광역시,서구,0,0,0
건어물가게,인천광역시,서해구,40,39,40
건어물가게,인천광역시,검단구,7,7,8
건어물가게,인천광역시,강화군,61,60,59
건어물가게,인천광역시,옹진군,9,9,9
건어물가게,대전광역시,동구,29,29,31
건어물가게,대전광역시,중구,22,22,22
건어물가게,대전광역시,서구,37,38,41
건어물가게,대전광역시,유성구,26,26,23
건어물가게,대전광역시,대덕구,23,23,24
건어물가게,울산광역시,중구,26,27,30
건어물가게,울산광역시,남구,33,33,33
건어물가게,울산광역시,동구,26,25,24
건어물가게,울산광역시,북구,18,18,16
건어물가게,울산광역시,울주군,30,30,31
건어물가게,세종특별자치시,0,19,19,17
건어물가게,경기도,수원시 장안구,21,21,23
건어물가게,경기도,수원시 권선구,17,18,17
건어물가게,경기도,수원시 팔달구,20,20,20
건어물가게,경기도,수원시 영통구,10,10,12
건어물가게,경기도,성남시 수정구,16,15,12
건어물가게,경기도,성남시 중원구,37,36,39
건어물가게,경기도,성남시 분당구,13,14,14
건어물가게,경기도,의정부시,41,41,44
건어물가게,경기도,안양시 만안구,28,28,30
건어물가게,경기도,안양시 동안구,13,13,15
건어물가게,경기도,부천시 원미구,41,42,40
건어물가게,경기도,부천시 소사구,17,17,18
건어물가게,경기도,부천시 오정구,25,27,25
건어물가게,경기도,광명시,39,38,39
건어물가게,경기도,평택시,42,43,46
건어물가게,경기도,동두천시,14,14,13
건어물가게,경기도,안산시 상록구,19,19,19
건어물가게,경기도,안산시 단원구,33,32,32
건어물가게,경기도,고양시 덕양구,20,20,18
건어물가게,경기도,고양시 일산동구,7,7,11
건어물가게,경기도,고양시 일산서구,16,16,15
건어물가게,경기도,구리시,16,16,18
건어물가게,경기도,남양주시,37,37,31
건어물가게,경기도,오산시,9,9,11
건어물가게,경기도,시흥시,64,62,67
건어물가게,경기도,군포시,16,16,17
건어물가게,경기도,의왕시,6,6,7
건어물가게,경기도,하남시,25,23,30
건어물가게,경기도,용인시 처인구,20,20,18
건어물가게,경기도,용인시 기흥구,10,10,11
건어물가게,경기도,용인시 수지구,7,8,9
건어물가게,경기도,파주시,16,17,15
건어물가게,경기도,이천시,17,18,17
건어물가게,경기도,안성시,24,24,21
건어물가게,경기도,김포시,37,38,37
건어물가게,경기도,화성시,0,0,0
건어물가게,경기도,화성시 만세구,30,29,33
건어물가게,경기도,화성시 효행구,6,6,7
건어물가게,경기도,화성시 병점구,8,8,7
건어물가게,경기도,화성시 동탄구,11,11,11
건어물가게,경기도,광주시,22,22,22
건어물가게,경기도,양주시,13,14,14
건어물가게,경기도,포천시,7,7,7
건어물가게,경기도,여주시,11,11,10
건어물가게,경기도,연천군,0,0,0
건어물가게,경기도,가평군,7,7,7
건어물가게,경기도,양평군,6,6,7
건어물가게,충청북도,청주시 상당구,21,21,21
건어물가게,충청북도,청주시 서원구,11,11,12
건어물가게,충청북도,청주시 흥덕구,16,16,15
건어물가게,충청북도,청주시 청원구,7,7,7
건어물가게,충청북도,충주시,22,22,24
건어물가게,충청북도,제천시,15,15,14
건어물가게,충청북도,보은군,0,0,0
건어물가게,충청북도,옥천군,0,0,0
건어물가게,충청북도,영동군,5,5,4
건어물가게,충청북도,증평군,0,0,0
건어물가게,충청북도,진천군,6,6,7
건어물가게,충청북도,괴산군,0,0,0
건어물가게,충청북도,음성군,6,6,5
건어물가게,충청북도,단양군,3,3,3
건어물가게,충청남도,천안시 동남구,19,19,19
건어물가게,충청남도,천안시 서북구,10,10,12
건어물가게,충청남도,공주시,10,10,9
건어물가게,충청남도,보령시,80,79,82
건어물가게,충청남도,아산시,35,35,36
건어물가게,충청남도,서산시,47,47,47
건어물가게,충청남도,논산시,71,71,72
건어물가게,충청남도,계룡시,5,5,5
건어물가게,충청남도,당진시,56,57,52
건어물가게,충청남도,금산군,10,10,12
건어물가게,충청남도,부여군,11,11,10
건어물가게,충청남도,서천군,49,49,51
건어물가게,충청남도,청양군,9,9,8
건어물가게,충청남도,홍성군,106,106,103
건어물가게,충청남도,예산군,9,9,8
건어물가게,충청남도,태안군,96,98,90
건어물가게,경상북도,포항시 남구,95,95,95
건어물가게,경상북도,포항시 북구,129,129,121
건어물가게,경상북도,경주시,78,80,69
건어물가게,경상북도,김천시,10,10,10
건어물가게,경상북도,안동시,19,19,18
건어물가게,경상북도,구미시,13,13,12
건어물가게,경상북도,영주시,15,15,16
건어물가게,경상북도,영천시,15,14,14
건어물가게,경상북도,상주시,8,8,8
건어물가게,경상북도,문경시,6,6,6
건어물가게,경상북도,경산시,12,12,11
건어물가게,경상북도,의성군,12,12,14
건어물가게,경상북도,청송군,4,4,5
건어물가게,경상북도,영양군,0,0,0
건어물가게,경상북도,영덕군,137,139,142
건어물가게,경상북도,청도군,3,3,3
건어물가게,경상북도,고령군,9,9,8
건어물가게,경상북도,성주군,3,3,3
건어물가게,경상북도,칠곡군,9,9,6
건어물가게,경상북도,예천군,5,5,4
건어물가게,경상북도,봉화군,3,3,3
건어물가게,경상북도,울진군,62,66,68
건어물가게,경상북도,울릉군,35,35,35
건어물가게,경상남도,창원시 의창구,23,22,21
건어물가게,경상남도,창원시 성산구,14,14,15
건어물가게,경상남도,창원시 마산합포구,62,62,64
건어물가게,경상남도,창원시 마산회원구,11,11,10
건어물가게,경상남도,창원시 진해구,21,21,28
건어물가게,경상남도,진주시,45,45,39
건어물가게,경상남도,통영시,132,133,134
건어물가게,경상남도,사천시,122,123,121
건어물가게,경상남도,김해시,37,36,36
건어물가게,경상남도,밀양시,6,6,7
건어물가게,경상남도,거제시,57,56,54
건어물가게,경상남도,양산시,26,26,29
건어물가게,경상남도,의령군,0,0,0
건어물가게,경상남도,함안군,4,3,3
건어물가게,경상남도,창녕군,3,3,5
건어물가게,경상남도,고성군,17,17,17
건어물가게,경상남도,남해군,62,62,61
건어물가게,경상남도,하동군,26,26,26
건어물가게,경상남도,산청군,4,4,5
건어물가게,경상남도,함양군,4,4,4
건어물가게,경상남도,거창군,11,11,11
건어물가게,경상남도,합천군,4,4,3
건어물가게,제주특별자치도,제주시,72,72,74
건어물가게,제주특별자치도,서귀포시,29,30,31
건어물가게,강원특별자치도,춘천시,21,21,20
건어물가게,강원특별자치도,원주시,21,21,22
건어물가게,강원특별자치도,강릉시,167,165,171
건어물가게,강원특별자치도,동해시,55,54,56
건어물가게,강원특별자치도,태백시,4,4,4
건어물가게,강원특별자치도,속초시,141,142,140
건어물가게,강원특별자치도,삼척시,79,79,74
건어물가게,강원특별자치도,홍천군,6,6,5
건어물가게,강원특별자치도,횡성군,0,0,0
건어물가게,강원특별자치도,영월군,4,4,4
건어물가게,강원특별자치도,평창군,11,11,11
건어물가게,강원특별자치도,정선군,8,8,8
건어물가게,강원특별자치도,철원군,0,0,0
건어물가게,강원특별자치도,화천군,4,4,0
건어물가게,강원특별자치도,양구군,0,0,0
건어물가게,강원특별자치도,인제군,39,39,41
건어물가게,강원특별자치도,고성군,39,39,34
건어물가게,강원특별자치도,양양군,48,48,45
건어물가게,전북특별자치도,전주시 완산구,39,39,44
건어물가게,전북특별자치도,전주시 덕진구,24,24,25
건어물가게,전북특별자치도,군산시,112,112,115
건어물가게,전북특별자치도,익산시,39,38,36
건어물가게,전북특별자치도,정읍시,16,16,16
건어물가게,전북특별자치도,남원시,26,26,25
건어물가게,전북특별자치도,김제시,13,13,13
건어물가게,전북특별자치도,완주군,9,9,9
건어물가게,전북특별자치도,진안군,6,6,4
건어물가게,전북특별자치도,무주군,3,3,3
건어물가게,전북특별자치도,장수군,3,3,0
건어물가게,전북특별자치도,임실군,4,4,3
건어물가게,전북특별자치도,순창군,6,6,7
건어물가게,전북특별자치도,고창군,14,14,13
건어물가게,전북특별자치도,부안군,66,65,68
곡물가게,서울특별시,종로구,22,22,22
곡물가게,서울특별시,중구,18,18,19
곡물가게,서울특별시,용산구,15,15,14
곡물가게,서울특별시,성동구,12,12,14
곡물가게,서울특별시,광진구,18,18,20
곡물가게,서울특별시,동대문구,34,34,38
곡물가게,서울특별시,중랑구,35,34,37
곡물가게,서울특별시,성북구,20,20,21
곡물가게,서울특별시,강북구,18,18,19
곡물가게,서울특별시,도봉구,15,15,14
곡물가게,서울특별시,노원구,19,18,18
곡물가게,서울특별시,은평구,25,25,27
곡물가게,서울특별시,서대문구,13,12,17
곡물가게,서울특별시,마포구,17,17,21
곡물가게,서울특별시,양천구,21,23,23
곡물가게,서울특별시,강서구,19,19,22
곡물가게,서울특별시,구로구,25,26,25
곡물가게,서울특별시,금천구,17,19,17
곡물가게,서울특별시,영등포구,40,39,39
곡물가게,서울특별시,동작구,5,5,9
곡물가게,서울특별시,관악구,26,28,28
곡물가게,서울특별시,서초구,17,17,18
곡물가게,서울특별시,강남구,25,25,27
곡물가게,서울특별시,송파구,35,35,34
곡물가게,서울특별시,강동구,25,25,28
곡물가게,전남광주통합특별시,목포시,28,28,27
곡물가게,전남광주통합특별시,여수시,31,31,32
곡물가게,전남광주통합특별시,순천시,35,35,34
곡물가게,전남광주통합특별시,나주시,23,23,23
곡물가게,전남광주통합특별시,광양시,10,10,12
곡물가게,전남광주통합특별시,동구,17,17,18
곡물가게,전남광주통합특별시,서구,13,13,16
곡물가게,전남광주통합특별시,남구,19,19,17
곡물가게,전남광주통합특별시,북구,33,33,31
곡물가게,전남광주통합특별시,광산구,19,19,17
곡물가게,전남광주통합특별시,담양군,14,14,15
곡물가게,전남광주통합특별시,곡성군,11,10,11
곡물가게,전남광주통합특별시,구례군,15,15,16
곡물가게,전남광주통합특별시,고흥군,17,17,17
곡물가게,전남광주통합특별시,보성군,14,14,11
곡물가게,전남광주통합특별시,화순군,13,14,12
곡물가게,전남광주통합특별시,장흥군,14,14,14
곡물가게,전남광주통합특별시,강진군,13,13,16
곡물가게,전남광주통합특별시,해남군,30,30,33
곡물가게,전남광주통합특별시,영암군,15,15,17
곡물가게,전남광주통합특별시,무안군,24,24,25
곡물가게,전남광주통합특별시,함평군,19,19,15
곡물가게,전남광주통합특별시,영광군,19,19,20
곡물가게,전남광주통합특별시,장성군,12,11,11
곡물가게,전남광주통합특별시,완도군,9,10,10
곡물가게,전남광주통합특별시,진도군,16,16,13
곡물가게,전남광주통합특별시,신안군,20,21,21
곡물가게,부산광역시,중구,11,11,12
곡물가게,부산광역시,서구,11,11,13
곡물가게,부산광역시,동구,11,11,13
곡물가게,부산광역시,영도구,9,9,9
곡물가게,부산광역시,부산진구,37,37,43
곡물가게,부산광역시,동래구,31,31,31
곡물가게,부산광역시,남구,14,14,15
곡물가게,부산광역시,북구,18,18,15
곡물가게,부산광역시,해운대구,21,21,24
곡물가게,부산광역시,사하구,19,19,18
곡물가게,부산광역시,금정구,21,21,19
곡물가게,부산광역시,강서구,0,0,0
곡물가게,부산광역시,연제구,22,22,23
곡물가게,부산광역시,수영구,13,13,14
곡물가게,부산광역시,사상구,18,18,20
곡물가게,부산광역시,기장군,13,13,14
곡물가게,대구광역시,중구,17,17,17
곡물가게,대구광역시,동구,20,20,20
곡물가게,대구광역시,서구,20,20,17
곡물가게,대구광역시,남구,32,31,31
곡물가게,대구광역시,북구,26,26,26
곡물가게,대구광역시,수성구,22,22,23
곡물가게,대구광역시,달서구,33,32,32
곡물가게,대구광역시,달성군,16,16,17
곡물가게,대구광역시,군위군,8,8,8
곡물가게,인천광역시,제물포구,19,20,20
곡물가게,인천광역시,영종구,4,4,4
곡물가게,인천광역시,미추홀구,41,41,40
곡물가게,인천광역시,연수구,7,7,9
곡물가게,인천광역시,남동구,29,28,29
곡물가게,인천광역시,부평구,34,34,34
곡물가게,인천광역시,계양구,17,17,16
곡물가게,인천광역시,서해구,23,23,19
곡물가게,인천광역시,검단구,5,5,7
곡물가게,인천광역시,강화군,48,48,47
곡물가게,대전광역시,동구,40,40,42
곡물가게,대전광역시,중구,24,25,22
곡물가게,대전광역시,서구,34,34,32
곡물가게,대전광역시,유성구,24,23,25
곡물가게,대전광역시,대덕구,25,25,26
곡물가게,울산광역시,중구,14,14,13
곡물가게,울산광역시,남구,9,9,10
곡물가게,울산광역시,동구,4,4,4
곡물가게,울산광역시,북구,3,3,3
곡물가게,울산광역시,울주군,14,14,16
곡물가게,세종특별자치시,0,38,36,40
곡물가게,경기도,수원시 장안구,19,19,19
곡물가게,경기도,수원시 권선구,19,19,17
곡물가게,경기도,수원시 팔달구,23,21,24
곡물가게,경기도,수원시 영통구,9,10,10
곡물가게,경기도,성남시 수정구,25,25,26
곡물가게,경기도,성남시 중원구,40,39,41
곡물가게,경기도,성남시 분당구,10,11,15
곡물가게,경기도,의정부시,29,30,29
곡물가게,경기도,안양시 만안구,18,17,18
곡물가게,경기도,안양시 동안구,20,20,19
곡물가게,경기도,부천시 원미구,33,31,35
곡물가게,경기도,부천시 소사구,12,12,11
곡물가게,경기도,부천시 오정구,21,21,21
곡물가게,경기도,광명시,27,27,24
곡물가게,경기도,평택시,70,71,69
곡물가게,경기도,동두천시,4,4,5
곡물가게,경기도,안산시 상록구,23,23,24
곡물가게,경기도,안산시 단원구,23,23,25
곡물가게,경기도,고양시 덕양구,20,21,19
곡물가게,경기도,고양시 일산동구,10,10,8
곡물가게,경기도,고양시 일산서구,13,13,15
곡물가게,경기도,과천시,0,0,0
곡물가게,경기도,구리시,13,13,13
곡물가게,경기도,남양주시,37,36,38
곡물가게,경기도,오산시,16,16,16
곡물가게,경기도,시흥시,34,34,31
곡물가게,경기도,군포시,15,14,14
곡물가게,경기도,의왕시,6,6,6
곡물가게,경기도,하남시,15,15,19
곡물가게,경기도,용인시 처인구,32,32,33
곡물가게,경기도,용인시 기흥구,7,7,6
곡물가게,경기도,용인시 수지구,5,5,6
곡물가게,경기도,파주시,52,52,52
곡물가게,경기도,이천시,43,45,42
곡물가게,경기도,안성시,28,29,30
곡물가게,경기도,김포시,55,56,54
곡물가게,경기도,화성시 만세구,31,30,35
곡물가게,경기도,화성시 효행구,0,0,0
곡물가게,경기도,화성시 병점구,4,4,3
곡물가게,경기도,화성시 동탄구,13,13,12
곡물가게,경기도,광주시,28,27,23
곡물가게,경기도,양주시,32,32,31
곡물가게,경기도,포천시,18,18,15
곡물가게,경기도,여주시,28,28,26
곡물가게,경기도,연천군,13,12,11
곡물가게,경기도,가평군,14,14,12
곡물가게,경기도,양평군,19,18,23
곡물가게,충청북도,청주시 상당구,25,26,22
곡물가게,충청북도,청주시 서원구,12,12,14
곡물가게,충청북도,청주시 흥덕구,15,15,13
곡물가게,충청북도,청주시 청원구,30,30,27
곡물가게,충청북도,충주시,50,51,50
곡물가게,충청북도,제천시,36,36,37
곡물가게,충청북도,보은군,6,6,6
곡물가게,충청북도,옥천군,13,13,13
곡물가게,충청북도,영동군,3,3,5
곡물가게,충청북도,증평군,7,7,6
곡물가게,충청북도,진천군,13,13,14
곡물가게,충청북도,괴산군,15,15,13
곡물가게,충청북도,음성군,22,21,20
곡물가게,충청북도,단양군,24,24,24
곡물가게,충청남도,천안시 동남구,31,33,34
곡물가게,충청남도,천안시 서북구,36,35,33
곡물가게,충청남도,공주시,29,29,27
곡물가게,충청남도,보령시,17,17,17
곡물가게,충청남도,아산시,42,42,37
곡물가게,충청남도,서산시,31,31,35
곡물가게,충청남도,논산시,43,43,41
곡물가게,충청남도,계룡시,4,4,4
곡물가게,충청남도,당진시,44,44,46
곡물가게,충청남도,금산군,10,10,10
곡물가게,충청남도,부여군,19,19,19
곡물가게,충청남도,서천군,14,14,12
곡물가게,충청남도,청양군,28,28,29
곡물가게,충청남도,홍성군,23,24,29
곡물가게,충청남도,예산군,20,20,20
곡물가게,충청남도,태안군,20,20,20
곡물가게,경상북도,포항시 남구,17,17,19
곡물가게,경상북도,포항시 북구,31,30,32
곡물가게,경상북도,경주시,34,34,38
곡물가게,경상북도,김천시,16,16,14
곡물가게,경상북도,안동시,40,39,38
곡물가게,경상북도,구미시,13,12,13
곡물가게,경상북도,영주시,44,44,47
곡물가게,경상북도,영천시,14,14,14
곡물가게,경상북도,상주시,26,27,26
곡물가게,경상북도,문경시,16,16,20
곡물가게,경상북도,경산시,27,27,28
곡물가게,경상북도,의성군,22,22,22
곡물가게,경상북도,청송군,7,7,8
곡물가게,경상북도,영양군,7,7,7
곡물가게,경상북도,영덕군,11,11,11
곡물가게,경상북도,청도군,6,6,5
곡물가게,경상북도,고령군,10,10,10
곡물가게,경상북도,성주군,17,17,15
곡물가게,경상북도,칠곡군,14,14,13
곡물가게,경상북도,예천군,17,17,19
곡물가게,경상북도,봉화군,11,11,10
곡물가게,경상북도,울진군,7,7,8
곡물가게,경상북도,울릉군,0,0,0
곡물가게,경상남도,창원시 의창구,15,15,15
곡물가게,경상남도,창원시 성산구,10,10,8
곡물가게,경상남도,창원시 마산합포구,16,16,15
곡물가게,경상남도,창원시 마산회원구,11,11,14
곡물가게,경상남도,창원시 진해구,8,8,8
곡물가게,경상남도,진주시,14,14,21
곡물가게,경상남도,통영시,9,10,9
곡물가게,경상남도,사천시,16,16,18
곡물가게,경상남도,김해시,35,35,34
곡물가게,경상남도,밀양시,10,10,12
곡물가게,경상남도,거제시,9,9,9
곡물가게,경상남도,양산시,25,26,28
곡물가게,경상남도,의령군,4,4,0
곡물가게,경상남도,함안군,9,9,7
곡물가게,경상남도,창녕군,9,9,7
곡물가게,경상남도,고성군,12,12,11
곡물가게,경상남도,남해군,4,4,5
곡물가게,경상남도,하동군,15,15,16
곡물가게,경상남도,산청군,9,9,11
곡물가게,경상남도,함양군,9,9,8
곡물가게,경상남도,거창군,22,23,27
곡물가게,경상남도,합천군,14,13,12
곡물가게,제주특별자치도,제주시,62,62,56
곡물가게,제주특별자치도,서귀포시,17,17,14
곡물가게,강원특별자치도,춘천시,27,27,26
곡물가게,강원특별자치도,원주시,42,42,39
곡물가게,강원특별자치도,강릉시,20,20,20
곡물가게,강원특별자치도,동해시,15,15,15
곡물가게,강원특별자치도,태백시,7,7,8
곡물가게,강원특별자치도,속초시,11,11,10
곡물가게,강원특별자치도,삼척시,14,14,15
곡물가게,강원특별자치도,홍천군,26,26,30
곡물가게,강원특별자치도,횡성군,19,19,20
곡물가게,강원특별자치도,영월군,22,22,22
곡물가게,강원특별자치도,평창군,17,17,17
곡물가게,강원특별자치도,정선군,37,37,40
곡물가게,강원특별자치도,철원군,20,20,19
곡물가게,강원특별자치도,화천군,4,4,4
곡물가게,강원특별자치도,양구군,12,12,13
곡물가게,강원특별자치도,인제군,19,20,18
곡물가게,강원특별자치도,고성군,4,3,3
곡물가게,강원특별자치도,양양군,8,7,8
곡물가게,전북특별자치도,전주시 완산구,41,42,40
곡물가게,전북특별자치도,전주시 덕진구,24,25,25
곡물가게,전북특별자치도,군산시,43,43,38
곡물가게,전북특별자치도,익산시,55,56,61
곡물가게,전북특별자치도,정읍시,32,33,34
곡물가게,전북특별자치도,남원시,26,26,27
곡물가게,전북특별자치도,김제시,41,41,42
곡물가게,전북특별자치도,완주군,20,20,21
곡물가게,전북특별자치도,진안군,8,8,8
곡물가게,전북특별자치도,무주군,8,8,8
곡물가게,전북특별자치도,장수군,8,8,10
곡물가게,전북특별자치도,임실군,14,14,17
곡물가게,전북특별자치도,순창군,9,9,8
곡물가게,전북특별자치도,고창군,22,22,21
곡물가게,전북특별자치도,부안군,21,20,21
과일가게,서울특별시,종로구,22,22,26
과일가게,서울특별시,중구,27,27,29
과일가게,서울특별시,용산구,24,24,21
과일가게,서울특별시,성동구,30,32,27
과일가게,서울특별시,광진구,55,55,53
과일가게,서울특별시,동대문구,107,107,98
과일가게,서울특별시,중랑구,54,55,53
과일가게,서울특별시,성북구,49,48,49
과일가게,서울특별시,강북구,50,50,49
과일가게,서울특별시,도봉구,38,38,42
과일가게,서울특별시,노원구,65,65,57
과일가게,서울특별시,은평구,62,62,62
과일가게,서울특별시,서대문구,34,33,31
과일가게,서울특별시,마포구,42,39,37
과일가게,서울특별시,양천구,60,57,60
과일가게,서울특별시,강서구,89,92,90
과일가게,서울특별시,구로구,66,64,67
과일가게,서울특별시,금천구,44,45,48
과일가게,서울특별시,영등포구,76,75,68
과일가게,서울특별시,동작구,51,52,56
과일가게,서울특별시,관악구,69,69,61
과일가게,서울특별시,서초구,30,30,26
과일가게,서울특별시,강남구,61,59,51
과일가게,서울특별시,송파구,99,98,97
과일가게,서울특별시,강동구,73,74,77
과일가게,전남광주통합특별시,목포시,67,67,70
과일가게,전남광주통합특별시,여수시,68,68,72
과일가게,전남광주통합특별시,순천시,87,86,83
과일가게,전남광주통합특별시,나주시,62,63,69
과일가게,전남광주통합특별시,광양시,67,67,72
과일가게,전남광주통합특별시,동구,38,37,38
과일가게,전남광주통합특별시,서구,84,82,69
과일가게,전남광주통합특별시,남구,52,50,52
과일가게,전남광주통합특별시,북구,118,118,124
과일가게,전남광주통합특별시,광산구,108,109,91
과일가게,전남광주통합특별시,담양군,29,29,27
과일가게,전남광주통합특별시,곡성군,15,15,17
과일가게,전남광주통합특별시,구례군,16,15,14
과일가게,전남광주통합특별시,고흥군,26,26,27
과일가게,전남광주통합특별시,보성군,23,23,22
과일가게,전남광주통합특별시,화순군,12,12,12
과일가게,전남광주통합특별시,장흥군,19,19,15
과일가게,전남광주통합특별시,강진군,9,9,13
과일가게,전남광주통합특별시,해남군,18,18,20
과일가게,전남광주통합특별시,영암군,34,34,29
과일가게,전남광주통합특별시,무안군,28,26,25
과일가게,전남광주통합특별시,함평군,10,10,8
과일가게,전남광주통합특별시,영광군,17,16,18
과일가게,전남광주통합특별시,장성군,47,47,51
과일가게,전남광주통합특별시,완도군,11,11,8
과일가게,전남광주통합특별시,진도군,9,9,10
과일가게,전남광주통합특별시,신안군,9,9,9
과일가게,부산광역시,중구,13,12,13
과일가게,부산광역시,서구,26,24,23
과일가게,부산광역시,동구,22,22,27
과일가게,부산광역시,영도구,23,23,20
과일가게,부산광역시,부산진구,110,113,108
과일가게,부산광역시,동래구,59,60,62
과일가게,부산광역시,남구,64,64,58
과일가게,부산광역시,북구,44,44,39
과일가게,부산광역시,해운대구,77,76,70
과일가게,부산광역시,사하구,47,47,41
과일가게,부산광역시,금정구,57,58,50
과일가게,부산광역시,강서구,31,32,26
과일가게,부산광역시,연제구,67,66,63
과일가게,부산광역시,수영구,38,39,38
과일가게,부산광역시,사상구,52,52,56
과일가게,부산광역시,기장군,37,37,36
과일가게,대구광역시,중구,29,29,21
과일가게,대구광역시,동구,58,58,57
과일가게,대구광역시,서구,44,42,46
과일가게,대구광역시,남구,39,37,38
과일가게,대구광역시,북구,103,104,102
과일가게,대구광역시,수성구,83,83,71
과일가게,대구광역시,달서구,96,96,96
과일가게,대구광역시,달성군,56,56,48
과일가게,대구광역시,군위군,8,8,9
과일가게,인천광역시,제물포구,25,26,28
과일가게,인천광역시,영종구,20,19,16
과일가게,인천광역시,미추홀구,90,89,83
과일가게,인천광역시,연수구,35,34,32
과일가게,인천광역시,남동구,103,100,107
과일가게,인천광역시,부평구,73,73,85
과일가게,인천광역시,계양구,61,62,68
과일가게,인천광역시,서해구,82,82,82
과일가게,인천광역시,검단구,24,22,21
과일가게,인천광역시,강화군,22,22,20
과일가게,인천광역시,옹진군,5,5,5
과일가게,대전광역시,동구,61,61,60
과일가게,대전광역시,중구,62,63,57
과일가게,대전광역시,서구,108,108,108
과일가게,대전광역시,유성구,51,52,56
과일가게,대전광역시,대덕구,47,47,41
과일가게,울산광역시,중구,43,42,42
과일가게,울산광역시,남구,51,51,52
과일가게,울산광역시,동구,24,25,23
과일가게,울산광역시,북구,20,20,18
과일가게,울산광역시,울주군,52,51,44
과일가게,세종특별자치시,0,114,118,114
과일가게,경기도,수원시 장안구,40,41,37
과일가게,경기도,수원시 권선구,52,49,42
과일가게,경기도,수원시 팔달구,40,39,40
과일가게,경기도,수원시 영통구,44,45,36
과일가게,경기도,성남시 수정구,48,50,41
과일가게,경기도,성남시 중원구,61,60,52
과일가게,경기도,성남시 분당구,47,47,47
과일가게,경기도,의정부시,95,93,89
과일가게,경기도,안양시 만안구,35,36,44
과일가게,경기도,안양시 동안구,47,47,46
과일가게,경기도,부천시 원미구,92,91,80
과일가게,경기도,부천시 소사구,47,47,50
과일가게,경기도,부천시 오정구,40,40,37
과일가게,경기도,광명시,64,64,61
과일가게,경기도,평택시,102,101,91
과일가게,경기도,동두천시,8,8,9
과일가게,경기도,안산시 상록구,65,67,63
과일가게,경기도,안산시 단원구,75,76,75
과일가게,경기도,고양시 덕양구,67,68,68
과일가게,경기도,고양시 일산동구,42,42,38
과일가게,경기도,고양시 일산서구,44,43,44
과일가게,경기도,과천시,13,13,11
과일가게,경기도,구리시,55,53,50
과일가게,경기도,남양주시,169,171,165
과일가게,경기도,오산시,31,33,34
과일가게,경기도,시흥시,123,122,120
과일가게,경기도,군포시,30,30,32
과일가게,경기도,의왕시,24,24,21
과일가게,경기도,하남시,60,59,54
과일가게,경기도,용인시 처인구,63,63,60
과일가게,경기도,용인시 기흥구,51,49,45
과일가게,경기도,용인시 수지구,22,22,23
과일가게,경기도,파주시,59,58,59
과일가게,경기도,이천시,48,47,45
과일가게,경기도,안성시,115,114,113
과일가게,경기도,김포시,70,69,70
과일가게,경기도,화성시 만세구,103,103,99
과일가게,경기도,화성시 효행구,24,25,25
과일가게,경기도,화성시 병점구,16,16,15
과일가게,경기도,화성시 동탄구,42,43,37
과일가게,경기도,광주시,100,99,92
과일가게,경기도,양주시,51,52,46
과일가게,경기도,포천시,54,54,48
과일가게,경기도,여주시,23,22,20
과일가게,경기도,연천군,14,14,14
과일가게,경기도,가평군,80,80,82
과일가게,경기도,양평군,18,19,15
과일가게,충청북도,청주시 상당구,58,57,52
과일가게,충청북도,청주시 서원구,34,34,33
과일가게,충청북도,청주시 흥덕구,56,59,61
과일가게,충청북도,청주시 청원구,32,32,34
과일가게,충청북도,충주시,96,99,87
과일가게,충청북도,제천시,38,38,42
과일가게,충청북도,보은군,51,50,47
과일가게,충청북도,옥천군,42,42,38
과일가게,충청북도,영동군,153,153,126
과일가게,충청북도,증평군,11,10,10
과일가게,충청북도,진천군,12,12,15
과일가게,충청북도,괴산군,16,16,16
과일가게,충청북도,음성군,54,53,51
과일가게,충청북도,단양군,19,19,18
과일가게,충청남도,천안시 동남구,84,83,82
과일가게,충청남도,천안시 서북구,131,132,133
과일가게,충청남도,공주시,81,79,70
과일가게,충청남도,보령시,26,26,28
과일가게,충청남도,아산시,86,86,85
과일가게,충청남도,서산시,35,35,32
과일가게,충청남도,논산시,74,75,75
과일가게,충청남도,계룡시,10,7,6
과일가게,충청남도,당진시,31,30,30
과일가게,충청남도,금산군,13,13,13
과일가게,충청남도,부여군,43,44,39
과일가게,충청남도,서천군,18,18,19
과일가게,충청남도,청양군,17,18,17
과일가게,충청남도,홍성군,32,32,34
과일가게,충청남도,예산군,52,52,52
과일가게,충청남도,태안군,7,7,6
과일가게,경상북도,포항시 남구,59,60,52
과일가게,경상북도,포항시 북구,91,92,91
과일가게,경상북도,경주시,57,55,53
과일가게,경상북도,김천시,50,50,46
과일가게,경상북도,안동시,81,79,82
과일가게,경상북도,구미시,63,63,43
과일가게,경상북도,영주시,136,137,139
과일가게,경상북도,영천시,43,43,40
과일가게,경상북도,상주시,167,168,166
과일가게,경상북도,문경시,161,158,165
과일가게,경상북도,경산시,91,90,84
과일가게,경상북도,의성군,53,52,53
과일가게,경상북도,청송군,108,108,109
과일가게,경상북도,영양군,23,23,24
과일가게,경상북도,영덕군,54,54,55
과일가게,경상북도,청도군,65,64,56
과일가게,경상북도,고령군,32,32,31
과일가게,경상북도,성주군,31,30,30
과일가게,경상북도,칠곡군,33,33,28
과일가게,경상북도,예천군,41,42,38
과일가게,경상북도,봉화군,47,48,47
과일가게,경상북도,울진군,14,14,15
과일가게,경상북도,울릉군,4,4,3
과일가게,경상남도,창원시 의창구,77,78,80
과일가게,경상남도,창원시 성산구,44,45,41
과일가게,경상남도,창원시 마산합포구,59,57,55
과일가게,경상남도,창원시 마산회원구,48,46,42
과일가게,경상남도,창원시 진해구,29,29,28
과일가게,경상남도,진주시,98,100,92
과일가게,경상남도,통영시,30,29,30
과일가게,경상남도,사천시,34,34,34
과일가게,경상남도,김해시,168,167,156
과일가게,경상남도,밀양시,195,194,214
과일가게,경상남도,거제시,57,58,56
과일가게,경상남도,양산시,46,46,38
과일가게,경상남도,의령군,9,9,8
과일가게,경상남도,함안군,36,37,37
과일가게,경상남도,창녕군,13,13,13
과일가게,경상남도,고성군,15,15,15
과일가게,경상남도,남해군,11,11,10
과일가게,경상남도,하동군,118,120,122
과일가게,경상남도,산청군,170,169,163
과일가게,경상남도,함양군,35,35,34
과일가게,경상남도,거창군,43,43,43
과일가게,경상남도,합천군,9,9,10
과일가게,제주특별자치도,제주시,408,408,391
과일가게,제주특별자치도,서귀포시,804,804,790
과일가게,강원특별자치도,춘천시,47,46,43
과일가게,강원특별자치도,원주시,69,70,71
과일가게,강원특별자치도,강릉시,42,44,42
과일가게,강원특별자치도,동해시,24,23,20
과일가게,강원특별자치도,태백시,11,11,11
과일가게,강원특별자치도,속초시,16,16,17
과일가게,강원특별자치도,삼척시,26,25,24
과일가게,강원특별자치도,홍천군,16,17,17
과일가게,강원특별자치도,횡성군,9,9,10
과일가게,강원특별자치도,영월군,12,12,14
과일가게,강원특별자치도,평창군,13,13,8
과일가게,강원특별자치도,정선군,23,22,17
과일가게,강원특별자치도,철원군,14,12,12
과일가게,강원특별자치도,화천군,10,10,11
과일가게,강원특별자치도,양구군,17,15,15
과일가게,강원특별자치도,인제군,18,18,14
과일가게,강원특별자치도,고성군,3,3,0
과일가게,강원특별자치도,양양군,9,9,10
과일가게,전북특별자치도,전주시 완산구,87,86,81
과일가게,전북특별자치도,전주시 덕진구,71,70,66
과일가게,전북특별자치도,군산시,65,65,63
과일가게,전북특별자치도,익산시,73,73,71
과일가게,전북특별자치도,정읍시,34,34,30
과일가게,전북특별자치도,남원시,28,28,29
과일가게,전북특별자치도,김제시,16,17,17
과일가게,전북특별자치도,완주군,109,107,86
과일가게,전북특별자치도,진안군,15,15,16
과일가게,전북특별자치도,무주군,21,20,19
과일가게,전북특별자치도,장수군,35,35,36
과일가게,전북특별자치도,임실군,6,6,7
과일가게,전북특별자치도,순창군,21,21,21
과일가게,전북특별자치도,고창군,14,14,15
과일가게,전북특별자치도,부안군,20,19,19
꽃가게,서울특별시,종로구,171,172,180
꽃가게,서울특별시,중구,238,238,249
꽃가게,서울특별시,용산구,212,214,220
꽃가게,서울특별시,성동구,145,147,142
꽃가게,서울특별시,광진구,133,131,131
꽃가게,서울특별시,동대문구,109,112,99
꽃가게,서울특별시,중랑구,101,101,103
꽃가게,서울특별시,성북구,136,136,132
꽃가게,서울특별시,강북구,73,73,72
꽃가게,서울특별시,도봉구,72,72,67
꽃가게,서울특별시,노원구,122,123,128
꽃가게,서울특별시,은평구,126,126,119
꽃가게,서울특별시,서대문구,136,137,131
꽃가게,서울특별시,마포구,278,282,265
꽃가게,서울특별시,양천구,136,138,134
꽃가게,서울특별시,강서구,206,204,194
꽃가게,서울특별시,구로구,119,119,123
꽃가게,서울특별시,금천구,68,67,65
꽃가게,서울특별시,영등포구,256,256,252
꽃가게,서울특별시,동작구,120,120,126
꽃가게,서울특별시,관악구,132,131,131
꽃가게,서울특별시,서초구,729,729,716
꽃가게,서울특별시,강남구,604,604,612
꽃가게,서울특별시,송파구,349,350,337
꽃가게,서울특별시,강동구,202,204,206
꽃가게,전남광주통합특별시,목포시,146,146,142
꽃가게,전남광주통합특별시,여수시,163,162,161
꽃가게,전남광주통합특별시,순천시,231,234,240
꽃가게,전남광주통합특별시,나주시,72,73,69
꽃가게,전남광주통합특별시,광양시,99,98,97
꽃가게,전남광주통합특별시,동구,125,124,123
꽃가게,전남광주통합특별시,서구,217,220,219
꽃가게,전남광주통합특별시,남구,107,108,108
꽃가게,전남광주통합특별시,북구,228,227,229
꽃가게,전남광주통합특별시,광산구,203,200,196
꽃가게,전남광주통합특별시,담양군,58,59,59
꽃가게,전남광주통합특별시,곡성군,25,24,22
꽃가게,전남광주통합특별시,구례군,24,24,23
꽃가게,전남광주통합특별시,고흥군,51,51,53
꽃가게,전남광주통합특별시,보성군,41,42,41
꽃가게,전남광주통합특별시,화순군,52,52,46
꽃가게,전남광주통합특별시,장흥군,34,34,34
꽃가게,전남광주통합특별시,강진군,27,27,24
꽃가게,전남광주통합특별시,해남군,42,42,49
꽃가게,전남광주통합특별시,영암군,28,27,33
꽃가게,전남광주통합특별시,무안군,75,74,71
꽃가게,전남광주통합특별시,함평군,26,27,25
꽃가게,전남광주통합특별시,영광군,44,45,47
꽃가게,전남광주통합특별시,장성군,40,39,36
꽃가게,전남광주통합특별시,완도군,34,35,32
꽃가게,전남광주통합특별시,진도군,28,28,28
꽃가게,전남광주통합특별시,신안군,8,8,8
꽃가게,부산광역시,중구,28,28,26
꽃가게,부산광역시,서구,56,57,63
꽃가게,부산광역시,동구,77,76,74
꽃가게,부산광역시,영도구,39,38,35
꽃가게,부산광역시,부산진구,256,257,250
꽃가게,부산광역시,동래구,135,135,125
꽃가게,부산광역시,남구,116,118,121
꽃가게,부산광역시,북구,70,72,72
꽃가게,부산광역시,해운대구,187,187,188
꽃가게,부산광역시,사하구,85,82,82
꽃가게,부산광역시,금정구,134,136,139
꽃가게,부산광역시,강서구,98,99,94
꽃가게,부산광역시,연제구,95,96,96
꽃가게,부산광역시,수영구,130,127,125
꽃가게,부산광역시,사상구,64,63,65
꽃가게,부산광역시,기장군,95,94,91
꽃가게,대구광역시,중구,139,140,130
꽃가게,대구광역시,동구,151,147,147
꽃가게,대구광역시,서구,61,60,66
꽃가게,대구광역시,남구,104,105,105
꽃가게,대구광역시,북구,218,219,215
꽃가게,대구광역시,수성구,315,314,303
꽃가게,대구광역시,달서구,208,210,211
꽃가게,대구광역시,달성군,110,109,105
꽃가게,대구광역시,군위군,14,14,15
꽃가게,인천광역시,제물포구,46,46,41
꽃가게,인천광역시,영종구,47,45,43
꽃가게,인천광역시,미추홀구,136,138,126
꽃가게,인천광역시,연수구,170,168,161
꽃가게,인천광역시,남동구,350,351,357
꽃가게,인천광역시,부평구,142,144,144
꽃가게,인천광역시,계양구,93,95,90
꽃가게,인천광역시,서해구,136,136,139
꽃가게,인천광역시,검단구,64,62,65
꽃가게,인천광역시,강화군,50,49,51
꽃가게,인천광역시,옹진군,6,6,7
꽃가게,대전광역시,동구,74,73,75
꽃가게,대전광역시,중구,139,140,140
꽃가게,대전광역시,서구,296,293,292
꽃가게,대전광역시,유성구,269,269,272
꽃가게,대전광역시,대덕구,76,76,77
꽃가게,울산광역시,중구,111,113,113
꽃가게,울산광역시,남구,242,246,240
꽃가게,울산광역시,동구,59,59,57
꽃가게,울산광역시,북구,96,97,100
꽃가게,울산광역시,울주군,126,126,129
꽃가게,세종특별자치시,0,153,154,140
꽃가게,경기도,수원시 장안구,121,120,114
꽃가게,경기도,수원시 권선구,129,133,126
꽃가게,경기도,수원시 팔달구,112,114,110
꽃가게,경기도,수원시 영통구,187,189,183
꽃가게,경기도,성남시 수정구,116,114,118
꽃가게,경기도,성남시 중원구,96,95,96
꽃가게,경기도,성남시 분당구,272,272,282
꽃가게,경기도,의정부시,181,178,184
꽃가게,경기도,안양시 만안구,89,89,88
꽃가게,경기도,안양시 동안구,139,137,125
꽃가게,경기도,부천시 원미구,175,176,177
꽃가게,경기도,부천시 소사구,69,69,75
꽃가게,경기도,부천시 오정구,68,68,74
꽃가게,경기도,광명시,228,229,223
꽃가게,경기도,평택시,316,317,313
꽃가게,경기도,동두천시,36,35,35
꽃가게,경기도,안산시 상록구,130,130,132
꽃가게,경기도,안산시 단원구,156,156,162
꽃가게,경기도,고양시 덕양구,320,323,322
꽃가게,경기도,고양시 일산동구,166,166,167
꽃가게,경기도,고양시 일산서구,105,106,110
꽃가게,경기도,과천시,224,226,245
꽃가게,경기도,구리시,109,107,103
꽃가게,경기도,남양주시,258,258,264
꽃가게,경기도,오산시,89,88,78
꽃가게,경기도,시흥시,293,293,288
꽃가게,경기도,군포시,71,72,73
꽃가게,경기도,의왕시,93,94,90
꽃가게,경기도,하남시,167,166,161
꽃가게,경기도,용인시 처인구,211,208,215
꽃가게,경기도,용인시 기흥구,173,172,179
꽃가게,경기도,용인시 수지구,133,135,132
꽃가게,경기도,파주시,195,192,183
꽃가게,경기도,이천시,133,133,140
꽃가게,경기도,안성시,116,115,118
꽃가게,경기도,김포시,215,217,223
꽃가게,경기도,화성시,0,0,0
꽃가게,경기도,화성시 만세구,125,124,122
꽃가게,경기도,화성시 효행구,83,82,75
꽃가게,경기도,화성시 병점구,78,76,79
꽃가게,경기도,화성시 동탄구,168,167,170
꽃가게,경기도,광주시,184,181,181
꽃가게,경기도,양주시,170,171,157
꽃가게,경기도,포천시,85,87,82
꽃가게,경기도,여주시,74,75,73
꽃가게,경기도,연천군,22,22,21
꽃가게,경기도,가평군,39,40,36
꽃가게,경기도,양평군,104,103,104
꽃가게,충청북도,청주시 상당구,150,150,155
꽃가게,충청북도,청주시 서원구,130,130,126
꽃가게,충청북도,청주시 흥덕구,171,172,167
꽃가게,충청북도,청주시 청원구,106,107,103
꽃가게,충청북도,충주시,134,133,130
꽃가게,충청북도,제천시,67,67,65
꽃가게,충청북도,보은군,21,22,22
꽃가게,충청북도,옥천군,85,85,84
꽃가게,충청북도,영동군,23,23,22
꽃가게,충청북도,증평군,22,22,22
꽃가게,충청북도,진천군,33,33,32
꽃가게,충청북도,괴산군,23,22,21
꽃가게,충청북도,음성군,55,55,51
꽃가게,충청북도,단양군,15,15,17
꽃가게,충청남도,천안시 동남구,166,161,166
꽃가게,충청남도,천안시 서북구,170,169,163
꽃가게,충청남도,공주시,74,74,72
꽃가게,충청남도,보령시,61,62,59
꽃가게,충청남도,아산시,190,189,184
꽃가게,충청남도,서산시,121,121,122
꽃가게,충청남도,논산시,86,86,84
꽃가게,충청남도,계룡시,22,22,24
꽃가게,충청남도,당진시,99,99,94
꽃가게,충청남도,금산군,51,51,50
꽃가게,충청남도,부여군,51,50,48
꽃가게,충청남도,서천군,34,34,36
꽃가게,충청남도,청양군,29,29,29
꽃가게,충청남도,홍성군,82,82,74
꽃가게,충청남도,예산군,67,69,71
꽃가게,충청남도,태안군,50,49,48
꽃가게,경상북도,포항시 남구,121,120,121
꽃가게,경상북도,포항시 북구,183,181,188
꽃가게,경상북도,경주시,202,203,201
꽃가게,경상북도,김천시,67,65,62
꽃가게,경상북도,안동시,130,128,128
꽃가게,경상북도,구미시,211,208,203
꽃가게,경상북도,영주시,73,74,77
꽃가게,경상북도,영천시,45,45,43
꽃가게,경상북도,상주시,72,72,71
꽃가게,경상북도,문경시,52,52,57
꽃가게,경상북도,경산시,138,139,142
꽃가게,경상북도,의성군,27,27,31
꽃가게,경상북도,청송군,14,15,15
꽃가게,경상북도,영양군,12,11,12
꽃가게,경상북도,영덕군,22,22,23
꽃가게,경상북도,청도군,42,41,39
꽃가게,경상북도,고령군,23,23,25
꽃가게,경상북도,성주군,24,24,23
꽃가게,경상북도,칠곡군,72,72,69
꽃가게,경상북도,예천군,31,31,33
꽃가게,경상북도,봉화군,19,19,19
꽃가게,경상북도,울진군,31,31,30
꽃가게,경상북도,울릉군,5,5,5
꽃가게,경상남도,창원시 의창구,203,201,204
꽃가게,경상남도,창원시 성산구,158,155,154
꽃가게,경상남도,창원시 마산합포구,121,119,118
꽃가게,경상남도,창원시 마산회원구,99,100,99
꽃가게,경상남도,창원시 진해구,101,100,99
꽃가게,경상남도,진주시,286,284,279
꽃가게,경상남도,통영시,70,70,70
꽃가게,경상남도,사천시,93,94,95
꽃가게,경상남도,김해시,282,284,290
꽃가게,경상남도,밀양시,63,63,58
꽃가게,경상남도,거제시,131,130,138
꽃가게,경상남도,양산시,147,145,145
꽃가게,경상남도,의령군,15,15,14
꽃가게,경상남도,함안군,27,27,29
꽃가게,경상남도,창녕군,28,27,29
꽃가게,경상남도,고성군,43,42,47
꽃가게,경상남도,남해군,23,23,21
꽃가게,경상남도,하동군,44,44,47
꽃가게,경상남도,산청군,30,30,28
꽃가게,경상남도,함양군,31,32,31
꽃가게,경상남도,거창군,51,51,52
꽃가게,경상남도,합천군,21,21,22
꽃가게,제주특별자치도,제주시,362,363,349
꽃가게,제주특별자치도,서귀포시,149,146,143
꽃가게,강원특별자치도,춘천시,177,179,168
꽃가게,강원특별자치도,원주시,204,205,187
꽃가게,강원특별자치도,강릉시,112,113,122
꽃가게,강원특별자치도,동해시,51,50,53
꽃가게,강원특별자치도,태백시,18,18,19
꽃가게,강원특별자치도,속초시,58,58,55
꽃가게,강원특별자치도,삼척시,24,24,23
꽃가게,강원특별자치도,홍천군,44,43,46
꽃가게,강원특별자치도,횡성군,41,41,41
꽃가게,강원특별자치도,영월군,23,23,25
꽃가게,강원특별자치도,평창군,35,34,35
꽃가게,강원특별자치도,정선군,17,17,18
꽃가게,강원특별자치도,철원군,34,33,33
꽃가게,강원특별자치도,화천군,11,11,11
꽃가게,강원특별자치도,양구군,17,17,17
꽃가게,강원특별자치도,인제군,20,20,19
꽃가게,강원특별자치도,고성군,21,21,17
꽃가게,강원특별자치도,양양군,19,19,21
꽃가게,전북특별자치도,전주시 완산구,246,249,248
꽃가게,전북특별자치도,전주시 덕진구,172,172,170
꽃가게,전북특별자치도,군산시,153,152,145
꽃가게,전북특별자치도,익산시,174,174,175
꽃가게,전북특별자치도,정읍시,74,74,73
꽃가게,전북특별자치도,남원시,58,59,57
꽃가게,전북특별자치도,김제시,70,71,71
꽃가게,전북특별자치도,완주군,87,87,82
꽃가게,전북특별자치도,진안군,22,22,24
꽃가게,전북특별자치도,무주군,16,16,16
꽃가게,전북특별자치도,장수군,22,22,26
꽃가게,전북특별자치도,임실군,22,21,20
꽃가게,전북특별자치도,순창군,21,21,20
꽃가게,전북특별자치도,고창군,31,31,29
꽃가게,전북특별자치도,부안군,40,41,41
담배ㆍ복권소매업,서울특별시,종로구,100,100,100
담배ㆍ복권소매업,서울특별시,중구,132,134,125
담배ㆍ복권소매업,서울특별시,용산구,67,68,64
담배ㆍ복권소매업,서울특별시,성동구,74,74,72
담배ㆍ복권소매업,서울특별시,광진구,63,63,63
담배ㆍ복권소매업,서울특별시,동대문구,100,100,101
담배ㆍ복권소매업,서울특별시,중랑구,92,93,86
담배ㆍ복권소매업,서울특별시,성북구,92,93,88
담배ㆍ복권소매업,서울특별시,강북구,83,83,81
담배ㆍ복권소매업,서울특별시,도봉구,50,51,54
담배ㆍ복권소매업,서울특별시,노원구,70,70,72
담배ㆍ복권소매업,서울특별시,은평구,79,77,76
담배ㆍ복권소매업,서울특별시,서대문구,71,71,68
담배ㆍ복권소매업,서울특별시,마포구,99,99,97
담배ㆍ복권소매업,서울특별시,양천구,44,44,40
담배ㆍ복권소매업,서울특별시,강서구,107,109,112
담배ㆍ복권소매업,서울특별시,구로구,91,91,86
담배ㆍ복권소매업,서울특별시,금천구,54,54,51
담배ㆍ복권소매업,서울특별시,영등포구,137,138,136
담배ㆍ복권소매업,서울특별시,동작구,75,75,79
담배ㆍ복권소매업,서울특별시,관악구,115,116,117
담배ㆍ복권소매업,서울특별시,서초구,77,77,75
담배ㆍ복권소매업,서울특별시,강남구,111,113,113
담배ㆍ복권소매업,서울특별시,송파구,87,89,78
담배ㆍ복권소매업,서울특별시,강동구,88,88,83
담배ㆍ복권소매업,전남광주통합특별시,목포시,79,79,80
담배ㆍ복권소매업,전남광주통합특별시,여수시,56,58,63
담배ㆍ복권소매업,전남광주통합특별시,순천시,53,54,55
담배ㆍ복권소매업,전남광주통합특별시,나주시,23,24,27
담배ㆍ복권소매업,전남광주통합특별시,광양시,21,21,19
담배ㆍ복권소매업,전남광주통합특별시,동구,38,38,39
담배ㆍ복권소매업,전남광주통합특별시,서구,57,60,54
담배ㆍ복권소매업,전남광주통합특별시,남구,59,59,60
담배ㆍ복권소매업,전남광주통합특별시,북구,69,69,72
담배ㆍ복권소매업,전남광주통합특별시,광산구,52,54,52
담배ㆍ복권소매업,전남광주통합특별시,담양군,10,11,12
담배ㆍ복권소매업,전남광주통합특별시,곡성군,28,29,29
담배ㆍ복권소매업,전남광주통합특별시,구례군,15,15,14
담배ㆍ복권소매업,전남광주통합특별시,고흥군,45,45,48
담배ㆍ복권소매업,전남광주통합특별시,보성군,21,21,20
담배ㆍ복권소매업,전남광주통합특별시,화순군,19,19,20
담배ㆍ복권소매업,전남광주통합특별시,장흥군,34,34,37
담배ㆍ복권소매업,전남광주통합특별시,강진군,26,27,29
담배ㆍ복권소매업,전남광주통합특별시,해남군,53,54,58
담배ㆍ복권소매업,전남광주통합특별시,영암군,14,14,17
담배ㆍ복권소매업,전남광주통합특별시,무안군,30,30,32
담배ㆍ복권소매업,전남광주통합특별시,함평군,11,11,10
담배ㆍ복권소매업,전남광주통합특별시,영광군,22,22,25
담배ㆍ복권소매업,전남광주통합특별시,장성군,20,20,21
담배ㆍ복권소매업,전남광주통합특별시,완도군,62,63,71
담배ㆍ복권소매업,전남광주통합특별시,진도군,24,24,23
담배ㆍ복권소매업,전남광주통합특별시,신안군,33,33,36
담배ㆍ복권소매업,부산광역시,중구,57,57,56
담배ㆍ복권소매업,부산광역시,서구,48,49,51
담배ㆍ복권소매업,부산광역시,동구,55,55,59
담배ㆍ복권소매업,부산광역시,영도구,56,59,62
담배ㆍ복권소매업,부산광역시,부산진구,126,126,126
담배ㆍ복권소매업,부산광역시,동래구,55,56,54
담배ㆍ복권소매업,부산광역시,남구,62,63,62
담배ㆍ복권소매업,부산광역시,북구,44,44,47
담배ㆍ복권소매업,부산광역시,해운대구,85,85,81
담배ㆍ복권소매업,부산광역시,사하구,92,93,92
담배ㆍ복권소매업,부산광역시,금정구,82,83,81
담배ㆍ복권소매업,부산광역시,강서구,43,43,39
담배ㆍ복권소매업,부산광역시,연제구,39,39,42
담배ㆍ복권소매업,부산광역시,수영구,43,43,42
담배ㆍ복권소매업,부산광역시,사상구,92,92,92
담배ㆍ복권소매업,부산광역시,기장군,37,38,37
담배ㆍ복권소매업,대구광역시,중구,63,63,61
담배ㆍ복권소매업,대구광역시,동구,73,73,69
담배ㆍ복권소매업,대구광역시,서구,63,63,62
담배ㆍ복권소매업,대구광역시,남구,41,41,39
담배ㆍ복권소매업,대구광역시,북구,102,104,96
담배ㆍ복권소매업,대구광역시,수성구,53,53,48
담배ㆍ복권소매업,대구광역시,달서구,63,63,64
담배ㆍ복권소매업,대구광역시,달성군,50,51,53
담배ㆍ복권소매업,대구광역시,군위군,16,16,19
담배ㆍ복권소매업,인천광역시,제물포구,41,41,38
담배ㆍ복권소매업,인천광역시,영종구,28,27,24
담배ㆍ복권소매업,인천광역시,미추홀구,89,89,80
담배ㆍ복권소매업,인천광역시,연수구,63,63,54
담배ㆍ복권소매업,인천광역시,남동구,79,79,71
담배ㆍ복권소매업,인천광역시,부평구,105,103,86
담배ㆍ복권소매업,인천광역시,계양구,57,58,54
담배ㆍ복권소매업,인천광역시,서해구,71,73,64
담배ㆍ복권소매업,인천광역시,검단구,36,34,27
담배ㆍ복권소매업,인천광역시,강화군,11,11,11
담배ㆍ복권소매업,인천광역시,옹진군,4,4,5
담배ㆍ복권소매업,대전광역시,동구,71,71,70
담배ㆍ복권소매업,대전광역시,중구,68,68,63
담배ㆍ복권소매업,대전광역시,서구,70,71,69
담배ㆍ복권소매업,대전광역시,유성구,38,40,40
담배ㆍ복권소매업,대전광역시,대덕구,49,49,50
담배ㆍ복권소매업,울산광역시,중구,52,52,53
담배ㆍ복권소매업,울산광역시,남구,68,67,66
담배ㆍ복권소매업,울산광역시,동구,29,29,27
담배ㆍ복권소매업,울산광역시,북구,31,31,30
담배ㆍ복권소매업,울산광역시,울주군,45,44,44
담배ㆍ복권소매업,세종특별자치시,0,46,47,48
담배ㆍ복권소매업,경기도,수원시 장안구,39,39,35
담배ㆍ복권소매업,경기도,수원시 권선구,47,47,48
담배ㆍ복권소매업,경기도,수원시 팔달구,55,55,56
담배ㆍ복권소매업,경기도,수원시 영통구,34,34,29
담배ㆍ복권소매업,경기도,성남시 수정구,56,58,59
담배ㆍ복권소매업,경기도,성남시 중원구,41,41,41
담배ㆍ복권소매업,경기도,성남시 분당구,71,71,62
담배ㆍ복권소매업,경기도,의정부시,81,81,81
담배ㆍ복권소매업,경기도,안양시 만안구,37,37,41
담배ㆍ복권소매업,경기도,안양시 동안구,47,47,44
담배ㆍ복권소매업,경기도,부천시 원미구,81,82,81
담배ㆍ복권소매업,경기도,부천시 소사구,39,39,38
담배ㆍ복권소매업,경기도,부천시 오정구,26,27,26
담배ㆍ복권소매업,경기도,광명시,43,43,41
담배ㆍ복권소매업,경기도,평택시,94,96,89
담배ㆍ복권소매업,경기도,동두천시,26,26,25
담배ㆍ복권소매업,경기도,안산시 상록구,63,62,53
담배ㆍ복권소매업,경기도,안산시 단원구,60,60,50
담배ㆍ복권소매업,경기도,고양시 덕양구,72,71,67
담배ㆍ복권소매업,경기도,고양시 일산동구,52,52,52
담배ㆍ복권소매업,경기도,고양시 일산서구,39,39,37
담배ㆍ복권소매업,경기도,과천시,14,14,9
담배ㆍ복권소매업,경기도,구리시,40,40,40
담배ㆍ복권소매업,경기도,남양주시,90,89,83
담배ㆍ복권소매업,경기도,오산시,42,43,38
담배ㆍ복권소매업,경기도,시흥시,82,81,70
담배ㆍ복권소매업,경기도,군포시,35,35,32
담배ㆍ복권소매업,경기도,의왕시,19,19,15
담배ㆍ복권소매업,경기도,하남시,44,44,40
담배ㆍ복권소매업,경기도,용인시 처인구,46,46,43
담배ㆍ복권소매업,경기도,용인시 기흥구,44,45,42
담배ㆍ복권소매업,경기도,용인시 수지구,18,18,16
담배ㆍ복권소매업,경기도,파주시,99,100,89
담배ㆍ복권소매업,경기도,이천시,54,54,54
담배ㆍ복권소매업,경기도,안성시,33,33,32
담배ㆍ복권소매업,경기도,김포시,73,75,57
담배ㆍ복권소매업,경기도,화성시,0,0,0
담배ㆍ복권소매업,경기도,화성시 만세구,42,43,36
담배ㆍ복권소매업,경기도,화성시 효행구,20,20,21
담배ㆍ복권소매업,경기도,화성시 병점구,10,10,11
담배ㆍ복권소매업,경기도,화성시 동탄구,32,31,20
담배ㆍ복권소매업,경기도,광주시,61,61,58
담배ㆍ복권소매업,경기도,양주시,36,36,34
담배ㆍ복권소매업,경기도,포천시,84,85,88
담배ㆍ복권소매업,경기도,여주시,29,28,28
담배ㆍ복권소매업,경기도,연천군,13,13,13
담배ㆍ복권소매업,경기도,가평군,26,25,24
담배ㆍ복권소매업,경기도,양평군,22,22,23
담배ㆍ복권소매업,충청북도,청주시 상당구,52,51,51
담배ㆍ복권소매업,충청북도,청주시 서원구,43,43,42
담배ㆍ복권소매업,충청북도,청주시 흥덕구,63,64,61
담배ㆍ복권소매업,충청북도,청주시 청원구,44,42,42
담배ㆍ복권소매업,충청북도,충주시,64,64,71
담배ㆍ복권소매업,충청북도,제천시,54,54,59
담배ㆍ복권소매업,충청북도,보은군,20,20,20
담배ㆍ복권소매업,충청북도,옥천군,18,18,19
담배ㆍ복권소매업,충청북도,영동군,26,26,28
담배ㆍ복권소매업,충청북도,증평군,14,14,15
담배ㆍ복권소매업,충청북도,진천군,16,16,16
담배ㆍ복권소매업,충청북도,괴산군,12,12,13
담배ㆍ복권소매업,충청북도,음성군,29,30,32
담배ㆍ복권소매업,충청북도,단양군,14,14,16
담배ㆍ복권소매업,충청남도,천안시 동남구,48,48,47
담배ㆍ복권소매업,충청남도,천안시 서북구,58,58,54
담배ㆍ복권소매업,충청남도,공주시,40,40,42
담배ㆍ복권소매업,충청남도,보령시,31,32,34
담배ㆍ복권소매업,충청남도,아산시,83,83,80
담배ㆍ복권소매업,충청남도,서산시,46,45,42
담배ㆍ복권소매업,충청남도,논산시,51,51,53
담배ㆍ복권소매업,충청남도,계룡시,10,10,8
담배ㆍ복권소매업,충청남도,당진시,37,37,37
담배ㆍ복권소매업,충청남도,금산군,18,18,18
담배ㆍ복권소매업,충청남도,부여군,25,25,27
담배ㆍ복권소매업,충청남도,서천군,25,25,26
담배ㆍ복권소매업,충청남도,청양군,11,12,14
담배ㆍ복권소매업,충청남도,홍성군,25,25,23
담배ㆍ복권소매업,충청남도,예산군,41,41,43
담배ㆍ복권소매업,충청남도,태안군,30,32,29
담배ㆍ복권소매업,경상북도,포항시 남구,58,58,61
담배ㆍ복권소매업,경상북도,포항시 북구,68,68,68
담배ㆍ복권소매업,경상북도,경주시,95,95,99
담배ㆍ복권소매업,경상북도,김천시,50,51,55
담배ㆍ복권소매업,경상북도,안동시,64,64,69
담배ㆍ복권소매업,경상북도,구미시,83,84,88
담배ㆍ복권소매업,경상북도,영주시,53,53,54
담배ㆍ복권소매업,경상북도,영천시,27,27,28
담배ㆍ복권소매업,경상북도,상주시,67,67,73
담배ㆍ복권소매업,경상북도,문경시,62,62,64
담배ㆍ복권소매업,경상북도,경산시,59,60,63
담배ㆍ복권소매업,경상북도,의성군,47,47,46
담배ㆍ복권소매업,경상북도,청송군,18,18,22
담배ㆍ복권소매업,경상북도,영양군,6,6,9
담배ㆍ복권소매업,경상북도,영덕군,34,34,36
담배ㆍ복권소매업,경상북도,청도군,24,25,28
담배ㆍ복권소매업,경상북도,고령군,21,21,22
담배ㆍ복권소매업,경상북도,성주군,23,23,23
담배ㆍ복권소매업,경상북도,칠곡군,32,32,33
담배ㆍ복권소매업,경상북도,예천군,42,42,44
담배ㆍ복권소매업,경상북도,봉화군,19,22,21
담배ㆍ복권소매업,경상북도,울진군,43,43,45
담배ㆍ복권소매업,경상북도,울릉군,11,11,12
담배ㆍ복권소매업,경상남도,창원시 의창구,56,57,54
담배ㆍ복권소매업,경상남도,창원시 성산구,40,40,38
담배ㆍ복권소매업,경상남도,창원시 마산합포구,71,71,71
담배ㆍ복권소매업,경상남도,창원시 마산회원구,62,61,64
담배ㆍ복권소매업,경상남도,창원시 진해구,43,43,50
담배ㆍ복권소매업,경상남도,진주시,113,112,113
담배ㆍ복권소매업,경상남도,통영시,46,46,47
담배ㆍ복권소매업,경상남도,사천시,39,39,43
담배ㆍ복권소매업,경상남도,김해시,110,112,108
담배ㆍ복권소매업,경상남도,밀양시,37,37,37
담배ㆍ복권소매업,경상남도,거제시,43,43,40
담배ㆍ복권소매업,경상남도,양산시,67,67,63
담배ㆍ복권소매업,경상남도,의령군,16,16,18
담배ㆍ복권소매업,경상남도,함안군,24,23,21
담배ㆍ복권소매업,경상남도,창녕군,22,22,24
담배ㆍ복권소매업,경상남도,고성군,11,12,14
담배ㆍ복권소매업,경상남도,남해군,18,18,18
담배ㆍ복권소매업,경상남도,하동군,20,20,20
담배ㆍ복권소매업,경상남도,산청군,23,25,27
담배ㆍ복권소매업,경상남도,함양군,18,18,18
담배ㆍ복권소매업,경상남도,거창군,30,31,33
담배ㆍ복권소매업,경상남도,합천군,45,45,45
담배ㆍ복권소매업,제주특별자치도,제주시,114,114,110
담배ㆍ복권소매업,제주특별자치도,서귀포시,42,42,43
담배ㆍ복권소매업,강원특별자치도,춘천시,47,47,48
담배ㆍ복권소매업,강원특별자치도,원주시,93,93,90
담배ㆍ복권소매업,강원특별자치도,강릉시,51,51,54
담배ㆍ복권소매업,강원특별자치도,동해시,37,38,37
담배ㆍ복권소매업,강원특별자치도,태백시,25,26,27
담배ㆍ복권소매업,강원특별자치도,속초시,30,30,31
담배ㆍ복권소매업,강원특별자치도,삼척시,30,30,29
담배ㆍ복권소매업,강원특별자치도,홍천군,21,21,25
담배ㆍ복권소매업,강원특별자치도,횡성군,13,13,14
담배ㆍ복권소매업,강원특별자치도,영월군,24,24,24
담배ㆍ복권소매업,강원특별자치도,평창군,13,13,12
담배ㆍ복권소매업,강원특별자치도,정선군,22,22,22
담배ㆍ복권소매업,강원특별자치도,철원군,10,10,11
담배ㆍ복권소매업,강원특별자치도,화천군,11,11,11
담배ㆍ복권소매업,강원특별자치도,양구군,9,9,9
담배ㆍ복권소매업,강원특별자치도,인제군,7,7,7
담배ㆍ복권소매업,강원특별자치도,고성군,20,20,20
담배ㆍ복권소매업,강원특별자치도,양양군,10,10,11
담배ㆍ복권소매업,전북특별자치도,전주시 완산구,56,56,55
담배ㆍ복권소매업,전북특별자치도,전주시 덕진구,62,62,60
담배ㆍ복권소매업,전북특별자치도,군산시,86,89,88
담배ㆍ복권소매업,전북특별자치도,익산시,62,62,64
담배ㆍ복권소매업,전북특별자치도,정읍시,37,37,38
담배ㆍ복권소매업,전북특별자치도,남원시,47,47,50
담배ㆍ복권소매업,전북특별자치도,김제시,33,33,35
담배ㆍ복권소매업,전북특별자치도,완주군,26,27,30
담배ㆍ복권소매업,전북특별자치도,진안군,10,10,10
담배ㆍ복권소매업,전북특별자치도,무주군,12,12,12
담배ㆍ복권소매업,전북특별자치도,장수군,19,19,20
담배ㆍ복권소매업,전북특별자치도,임실군,35,35,35
담배ㆍ복권소매업,전북특별자치도,순창군,22,22,22
담배ㆍ복권소매업,전북특별자치도,고창군,22,22,20
담배ㆍ복권소매업,전북특별자치도,부안군,25,26,24
문구점,서울특별시,종로구,68,68,67
문구점,서울특별시,중구,52,51,55
문구점,서울특별시,용산구,38,38,39
문구점,서울특별시,성동구,42,41,46
문구점,서울특별시,광진구,43,42,43
문구점,서울특별시,동대문구,57,57,51
문구점,서울특별시,중랑구,47,48,53
문구점,서울특별시,성북구,58,60,73
문구점,서울특별시,강북구,32,31,35
문구점,서울특별시,도봉구,32,32,37
문구점,서울특별시,노원구,62,64,74
문구점,서울특별시,은평구,46,47,44
문구점,서울특별시,서대문구,49,49,49
문구점,서울특별시,마포구,95,97,94
문구점,서울특별시,양천구,67,65,78
문구점,서울특별시,강서구,87,86,80
문구점,서울특별시,구로구,57,57,56
문구점,서울특별시,금천구,49,49,51
문구점,서울특별시,영등포구,72,72,82
문구점,서울특별시,동작구,55,58,54
문구점,서울특별시,관악구,51,51,52
문구점,서울특별시,서초구,98,99,97
문구점,서울특별시,강남구,96,94,94
문구점,서울특별시,송파구,120,123,126
문구점,서울특별시,강동구,56,55,63
문구점,전남광주통합특별시,목포시,66,68,64
문구점,전남광주통합특별시,여수시,52,52,51
문구점,전남광주통합특별시,순천시,67,66,62
문구점,전남광주통합특별시,나주시,30,30,24
문구점,전남광주통합특별시,광양시,38,40,42
문구점,전남광주통합특별시,동구,34,34,32
문구점,전남광주통합특별시,서구,57,57,60
문구점,전남광주통합특별시,남구,49,49,47
문구점,전남광주통합특별시,북구,60,58,61
문구점,전남광주통합특별시,광산구,83,83,82
문구점,전남광주통합특별시,담양군,20,20,19
문구점,전남광주통합특별시,곡성군,5,5,4
문구점,전남광주통합특별시,구례군,7,7,6
문구점,전남광주통합특별시,고흥군,9,9,10
문구점,전남광주통합특별시,보성군,8,8,8
문구점,전남광주통합특별시,화순군,7,7,8
문구점,전남광주통합특별시,장흥군,8,8,9
문구점,전남광주통합특별시,강진군,6,6,6
문구점,전남광주통합특별시,해남군,15,15,15
문구점,전남광주통합특별시,영암군,9,9,8
문구점,전남광주통합특별시,무안군,20,20,21
문구점,전남광주통합특별시,함평군,3,3,0
문구점,전남광주통합특별시,영광군,8,8,9
문구점,전남광주통합특별시,장성군,16,16,16
문구점,전남광주통합특별시,완도군,17,17,17
문구점,전남광주통합특별시,진도군,7,7,8
문구점,전남광주통합특별시,신안군,0,0,0
문구점,부산광역시,중구,23,23,23
문구점,부산광역시,서구,22,22,21
문구점,부산광역시,동구,19,19,22
문구점,부산광역시,영도구,14,14,16
문구점,부산광역시,부산진구,70,70,73
문구점,부산광역시,동래구,52,52,59
문구점,부산광역시,남구,30,30,37
문구점,부산광역시,북구,26,26,28
문구점,부산광역시,해운대구,64,66,79
문구점,부산광역시,사하구,37,36,40
문구점,부산광역시,금정구,33,33,37
문구점,부산광역시,강서구,31,31,33
문구점,부산광역시,연제구,26,26,32
문구점,부산광역시,수영구,27,28,32
문구점,부산광역시,사상구,30,30,33
문구점,부산광역시,기장군,41,41,40
문구점,대구광역시,중구,43,42,38
문구점,대구광역시,동구,47,47,50
문구점,대구광역시,서구,36,37,36
문구점,대구광역시,남구,25,24,21
문구점,대구광역시,북구,61,61,67
문구점,대구광역시,수성구,84,85,90
문구점,대구광역시,달서구,62,62,65
문구점,대구광역시,달성군,37,37,38
문구점,대구광역시,군위군,0,0,0
문구점,인천광역시,제물포구,34,34,38
문구점,인천광역시,영종구,15,15,16
문구점,인천광역시,미추홀구,72,72,70
문구점,인천광역시,연수구,75,74,66
문구점,인천광역시,남동구,96,97,100
문구점,인천광역시,부평구,84,86,89
문구점,인천광역시,계양구,35,37,39
문구점,인천광역시,서해구,69,70,68
문구점,인천광역시,검단구,34,33,36
문구점,인천광역시,강화군,14,14,14
문구점,인천광역시,옹진군,6,6,5
문구점,대전광역시,동구,38,39,40
문구점,대전광역시,중구,50,51,50
문구점,대전광역시,서구,107,108,103
문구점,대전광역시,유성구,75,75,80
문구점,대전광역시,대덕구,48,48,51
문구점,울산광역시,중구,49,50,54
문구점,울산광역시,남구,50,52,54
문구점,울산광역시,동구,24,24,23
문구점,울산광역시,북구,39,39,38
문구점,울산광역시,울주군,28,28,30
문구점,세종특별자치시,0,104,103,105
문구점,경기도,수원시 장안구,42,42,37
문구점,경기도,수원시 권선구,45,46,54
문구점,경기도,수원시 팔달구,56,57,58
문구점,경기도,수원시 영통구,65,68,72
문구점,경기도,성남시 수정구,35,34,36
문구점,경기도,성남시 중원구,39,40,36
문구점,경기도,성남시 분당구,68,68,72
문구점,경기도,의정부시,79,77,85
문구점,경기도,안양시 만안구,44,44,41
문구점,경기도,안양시 동안구,61,61,60
문구점,경기도,부천시 원미구,85,85,92
문구점,경기도,부천시 소사구,27,27,30
문구점,경기도,부천시 오정구,16,16,15
문구점,경기도,광명시,47,47,44
문구점,경기도,평택시,119,120,134
문구점,경기도,동두천시,16,17,17
문구점,경기도,안산시 상록구,43,44,47
문구점,경기도,안산시 단원구,57,59,62
문구점,경기도,고양시 덕양구,98,101,101
문구점,경기도,고양시 일산동구,61,63,61
문구점,경기도,고양시 일산서구,53,52,59
문구점,경기도,과천시,15,15,15
문구점,경기도,구리시,37,37,38
문구점,경기도,남양주시,151,154,164
문구점,경기도,오산시,47,47,49
문구점,경기도,시흥시,86,85,93
문구점,경기도,군포시,38,40,38
문구점,경기도,의왕시,14,14,16
문구점,경기도,하남시,62,64,63
문구점,경기도,용인시 처인구,43,44,46
문구점,경기도,용인시 기흥구,75,76,83
문구점,경기도,용인시 수지구,54,54,57
문구점,경기도,파주시,103,103,107
문구점,경기도,이천시,33,34,35
문구점,경기도,안성시,42,42,40
문구점,경기도,김포시,92,90,116
문구점,경기도,화성시,0,0,0
문구점,경기도,화성시 만세구,31,32,33
문구점,경기도,화성시 효행구,28,28,25
문구점,경기도,화성시 병점구,19,19,21
문구점,경기도,화성시 동탄구,82,83,88
문구점,경기도,광주시,67,67,71
문구점,경기도,양주시,55,57,55
문구점,경기도,포천시,42,42,37
문구점,경기도,여주시,28,27,29
문구점,경기도,연천군,17,18,15
문구점,경기도,가평군,17,17,18
문구점,경기도,양평군,23,23,22
문구점,충청북도,청주시 상당구,49,47,49
문구점,충청북도,청주시 서원구,37,37,43
문구점,충청북도,청주시 흥덕구,64,63,64
문구점,충청북도,청주시 청원구,41,41,38
문구점,충청북도,충주시,70,69,64
문구점,충청북도,제천시,38,38,41
문구점,충청북도,보은군,9,9,8
문구점,충청북도,옥천군,11,11,12
문구점,충청북도,영동군,7,7,7
문구점,충청북도,증평군,5,5,5
문구점,충청북도,진천군,14,14,13
문구점,충청북도,괴산군,6,7,5
문구점,충청북도,음성군,25,25,27
문구점,충청북도,단양군,11,11,10
문구점,충청남도,천안시 동남구,66,67,75
문구점,충청남도,천안시 서북구,75,72,74
문구점,충청남도,공주시,21,22,26
문구점,충청남도,보령시,28,27,26
문구점,충청남도,아산시,84,85,87
문구점,충청남도,서산시,40,40,38
문구점,충청남도,논산시,36,37,37
문구점,충청남도,계룡시,18,18,18
문구점,충청남도,당진시,36,36,37
문구점,충청남도,금산군,12,12,12
문구점,충청남도,부여군,12,13,12
문구점,충청남도,서천군,18,18,17
문구점,충청남도,청양군,8,8,8
문구점,충청남도,홍성군,28,28,27
문구점,충청남도,예산군,24,24,22
문구점,충청남도,태안군,8,8,8
문구점,경상북도,포항시 남구,54,55,55
문구점,경상북도,포항시 북구,64,66,71
문구점,경상북도,경주시,66,66,63
문구점,경상북도,김천시,21,21,25
문구점,경상북도,안동시,26,26,28
문구점,경상북도,구미시,104,105,110
문구점,경상북도,영주시,16,16,17
문구점,경상북도,영천시,15,15,12
문구점,경상북도,상주시,19,20,20
문구점,경상북도,문경시,22,22,25
문구점,경상북도,경산시,43,43,50
문구점,경상북도,의성군,3,3,3
문구점,경상북도,청송군,6,6,6
문구점,경상북도,영양군,4,4,4
문구점,경상북도,영덕군,4,4,3
문구점,경상북도,청도군,4,5,5
문구점,경상북도,고령군,7,7,7
문구점,경상북도,성주군,6,5,5
문구점,경상북도,칠곡군,21,23,25
문구점,경상북도,예천군,8,8,10
문구점,경상북도,봉화군,3,3,3
문구점,경상북도,울진군,10,10,10
문구점,경상북도,울릉군,4,4,3
문구점,경상남도,창원시 의창구,38,37,32
문구점,경상남도,창원시 성산구,52,52,53
문구점,경상남도,창원시 마산합포구,44,43,41
문구점,경상남도,창원시 마산회원구,35,37,40
문구점,경상남도,창원시 진해구,29,31,35
문구점,경상남도,진주시,92,94,91
문구점,경상남도,통영시,26,26,25
문구점,경상남도,사천시,28,27,24
문구점,경상남도,김해시,102,102,99
문구점,경상남도,밀양시,10,10,8
문구점,경상남도,거제시,37,37,40
문구점,경상남도,양산시,49,49,47
문구점,경상남도,의령군,7,7,8
문구점,경상남도,함안군,9,9,9
문구점,경상남도,창녕군,13,13,11
문구점,경상남도,고성군,11,11,10
문구점,경상남도,남해군,4,4,4
문구점,경상남도,하동군,8,8,8
문구점,경상남도,산청군,5,5,5
문구점,경상남도,함양군,11,11,13
문구점,경상남도,거창군,8,7,6
문구점,경상남도,합천군,4,4,4
문구점,제주특별자치도,제주시,161,161,154
문구점,제주특별자치도,서귀포시,35,35,37
문구점,강원특별자치도,춘천시,72,71,70
문구점,강원특별자치도,원주시,70,70,71
문구점,강원특별자치도,강릉시,57,59,58
문구점,강원특별자치도,동해시,34,35,35
문구점,강원특별자치도,태백시,9,9,10
문구점,강원특별자치도,속초시,18,17,17
문구점,강원특별자치도,삼척시,19,19,18
문구점,강원특별자치도,홍천군,19,19,17
문구점,강원특별자치도,횡성군,11,11,9
문구점,강원특별자치도,영월군,8,8,8
문구점,강원특별자치도,평창군,16,16,15
문구점,강원특별자치도,정선군,9,9,9
문구점,강원특별자치도,철원군,20,20,18
문구점,강원특별자치도,화천군,10,10,9
문구점,강원특별자치도,양구군,8,8,7
문구점,강원특별자치도,인제군,13,13,13
문구점,강원특별자치도,고성군,6,6,6
문구점,강원특별자치도,양양군,4,4,5
문구점,전북특별자치도,전주시 완산구,83,80,86
문구점,전북특별자치도,전주시 덕진구,81,80,76
문구점,전북특별자치도,군산시,81,82,82
문구점,전북특별자치도,익산시,58,57,60
문구점,전북특별자치도,정읍시,15,15,17
문구점,전북특별자치도,남원시,18,18,18
문구점,전북특별자치도,김제시,18,19,17
문구점,전북특별자치도,완주군,24,23,26
문구점,전북특별자치도,진안군,6,6,7
문구점,전북특별자치도,무주군,6,6,7
문구점,전북특별자치도,장수군,4,4,3
문구점,전북특별자치도,임실군,5,5,4
문구점,전북특별자치도,순창군,3,3,3
문구점,전북특별자치도,고창군,9,9,12
문구점,전북특별자치도,부안군,14,14,13
생선가게,서울특별시,종로구,15,15,19
생선가게,서울특별시,중구,28,28,32
생선가게,서울특별시,용산구,13,13,15
생선가게,서울특별시,성동구,12,13,14
생선가게,서울특별시,광진구,29,29,27
생선가게,서울특별시,동대문구,84,86,81
생선가게,서울특별시,중랑구,40,40,42
생선가게,서울특별시,성북구,23,22,27
생선가게,서울특별시,강북구,37,35,34
생선가게,서울특별시,도봉구,27,28,30
생선가게,서울특별시,노원구,27,27,26
생선가게,서울특별시,은평구,41,41,44
생선가게,서울특별시,서대문구,29,29,30
생선가게,서울특별시,마포구,42,42,42
생선가게,서울특별시,양천구,40,40,40
생선가게,서울특별시,강서구,61,60,62
생선가게,서울특별시,구로구,29,29,31
생선가게,서울특별시,금천구,20,21,20
생선가게,서울특별시,영등포구,30,32,32
생선가게,서울특별시,동작구,519,519,533
생선가게,서울특별시,관악구,47,48,50
생선가게,서울특별시,서초구,16,17,14
생선가게,서울특별시,강남구,28,29,32
생선가게,서울특별시,송파구,50,51,54
생선가게,서울특별시,강동구,35,36,34
생선가게,전남광주통합특별시,목포시,422,422,426
생선가게,전남광주통합특별시,여수시,281,281,284
생선가게,전남광주통합특별시,순천시,92,93,94
생선가게,전남광주통합특별시,나주시,47,47,47
생선가게,전남광주통합특별시,광양시,52,53,52
생선가게,전남광주통합특별시,동구,57,57,53
생선가게,전남광주통합특별시,서구,113,112,103
생선가게,전남광주통합특별시,남구,33,33,31
생선가게,전남광주통합특별시,북구,111,109,105
생선가게,전남광주통합특별시,광산구,66,68,66
생선가게,전남광주통합특별시,담양군,7,7,7
생선가게,전남광주통합특별시,곡성군,8,8,4
생선가게,전남광주통합특별시,구례군,8,8,9
생선가게,전남광주통합특별시,고흥군,80,80,79
생선가게,전남광주통합특별시,보성군,53,53,54
생선가게,전남광주통합특별시,화순군,9,9,8
생선가게,전남광주통합특별시,장흥군,34,35,37
생선가게,전남광주통합특별시,강진군,42,42,39
생선가게,전남광주통합특별시,해남군,61,61,53
생선가게,전남광주통합특별시,영암군,19,19,14
생선가게,전남광주통합특별시,무안군,91,89,95
생선가게,전남광주통합특별시,함평군,41,41,35
생선가게,전남광주통합특별시,영광군,258,256,256
생선가게,전남광주통합특별시,장성군,9,9,7
생선가게,전남광주통합특별시,완도군,230,232,223
생선가게,전남광주통합특별시,진도군,44,44,42
생선가게,전남광주통합특별시,신안군,107,107,107
생선가게,부산광역시,중구,76,76,79
생선가게,부산광역시,서구,82,81,72
생선가게,부산광역시,동구,12,10,9
생선가게,부산광역시,영도구,24,24,22
생선가게,부산광역시,부산진구,120,117,115
생선가게,부산광역시,동래구,58,58,55
생선가게,부산광역시,남구,35,35,29
생선가게,부산광역시,북구,47,47,47
생선가게,부산광역시,해운대구,67,66,61
생선가게,부산광역시,사하구,141,138,131
생선가게,부산광역시,금정구,27,27,23
생선가게,부산광역시,강서구,75,75,69
생선가게,부산광역시,연제구,27,27,29
생선가게,부산광역시,수영구,270,269,270
생선가게,부산광역시,사상구,35,36,39
생선가게,부산광역시,기장군,116,116,115
생선가게,대구광역시,중구,20,20,17
생선가게,대구광역시,동구,28,29,33
생선가게,대구광역시,서구,17,16,20
생선가게,대구광역시,남구,27,27,22
생선가게,대구광역시,북구,66,65,71
생선가게,대구광역시,수성구,40,40,40
생선가게,대구광역시,달서구,51,51,55
생선가게,대구광역시,달성군,22,22,20
생선가게,대구광역시,군위군,4,4,4
생선가게,인천광역시,제물포구,141,142,136
생선가게,인천광역시,영종구,27,27,29
생선가게,인천광역시,미추홀구,82,83,85
생선가게,인천광역시,연수구,29,28,23
생선가게,인천광역시,남동구,371,369,366
생선가게,인천광역시,부평구,67,69,71
생선가게,인천광역시,계양구,31,32,33
생선가게,인천광역시,서구,0,0,0
생선가게,인천광역시,서해구,56,51,52
생선가게,인천광역시,검단구,15,16,17
생선가게,인천광역시,강화군,50,51,52
생선가게,인천광역시,옹진군,16,16,13
생선가게,대전광역시,동구,26,28,31
생선가게,대전광역시,중구,34,34,32
생선가게,대전광역시,서구,56,55,53
생선가게,대전광역시,유성구,26,28,23
생선가게,대전광역시,대덕구,26,24,25
생선가게,울산광역시,중구,59,60,59
생선가게,울산광역시,남구,107,109,108
생선가게,울산광역시,동구,143,142,138
생선가게,울산광역시,북구,105,106,106
생선가게,울산광역시,울주군,50,50,52
생선가게,세종특별자치시,0,28,28,27
생선가게,경기도,수원시 장안구,22,22,22
생선가게,경기도,수원시 권선구,20,20,21
생선가게,경기도,수원시 팔달구,31,31,36
생선가게,경기도,수원시 영통구,15,16,20
생선가게,경기도,성남시 수정구,18,18,16
생선가게,경기도,성남시 중원구,35,34,37
생선가게,경기도,성남시 분당구,20,21,21
생선가게,경기도,의정부시,61,62,58
생선가게,경기도,안양시 만안구,29,31,33
생선가게,경기도,안양시 동안구,36,35,31
생선가게,경기도,부천시 원미구,43,44,41
생선가게,경기도,부천시 소사구,25,25,25
생선가게,경기도,부천시 오정구,24,24,23
생선가게,경기도,광명시,30,30,30
생선가게,경기도,평택시,91,90,92
생선가게,경기도,동두천시,14,14,16
생선가게,경기도,안산시 상록구,33,32,25
생선가게,경기도,안산시 단원구,45,45,47
생선가게,경기도,고양시 덕양구,46,47,39
생선가게,경기도,고양시 일산동구,11,11,10
생선가게,경기도,고양시 일산서구,23,25,27
생선가게,경기도,과천시,0,0,0
생선가게,경기도,구리시,26,26,31
생선가게,경기도,남양주시,78,79,78
생선가게,경기도,오산시,29,29,27
생선가게,경기도,시흥시,105,105,103
생선가게,경기도,군포시,14,14,17
생선가게,경기도,의왕시,7,7,7
생선가게,경기도,하남시,38,38,43
생선가게,경기도,용인시 처인구,26,26,29
생선가게,경기도,용인시 기흥구,16,16,19
생선가게,경기도,용인시 수지구,20,19,19
생선가게,경기도,파주시,43,42,43
생선가게,경기도,이천시,20,19,22
생선가게,경기도,안성시,19,17,17
생선가게,경기도,김포시,56,57,49
생선가게,경기도,화성시,0,0,0
생선가게,경기도,화성시 만세구,143,139,148
생선가게,경기도,화성시 효행구,14,14,12
생선가게,경기도,화성시 병점구,10,10,8
생선가게,경기도,화성시 동탄구,21,22,19
생선가게,경기도,광주시,49,50,50
생선가게,경기도,양주시,26,27,23
생선가게,경기도,포천시,18,18,21
생선가게,경기도,여주시,21,21,20
생선가게,경기도,연천군,4,4,4
생선가게,경기도,가평군,0,0,0
생선가게,경기도,양평군,18,18,17
생선가게,충청북도,청주시 상당구,29,29,27
생선가게,충청북도,청주시 서원구,16,16,21
생선가게,충청북도,청주시 흥덕구,29,28,24
생선가게,충청북도,청주시 청원구,15,14,20
생선가게,충청북도,충주시,32,31,31
생선가게,충청북도,제천시,20,20,18
생선가게,충청북도,보은군,5,5,6
생선가게,충청북도,옥천군,17,17,18
생선가게,충청북도,영동군,8,8,8
생선가게,충청북도,증평군,9,9,10
생선가게,충청북도,진천군,11,11,12
생선가게,충청북도,괴산군,4,4,4
생선가게,충청북도,음성군,15,15,16
생선가게,충청북도,단양군,0,0,0
생선가게,충청남도,천안시 동남구,32,32,37
생선가게,충청남도,천안시 서북구,29,30,28
생선가게,충청남도,공주시,15,14,13
생선가게,충청남도,보령시,110,110,103
생선가게,충청남도,아산시,34,34,29
생선가게,충청남도,서산시,106,104,107
생선가게,충청남도,논산시,32,32,31
생선가게,충청남도,계룡시,4,4,4
생선가게,충청남도,당진시,109,105,104
생선가게,충청남도,금산군,15,15,13
생선가게,충청남도,부여군,14,14,15
생선가게,충청남도,서천군,102,102,105
생선가게,충청남도,청양군,7,7,6
생선가게,충청남도,홍성군,41,39,47
생선가게,충청남도,예산군,15,15,15
생선가게,충청남도,태안군,196,196,201
생선가게,경상북도,포항시 남구,199,199,194
생선가게,경상북도,포항시 북구,276,276,270
생선가게,경상북도,경주시,107,108,111
생선가게,경상북도,김천시,13,14,17
생선가게,경상북도,안동시,35,34,36
생선가게,경상북도,구미시,42,41,44
생선가게,경상북도,영주시,23,23,21
생선가게,경상북도,영천시,27,27,24
생선가게,경상북도,상주시,14,14,14
생선가게,경상북도,문경시,13,14,11
생선가게,경상북도,경산시,54,54,52
생선가게,경상북도,의성군,10,10,9
생선가게,경상북도,청송군,8,8,7
생선가게,경상북도,영양군,5,5,5
생선가게,경상북도,영덕군,154,155,145
생선가게,경상북도,청도군,6,6,5
생선가게,경상북도,고령군,6,5,5
생선가게,경상북도,성주군,6,6,5
생선가게,경상북도,칠곡군,13,13,13
생선가게,경상북도,예천군,8,8,7
생선가게,경상북도,봉화군,6,6,6
생선가게,경상북도,울진군,186,185,178
생선가게,경상북도,울릉군,20,20,21
생선가게,경상남도,창원시 의창구,31,31,33
생선가게,경상남도,창원시 성산구,25,25,27
생선가게,경상남도,창원시 마산합포구,114,115,107
생선가게,경상남도,창원시 마산회원구,25,25,21
생선가게,경상남도,창원시 진해구,80,81,84
생선가게,경상남도,진주시,79,78,67
생선가게,경상남도,통영시,191,187,196
생선가게,경상남도,사천시,294,297,284
생선가게,경상남도,김해시,72,71,72
생선가게,경상남도,밀양시,11,11,11
생선가게,경상남도,거제시,123,122,115
생선가게,경상남도,양산시,40,40,43
생선가게,경상남도,의령군,0,0,0
생선가게,경상남도,함안군,3,3,3
생선가게,경상남도,창녕군,8,8,5
생선가게,경상남도,고성군,44,44,45
생선가게,경상남도,남해군,73,74,72
생선가게,경상남도,하동군,35,34,38
생선가게,경상남도,산청군,4,4,4
생선가게,경상남도,함양군,4,4,4
생선가게,경상남도,거창군,16,16,14
생선가게,경상남도,합천군,3,3,3
생선가게,제주특별자치도,제주시,409,411,400
생선가게,제주특별자치도,서귀포시,152,151,149
생선가게,강원특별자치도,춘천시,24,25,19
생선가게,강원특별자치도,원주시,48,49,46
생선가게,강원특별자치도,강릉시,221,221,220
생선가게,강원특별자치도,동해시,86,85,80
생선가게,강원특별자치도,태백시,12,12,13
생선가게,강원특별자치도,속초시,148,148,143
생선가게,강원특별자치도,삼척시,64,64,55
생선가게,강원특별자치도,홍천군,14,13,13
생선가게,강원특별자치도,횡성군,3,3,3
생선가게,강원특별자치도,영월군,8,8,8
생선가게,강원특별자치도,평창군,6,6,6
생선가게,강원특별자치도,정선군,6,6,7
생선가게,강원특별자치도,철원군,10,10,10
생선가게,강원특별자치도,화천군,6,5,5
생선가게,강원특별자치도,양구군,4,4,4
생선가게,강원특별자치도,인제군,7,7,7
생선가게,강원특별자치도,고성군,40,40,40
생선가게,강원특별자치도,양양군,24,23,23
생선가게,전북특별자치도,전주시 완산구,59,57,59
생선가게,전북특별자치도,전주시 덕진구,41,39,39
생선가게,전북특별자치도,군산시,209,202,201
생선가게,전북특별자치도,익산시,59,58,58
생선가게,전북특별자치도,정읍시,40,38,39
생선가게,전북특별자치도,남원시,34,34,32
생선가게,전북특별자치도,김제시,19,19,17
생선가게,전북특별자치도,완주군,16,16,19
생선가게,전북특별자치도,진안군,8,8,7
생선가게,전북특별자치도,무주군,4,4,0
생선가게,전북특별자치도,장수군,6,6,4
생선가게,전북특별자치도,임실군,5,4,3
생선가게,전북특별자치도,순창군,8,8,7
생선가게,전북특별자치도,고창군,55,55,54
생선가게,전북특별자치도,부안군,114,114,110
서점,서울특별시,종로구,89,91,93
서점,서울특별시,중구,87,87,79
서점,서울특별시,용산구,64,64,70
서점,서울특별시,성동구,39,38,42
서점,서울특별시,광진구,56,56,53
서점,서울특별시,동대문구,53,53,52
서점,서울특별시,중랑구,50,50,50
서점,서울특별시,성북구,72,70,64
서점,서울특별시,강북구,52,52,47
서점,서울특별시,도봉구,35,36,43
서점,서울특별시,노원구,86,86,88
서점,서울특별시,은평구,74,76,70
서점,서울특별시,서대문구,77,76,75
서점,서울특별시,마포구,128,126,113
서점,서울특별시,양천구,97,96,94
서점,서울특별시,강서구,80,81,77
서점,서울특별시,구로구,59,58,60
서점,서울특별시,금천구,39,40,45
서점,서울특별시,영등포구,82,79,74
서점,서울특별시,동작구,62,62,61
서점,서울특별시,관악구,56,56,57
서점,서울특별시,서초구,111,111,118
서점,서울특별시,강남구,151,151,153
서점,서울특별시,송파구,116,116,109
서점,서울특별시,강동구,70,70,65
서점,전남광주통합특별시,목포시,55,55,50
서점,전남광주통합특별시,여수시,39,39,38
서점,전남광주통합특별시,순천시,64,64,65
서점,전남광주통합특별시,나주시,21,21,17
서점,전남광주통합특별시,광양시,29,29,28
서점,전남광주통합특별시,동구,45,47,46
서점,전남광주통합특별시,서구,63,63,65
서점,전남광주통합특별시,남구,47,47,45
서점,전남광주통합특별시,북구,85,84,70
서점,전남광주통합특별시,광산구,61,61,62
서점,전남광주통합특별시,담양군,8,8,7
서점,전남광주통합특별시,곡성군,6,6,5
서점,전남광주통합특별시,구례군,5,6,5
서점,전남광주통합특별시,고흥군,0,0,0
서점,전남광주통합특별시,보성군,4,4,4
서점,전남광주통합특별시,화순군,9,9,8
서점,전남광주통합특별시,장흥군,4,4,3
서점,전남광주통합특별시,강진군,0,0,0
서점,전남광주통합특별시,해남군,11,11,9
서점,전남광주통합특별시,영암군,7,7,6
서점,전남광주통합특별시,무안군,12,12,11
서점,전남광주통합특별시,함평군,0,0,0
서점,전남광주통합특별시,영광군,12,12,11
서점,전남광주통합특별시,장성군,4,4,4
서점,전남광주통합특별시,완도군,7,7,8
서점,전남광주통합특별시,진도군,0,0,0
서점,전남광주통합특별시,신안군,0,0,0
서점,부산광역시,중구,27,27,27
서점,부산광역시,서구,20,22,20
서점,부산광역시,동구,21,21,21
서점,부산광역시,영도구,13,13,13
서점,부산광역시,부산진구,67,67,64
서점,부산광역시,동래구,42,42,41
서점,부산광역시,남구,39,39,41
서점,부산광역시,북구,42,43,39
서점,부산광역시,해운대구,78,78,73
서점,부산광역시,사하구,56,57,56
서점,부산광역시,금정구,43,43,42
서점,부산광역시,강서구,29,29,26
서점,부산광역시,연제구,35,35,34
서점,부산광역시,수영구,37,40,40
서점,부산광역시,사상구,33,33,29
서점,부산광역시,기장군,25,24,19
서점,대구광역시,중구,56,56,59
서점,대구광역시,동구,55,55,52
서점,대구광역시,서구,20,19,19
서점,대구광역시,남구,36,36,35
서점,대구광역시,북구,66,67,67
서점,대구광역시,수성구,131,131,128
서점,대구광역시,달서구,99,98,100
서점,대구광역시,달성군,31,30,31
서점,인천광역시,제물포구,32,30,28
서점,인천광역시,영종구,34,35,27
서점,인천광역시,미추홀구,50,51,45
서점,인천광역시,연수구,72,71,79
서점,인천광역시,남동구,70,71,70
서점,인천광역시,부평구,95,98,84
서점,인천광역시,계양구,40,38,36
서점,인천광역시,서구,0,0,0
서점,인천광역시,서해구,66,66,57
서점,인천광역시,검단구,49,49,45
서점,인천광역시,강화군,19,19,15
서점,대전광역시,동구,47,48,47
서점,대전광역시,중구,62,60,60
서점,대전광역시,서구,134,134,129
서점,대전광역시,유성구,103,102,101
서점,대전광역시,대덕구,26,26,24
서점,울산광역시,중구,47,47,47
서점,울산광역시,남구,84,84,77
서점,울산광역시,동구,18,18,19
서점,울산광역시,북구,23,24,24
서점,울산광역시,울주군,34,34,40
서점,세종특별자치시,0,114,115,121
서점,경기도,수원시 장안구,47,45,40
서점,경기도,수원시 권선구,57,55,59
서점,경기도,수원시 팔달구,42,42,46
서점,경기도,수원시 영통구,96,96,98
서점,경기도,성남시 수정구,35,34,33
서점,경기도,성남시 중원구,20,19,17
서점,경기도,성남시 분당구,112,114,105
서점,경기도,의정부시,106,103,86
서점,경기도,안양시 만안구,40,41,41
서점,경기도,안양시 동안구,75,73,62
서점,경기도,부천시 원미구,64,65,66
서점,경기도,부천시 소사구,41,42,35
서점,경기도,부천시 오정구,23,22,26
서점,경기도,광명시,62,63,71
서점,경기도,평택시,102,101,103
서점,경기도,동두천시,15,15,14
서점,경기도,안산시 상록구,48,47,51
서점,경기도,안산시 단원구,50,49,46
서점,경기도,고양시 덕양구,82,82,82
서점,경기도,고양시 일산동구,98,98,96
서점,경기도,고양시 일산서구,79,79,74
서점,경기도,과천시,30,29,28
서점,경기도,구리시,44,44,43
서점,경기도,남양주시,164,166,165
서점,경기도,오산시,45,44,40
서점,경기도,시흥시,83,83,74
서점,경기도,군포시,54,53,56
서점,경기도,의왕시,30,31,28
서점,경기도,하남시,72,71,67
서점,경기도,용인시 처인구,44,43,45
서점,경기도,용인시 기흥구,106,106,110
서점,경기도,용인시 수지구,84,85,91
서점,경기도,파주시,128,130,122
서점,경기도,이천시,23,23,20
서점,경기도,안성시,30,30,32
서점,경기도,김포시,116,115,114
서점,경기도,화성시,0,0,0
서점,경기도,화성시 만세구,20,20,16
서점,경기도,화성시 효행구,27,26,24
서점,경기도,화성시 병점구,23,24,20
서점,경기도,화성시 동탄구,118,117,94
서점,경기도,광주시,57,57,62
서점,경기도,양주시,52,52,52
서점,경기도,포천시,14,14,14
서점,경기도,여주시,10,8,8
서점,경기도,연천군,10,10,10
서점,경기도,가평군,9,9,9
서점,경기도,양평군,35,35,29
서점,충청북도,청주시 상당구,45,46,46
서점,충청북도,청주시 서원구,34,35,37
서점,충청북도,청주시 흥덕구,58,57,53
서점,충청북도,청주시 청원구,29,29,29
서점,충청북도,충주시,48,48,45
서점,충청북도,제천시,23,23,20
서점,충청북도,보은군,6,6,8
서점,충청북도,옥천군,8,8,9
서점,충청북도,영동군,6,6,6
서점,충청북도,증평군,7,7,8
서점,충청북도,진천군,6,5,5
서점,충청북도,괴산군,6,6,6
서점,충청북도,음성군,10,10,9
서점,충청북도,단양군,5,5,3
서점,충청남도,천안시 동남구,62,58,64
서점,충청남도,천안시 서북구,83,84,76
서점,충청남도,공주시,29,29,28
서점,충청남도,보령시,13,14,12
서점,충청남도,아산시,69,69,65
서점,충청남도,서산시,23,23,23
서점,충청남도,논산시,28,28,27
서점,충청남도,계룡시,21,22,18
서점,충청남도,당진시,21,20,21
서점,충청남도,금산군,9,8,8
서점,충청남도,부여군,11,11,13
서점,충청남도,서천군,5,5,4
서점,충청남도,청양군,3,3,0
서점,충청남도,홍성군,20,20,23
서점,충청남도,예산군,11,12,12
서점,충청남도,태안군,0,0,0
서점,경상북도,포항시 남구,47,47,44
서점,경상북도,포항시 북구,73,73,67
서점,경상북도,경주시,56,56,55
서점,경상북도,김천시,20,20,16
서점,경상북도,안동시,40,40,38
서점,경상북도,구미시,94,93,79
서점,경상북도,영주시,19,19,18
서점,경상북도,영천시,14,14,14
서점,경상북도,상주시,10,10,9
서점,경상북도,문경시,9,9,9
서점,경상북도,경산시,57,57,53
서점,경상북도,의성군,0,0,0
서점,경상북도,청송군,4,4,4
서점,경상북도,영양군,0,0,0
서점,경상북도,영덕군,5,5,5
서점,경상북도,청도군,8,8,9
서점,경상북도,고령군,3,3,3
서점,경상북도,성주군,0,0,0
서점,경상북도,칠곡군,12,12,11
서점,경상북도,예천군,11,12,10
서점,경상북도,울진군,7,7,8
서점,경상북도,울릉군,0,0,0
서점,경상남도,창원시 의창구,47,46,43
서점,경상남도,창원시 성산구,63,63,66
서점,경상남도,창원시 마산합포구,30,32,33
서점,경상남도,창원시 마산회원구,36,36,36
서점,경상남도,창원시 진해구,25,25,26
서점,경상남도,진주시,73,72,71
서점,경상남도,통영시,16,15,16
서점,경상남도,사천시,13,12,8
서점,경상남도,김해시,93,93,92
서점,경상남도,밀양시,7,7,7
서점,경상남도,거제시,40,40,42
서점,경상남도,양산시,63,62,62
서점,경상남도,의령군,0,0,0
서점,경상남도,함안군,7,7,7
서점,경상남도,창녕군,0,0,0
서점,경상남도,고성군,4,4,5
서점,경상남도,남해군,6,6,6
서점,경상남도,하동군,11,9,11
서점,경상남도,산청군,3,3,0
서점,경상남도,함양군,3,3,3
서점,경상남도,거창군,12,12,12
서점,경상남도,합천군,5,5,5
서점,제주특별자치도,제주시,169,168,161
서점,제주특별자치도,서귀포시,44,45,43
서점,강원특별자치도,춘천시,60,59,65
서점,강원특별자치도,원주시,92,91,90
서점,강원특별자치도,강릉시,49,49,47
서점,강원특별자치도,동해시,22,22,21
서점,강원특별자치도,태백시,6,6,7
서점,강원특별자치도,속초시,14,14,16
서점,강원특별자치도,삼척시,6,6,7
서점,강원특별자치도,홍천군,0,0,0
서점,강원특별자치도,횡성군,3,3,3
서점,강원특별자치도,영월군,0,0,0
서점,강원특별자치도,평창군,10,10,10
서점,강원특별자치도,정선군,4,4,4
서점,강원특별자치도,철원군,6,6,6
서점,강원특별자치도,화천군,4,4,4
서점,강원특별자치도,양구군,5,5,3
서점,강원특별자치도,인제군,6,6,6
서점,강원특별자치도,고성군,4,4,4
서점,강원특별자치도,양양군,3,3,4
서점,전북특별자치도,전주시 완산구,121,122,127
서점,전북특별자치도,전주시 덕진구,79,80,72
서점,전북특별자치도,군산시,54,55,53
서점,전북특별자치도,익산시,55,57,58
서점,전북특별자치도,정읍시,12,12,13
서점,전북특별자치도,남원시,12,12,12
서점,전북특별자치도,김제시,9,9,8
서점,전북특별자치도,완주군,24,24,22
서점,전북특별자치도,진안군,0,0,0
서점,전북특별자치도,무주군,0,0,0
서점,전북특별자치도,장수군,4,4,3
서점,전북특별자치도,임실군,3,3,0
서점,전북특별자치도,순창군,0,0,0
서점,전북특별자치도,고창군,10,10,7
서점,전북특별자치도,부안군,7,7,8
슈퍼마켓,서울특별시,종로구,120,121,108
슈퍼마켓,서울특별시,중구,145,148,142
슈퍼마켓,서울특별시,용산구,102,105,107
슈퍼마켓,서울특별시,성동구,113,113,106
슈퍼마켓,서울특별시,광진구,121,123,119
슈퍼마켓,서울특별시,동대문구,119,121,136
슈퍼마켓,서울특별시,중랑구,134,137,148
슈퍼마켓,서울특별시,성북구,121,124,126
슈퍼마켓,서울특별시,강북구,93,93,89
슈퍼마켓,서울특별시,도봉구,123,122,92
슈퍼마켓,서울특별시,노원구,128,122,124
슈퍼마켓,서울특별시,은평구,118,118,122
슈퍼마켓,서울특별시,서대문구,99,102,95
슈퍼마켓,서울특별시,마포구,150,145,151
슈퍼마켓,서울특별시,양천구,147,147,153
슈퍼마켓,서울특별시,강서구,189,190,187
슈퍼마켓,서울특별시,구로구,145,147,147
슈퍼마켓,서울특별시,금천구,95,95,92
슈퍼마켓,서울특별시,영등포구,179,177,186
슈퍼마켓,서울특별시,동작구,114,115,112
슈퍼마켓,서울특별시,관악구,160,162,163
슈퍼마켓,서울특별시,서초구,151,147,153
슈퍼마켓,서울특별시,강남구,235,236,244
슈퍼마켓,서울특별시,송파구,194,195,198
슈퍼마켓,서울특별시,강동구,127,129,129
슈퍼마켓,전남광주통합특별시,목포시,117,117,121
슈퍼마켓,전남광주통합특별시,여수시,233,231,235
슈퍼마켓,전남광주통합특별시,순천시,182,179,176
슈퍼마켓,전남광주통합특별시,나주시,59,58,55
슈퍼마켓,전남광주통합특별시,광양시,95,96,94
슈퍼마켓,전남광주통합특별시,동구,61,60,67
슈퍼마켓,전남광주통합특별시,서구,148,150,143
슈퍼마켓,전남광주통합특별시,남구,104,104,104
슈퍼마켓,전남광주통합특별시,북구,207,209,197
슈퍼마켓,전남광주통합특별시,광산구,240,241,231
슈퍼마켓,전남광주통합특별시,담양군,26,26,23
슈퍼마켓,전남광주통합특별시,곡성군,14,14,8
슈퍼마켓,전남광주통합특별시,구례군,17,17,18
슈퍼마켓,전남광주통합특별시,고흥군,40,40,36
슈퍼마켓,전남광주통합특별시,보성군,43,43,32
슈퍼마켓,전남광주통합특별시,화순군,39,39,38
슈퍼마켓,전남광주통합특별시,장흥군,26,26,23
슈퍼마켓,전남광주통합특별시,강진군,33,32,29
슈퍼마켓,전남광주통합특별시,해남군,56,56,47
슈퍼마켓,전남광주통합특별시,영암군,43,43,38
슈퍼마켓,전남광주통합특별시,무안군,49,48,37
슈퍼마켓,전남광주통합특별시,함평군,18,18,14
슈퍼마켓,전남광주통합특별시,영광군,32,32,31
슈퍼마켓,전남광주통합특별시,장성군,22,23,20
슈퍼마켓,전남광주통합특별시,완도군,42,42,45
슈퍼마켓,전남광주통합특별시,진도군,34,34,38
슈퍼마켓,전남광주통합특별시,신안군,32,32,21
슈퍼마켓,부산광역시,중구,63,63,67
슈퍼마켓,부산광역시,서구,45,46,46
슈퍼마켓,부산광역시,동구,65,66,64
슈퍼마켓,부산광역시,영도구,48,47,51
슈퍼마켓,부산광역시,부산진구,170,166,166
슈퍼마켓,부산광역시,동래구,93,93,99
슈퍼마켓,부산광역시,남구,107,108,100
슈퍼마켓,부산광역시,북구,106,109,117
슈퍼마켓,부산광역시,해운대구,141,142,143
슈퍼마켓,부산광역시,사하구,119,124,131
슈퍼마켓,부산광역시,금정구,101,101,108
슈퍼마켓,부산광역시,강서구,83,82,80
슈퍼마켓,부산광역시,연제구,80,82,80
슈퍼마켓,부산광역시,수영구,92,90,86
슈퍼마켓,부산광역시,사상구,94,94,99
슈퍼마켓,부산광역시,기장군,93,96,92
슈퍼마켓,대구광역시,중구,103,102,89
슈퍼마켓,대구광역시,동구,181,180,188
슈퍼마켓,대구광역시,서구,127,127,132
슈퍼마켓,대구광역시,남구,91,91,101
슈퍼마켓,대구광역시,북구,223,226,236
슈퍼마켓,대구광역시,수성구,189,190,201
슈퍼마켓,대구광역시,달서구,257,255,266
슈퍼마켓,대구광역시,달성군,153,155,152
슈퍼마켓,대구광역시,군위군,11,12,12
슈퍼마켓,인천광역시,제물포구,90,91,85
슈퍼마켓,인천광역시,영종구,67,67,62
슈퍼마켓,인천광역시,미추홀구,234,234,234
슈퍼마켓,인천광역시,연수구,162,163,156
슈퍼마켓,인천광역시,남동구,247,248,235
슈퍼마켓,인천광역시,부평구,308,313,331
슈퍼마켓,인천광역시,계양구,125,127,123
슈퍼마켓,인천광역시,서구,0,0,0
슈퍼마켓,인천광역시,서해구,240,236,201
슈퍼마켓,인천광역시,검단구,95,97,100
슈퍼마켓,인천광역시,강화군,49,48,48
슈퍼마켓,인천광역시,옹진군,47,46,50
슈퍼마켓,대전광역시,동구,127,128,138
슈퍼마켓,대전광역시,중구,111,113,120
슈퍼마켓,대전광역시,서구,188,186,178
슈퍼마켓,대전광역시,유성구,157,158,148
슈퍼마켓,대전광역시,대덕구,105,101,98
슈퍼마켓,울산광역시,중구,104,108,113
슈퍼마켓,울산광역시,남구,175,172,174
슈퍼마켓,울산광역시,동구,130,131,125
슈퍼마켓,울산광역시,북구,107,108,107
슈퍼마켓,울산광역시,울주군,132,132,138
슈퍼마켓,세종특별자치시,0,187,188,164
슈퍼마켓,경기도,수원시 장안구,125,122,124
슈퍼마켓,경기도,수원시 권선구,160,165,168
슈퍼마켓,경기도,수원시 팔달구,148,142,146
슈퍼마켓,경기도,수원시 영통구,150,154,157
슈퍼마켓,경기도,성남시 수정구,133,132,132
슈퍼마켓,경기도,성남시 중원구,114,114,111
슈퍼마켓,경기도,성남시 분당구,141,140,150
슈퍼마켓,경기도,의정부시,210,210,216
슈퍼마켓,경기도,안양시 만안구,151,151,153
슈퍼마켓,경기도,안양시 동안구,156,155,152
슈퍼마켓,경기도,부천시 원미구,200,197,197
슈퍼마켓,경기도,부천시 소사구,122,119,117
슈퍼마켓,경기도,부천시 오정구,94,94,96
슈퍼마켓,경기도,광명시,124,122,121
슈퍼마켓,경기도,평택시,439,438,438
슈퍼마켓,경기도,동두천시,62,62,60
슈퍼마켓,경기도,안산시 상록구,182,185,196
슈퍼마켓,경기도,안산시 단원구,251,254,261
슈퍼마켓,경기도,고양시 덕양구,216,213,207
슈퍼마켓,경기도,고양시 일산동구,137,136,140
슈퍼마켓,경기도,고양시 일산서구,105,103,101
슈퍼마켓,경기도,과천시,32,32,33
슈퍼마켓,경기도,구리시,84,82,83
슈퍼마켓,경기도,남양주시,320,325,321
슈퍼마켓,경기도,오산시,129,129,131
슈퍼마켓,경기도,시흥시,354,355,350
슈퍼마켓,경기도,군포시,117,117,133
슈퍼마켓,경기도,의왕시,57,57,57
슈퍼마켓,경기도,하남시,140,140,143
슈퍼마켓,경기도,용인시 처인구,195,192,193
슈퍼마켓,경기도,용인시 기흥구,164,164,161
슈퍼마켓,경기도,용인시 수지구,103,102,103
슈퍼마켓,경기도,파주시,304,308,296
슈퍼마켓,경기도,이천시,99,99,105
슈퍼마켓,경기도,안성시,154,157,155
슈퍼마켓,경기도,김포시,289,289,275
슈퍼마켓,경기도,화성시,0,0,0
슈퍼마켓,경기도,화성시 만세구,240,238,237
슈퍼마켓,경기도,화성시 효행구,79,80,95
슈퍼마켓,경기도,화성시 병점구,71,71,69
슈퍼마켓,경기도,화성시 동탄구,153,154,153
슈퍼마켓,경기도,광주시,230,229,236
슈퍼마켓,경기도,양주시,143,141,134
슈퍼마켓,경기도,포천시,198,199,178
슈퍼마켓,경기도,여주시,70,69,73
슈퍼마켓,경기도,연천군,29,28,28
슈퍼마켓,경기도,가평군,59,59,57
슈퍼마켓,경기도,양평군,69,71,73
슈퍼마켓,충청북도,청주시 상당구,95,97,95
슈퍼마켓,충청북도,청주시 서원구,101,103,102
슈퍼마켓,충청북도,청주시 흥덕구,153,148,157
슈퍼마켓,충청북도,청주시 청원구,81,81,95
슈퍼마켓,충청북도,충주시,115,115,121
슈퍼마켓,충청북도,제천시,61,60,62
슈퍼마켓,충청북도,보은군,30,31,29
슈퍼마켓,충청북도,옥천군,49,50,48
슈퍼마켓,충청북도,영동군,19,20,21
슈퍼마켓,충청북도,증평군,27,27,26
슈퍼마켓,충청북도,진천군,54,54,59
슈퍼마켓,충청북도,괴산군,27,27,29
슈퍼마켓,충청북도,음성군,76,77,70
슈퍼마켓,충청북도,단양군,12,12,14
슈퍼마켓,충청남도,천안시 동남구,162,163,160
슈퍼마켓,충청남도,천안시 서북구,168,167,168
슈퍼마켓,충청남도,공주시,71,70,65
슈퍼마켓,충청남도,보령시,70,71,71
슈퍼마켓,충청남도,아산시,188,192,190
슈퍼마켓,충청남도,서산시,107,106,112
슈퍼마켓,충청남도,논산시,84,86,84
슈퍼마켓,충청남도,계룡시,11,11,14
슈퍼마켓,충청남도,당진시,117,117,127
슈퍼마켓,충청남도,금산군,28,28,30
슈퍼마켓,충청남도,부여군,28,28,29
슈퍼마켓,충청남도,서천군,29,26,27
슈퍼마켓,충청남도,청양군,10,10,11
슈퍼마켓,충청남도,홍성군,49,49,51
슈퍼마켓,충청남도,예산군,50,48,50
슈퍼마켓,충청남도,태안군,45,44,47
슈퍼마켓,경상북도,포항시 남구,136,135,139
슈퍼마켓,경상북도,포항시 북구,149,148,147
슈퍼마켓,경상북도,경주시,237,239,241
슈퍼마켓,경상북도,김천시,77,75,77
슈퍼마켓,경상북도,안동시,95,96,97
슈퍼마켓,경상북도,구미시,238,236,229
슈퍼마켓,경상북도,영주시,50,52,51
슈퍼마켓,경상북도,영천시,73,73,75
슈퍼마켓,경상북도,상주시,45,45,39
슈퍼마켓,경상북도,문경시,35,35,36
슈퍼마켓,경상북도,경산시,138,137,140
슈퍼마켓,경상북도,의성군,19,19,16
슈퍼마켓,경상북도,청송군,13,13,13
슈퍼마켓,경상북도,영양군,9,9,7
슈퍼마켓,경상북도,영덕군,51,50,47
슈퍼마켓,경상북도,청도군,24,24,25
슈퍼마켓,경상북도,고령군,31,32,34
슈퍼마켓,경상북도,성주군,18,17,18
슈퍼마켓,경상북도,칠곡군,86,86,89
슈퍼마켓,경상북도,예천군,21,21,19
슈퍼마켓,경상북도,봉화군,8,8,4
슈퍼마켓,경상북도,울진군,32,31,30
슈퍼마켓,경상북도,울릉군,6,6,5
슈퍼마켓,경상남도,창원시 의창구,111,115,118
슈퍼마켓,경상남도,창원시 성산구,111,112,113
슈퍼마켓,경상남도,창원시 마산합포구,102,103,106
슈퍼마켓,경상남도,창원시 마산회원구,102,102,110
슈퍼마켓,경상남도,창원시 진해구,89,91,85
슈퍼마켓,경상남도,진주시,172,171,172
슈퍼마켓,경상남도,통영시,66,67,71
슈퍼마켓,경상남도,사천시,39,39,39
슈퍼마켓,경상남도,김해시,286,286,295
슈퍼마켓,경상남도,밀양시,65,65,68
슈퍼마켓,경상남도,거제시,112,113,122
슈퍼마켓,경상남도,양산시,199,196,194
슈퍼마켓,경상남도,의령군,10,10,12
슈퍼마켓,경상남도,함안군,40,40,38
슈퍼마켓,경상남도,창녕군,35,36,39
슈퍼마켓,경상남도,고성군,33,33,32
슈퍼마켓,경상남도,남해군,27,26,26
슈퍼마켓,경상남도,하동군,23,24,25
슈퍼마켓,경상남도,산청군,21,21,21
슈퍼마켓,경상남도,함양군,25,25,31
슈퍼마켓,경상남도,거창군,31,31,35
슈퍼마켓,경상남도,합천군,27,27,29
슈퍼마켓,제주특별자치도,제주시,381,378,352
슈퍼마켓,제주특별자치도,서귀포시,98,98,92
슈퍼마켓,강원특별자치도,춘천시,117,120,121
슈퍼마켓,강원특별자치도,원주시,177,178,178
슈퍼마켓,강원특별자치도,강릉시,120,120,121
슈퍼마켓,강원특별자치도,동해시,59,59,60
슈퍼마켓,강원특별자치도,태백시,26,26,22
슈퍼마켓,강원특별자치도,속초시,56,55,50
슈퍼마켓,강원특별자치도,삼척시,36,36,39
슈퍼마켓,강원특별자치도,홍천군,63,64,61
슈퍼마켓,강원특별자치도,횡성군,20,20,21
슈퍼마켓,강원특별자치도,영월군,24,24,26
슈퍼마켓,강원특별자치도,평창군,26,26,26
슈퍼마켓,강원특별자치도,정선군,27,26,29
슈퍼마켓,강원특별자치도,철원군,22,22,20
슈퍼마켓,강원특별자치도,화천군,10,10,10
슈퍼마켓,강원특별자치도,양구군,14,14,14
슈퍼마켓,강원특별자치도,인제군,22,22,20
슈퍼마켓,강원특별자치도,고성군,21,21,22
슈퍼마켓,강원특별자치도,양양군,24,24,23
슈퍼마켓,전북특별자치도,전주시 완산구,200,206,205
슈퍼마켓,전북특별자치도,전주시 덕진구,174,174,175
슈퍼마켓,전북특별자치도,군산시,210,209,208
슈퍼마켓,전북특별자치도,익산시,146,148,144
슈퍼마켓,전북특별자치도,정읍시,47,48,48
슈퍼마켓,전북특별자치도,남원시,40,40,40
슈퍼마켓,전북특별자치도,김제시,36,37,34
슈퍼마켓,전북특별자치도,완주군,75,77,74
슈퍼마켓,전북특별자치도,진안군,18,18,21
슈퍼마켓,전북특별자치도,무주군,6,6,5
슈퍼마켓,전북특별자치도,장수군,7,7,7
슈퍼마켓,전북특별자치도,임실군,13,13,12
슈퍼마켓,전북특별자치도,순창군,13,13,11
슈퍼마켓,전북특별자치도,고창군,39,40,40
슈퍼마켓,전북특별자치도,부안군,29,30,29
스포츠용품점,서울특별시,종로구,53,51,53
스포츠용품점,서울특별시,중구,89,89,92
스포츠용품점,서울특별시,용산구,68,67,62
스포츠용품점,서울특별시,성동구,65,65,61
스포츠용품점,서울특별시,광진구,62,61,63
스포츠용품점,서울특별시,동대문구,50,50,47
스포츠용품점,서울특별시,중랑구,46,46,50
스포츠용품점,서울특별시,성북구,37,35,37
스포츠용품점,서울특별시,강북구,31,31,34
스포츠용품점,서울특별시,도봉구,95,93,91
스포츠용품점,서울특별시,노원구,50,47,44
스포츠용품점,서울특별시,은평구,48,49,59
스포츠용품점,서울특별시,서대문구,23,21,23
스포츠용품점,서울특별시,마포구,55,57,65
스포츠용품점,서울특별시,양천구,60,59,57
스포츠용품점,서울특별시,강서구,77,78,80
스포츠용품점,서울특별시,구로구,47,47,57
스포츠용품점,서울특별시,금천구,78,80,88
스포츠용품점,서울특별시,영등포구,82,83,76
스포츠용품점,서울특별시,동작구,38,38,43
스포츠용품점,서울특별시,관악구,76,77,75
스포츠용품점,서울특별시,서초구,104,106,107
스포츠용품점,서울특별시,강남구,234,236,238
스포츠용품점,서울특별시,송파구,140,143,142
스포츠용품점,서울특별시,강동구,83,83,89
스포츠용품점,전남광주통합특별시,목포시,144,148,145
스포츠용품점,전남광주통합특별시,여수시,162,161,166
스포츠용품점,전남광주통합특별시,순천시,150,152,150
스포츠용품점,전남광주통합특별시,나주시,45,46,46
스포츠용품점,전남광주통합특별시,광양시,61,63,61
스포츠용품점,전남광주통합특별시,동구,58,58,62
스포츠용품점,전남광주통합특별시,서구,118,119,124
스포츠용품점,전남광주통합특별시,남구,50,51,49
스포츠용품점,전남광주통합특별시,북구,103,102,106
스포츠용품점,전남광주통합특별시,광산구,110,113,121
스포츠용품점,전남광주통합특별시,담양군,11,11,13
스포츠용품점,전남광주통합특별시,곡성군,8,7,8
스포츠용품점,전남광주통합특별시,구례군,11,11,10
스포츠용품점,전남광주통합특별시,고흥군,39,38,40
스포츠용품점,전남광주통합특별시,보성군,11,11,12
스포츠용품점,전남광주통합특별시,화순군,27,26,24
스포츠용품점,전남광주통합특별시,장흥군,24,24,25
스포츠용품점,전남광주통합특별시,강진군,27,27,26
스포츠용품점,전남광주통합특별시,해남군,56,56,54
스포츠용품점,전남광주통합특별시,영암군,27,27,28
스포츠용품점,전남광주통합특별시,무안군,43,45,43
스포츠용품점,전남광주통합특별시,함평군,6,6,5
스포츠용품점,전남광주통합특별시,영광군,34,34,35
스포츠용품점,전남광주통합특별시,장성군,8,8,9
스포츠용품점,전남광주통합특별시,완도군,42,42,42
스포츠용품점,전남광주통합특별시,진도군,23,23,23
스포츠용품점,전남광주통합특별시,신안군,11,11,11
스포츠용품점,부산광역시,중구,26,26,25
스포츠용품점,부산광역시,서구,16,16,19
스포츠용품점,부산광역시,동구,20,20,21
스포츠용품점,부산광역시,영도구,19,19,20
스포츠용품점,부산광역시,부산진구,70,70,70
스포츠용품점,부산광역시,동래구,48,48,53
스포츠용품점,부산광역시,남구,42,43,45
스포츠용품점,부산광역시,북구,36,35,39
스포츠용품점,부산광역시,해운대구,84,84,90
스포츠용품점,부산광역시,사하구,49,49,51
스포츠용품점,부산광역시,금정구,52,51,50
스포츠용품점,부산광역시,강서구,77,76,76
스포츠용품점,부산광역시,연제구,45,44,43
스포츠용품점,부산광역시,수영구,37,37,44
스포츠용품점,부산광역시,사상구,41,41,44
스포츠용품점,부산광역시,기장군,79,79,74
스포츠용품점,대구광역시,중구,34,35,38
스포츠용품점,대구광역시,동구,79,79,79
스포츠용품점,대구광역시,서구,36,36,36
스포츠용품점,대구광역시,남구,29,30,27
스포츠용품점,대구광역시,북구,87,89,96
스포츠용품점,대구광역시,수성구,111,110,117
스포츠용품점,대구광역시,달서구,144,147,157
스포츠용품점,대구광역시,달성군,67,68,70
스포츠용품점,대구광역시,군위군,16,16,14
스포츠용품점,인천광역시,제물포구,39,39,44
스포츠용품점,인천광역시,영종구,26,26,25
스포츠용품점,인천광역시,미추홀구,57,56,52
스포츠용품점,인천광역시,연수구,88,89,98
스포츠용품점,인천광역시,남동구,95,98,104
스포츠용품점,인천광역시,부평구,110,111,111
스포츠용품점,인천광역시,계양구,47,47,48
스포츠용품점,인천광역시,서구,0,0,0
스포츠용품점,인천광역시,서해구,117,115,112
스포츠용품점,인천광역시,검단구,46,46,46
스포츠용품점,인천광역시,강화군,27,27,29
스포츠용품점,인천광역시,옹진군,11,12,13
스포츠용품점,대전광역시,동구,66,68,66
스포츠용품점,대전광역시,중구,69,69,66
스포츠용품점,대전광역시,서구,110,108,110
스포츠용품점,대전광역시,유성구,99,100,108
스포츠용품점,대전광역시,대덕구,44,44,45
스포츠용품점,울산광역시,중구,34,33,34
스포츠용품점,울산광역시,남구,93,96,107
스포츠용품점,울산광역시,동구,28,28,28
스포츠용품점,울산광역시,북구,65,63,64
스포츠용품점,울산광역시,울주군,59,60,64
스포츠용품점,세종특별자치시,0,96,100,110
스포츠용품점,경기도,수원시 장안구,46,47,50
스포츠용품점,경기도,수원시 권선구,72,72,64
스포츠용품점,경기도,수원시 팔달구,45,45,50
스포츠용품점,경기도,수원시 영통구,72,72,84
스포츠용품점,경기도,성남시 수정구,53,54,60
스포츠용품점,경기도,성남시 중원구,35,33,35
스포츠용품점,경기도,성남시 분당구,120,122,133
스포츠용품점,경기도,의정부시,124,124,110
스포츠용품점,경기도,안양시 만안구,34,33,33
스포츠용품점,경기도,안양시 동안구,104,105,109
스포츠용품점,경기도,부천시 원미구,110,115,107
스포츠용품점,경기도,부천시 소사구,37,37,34
스포츠용품점,경기도,부천시 오정구,30,30,29
스포츠용품점,경기도,광명시,66,67,69
스포츠용품점,경기도,평택시,202,206,213
스포츠용품점,경기도,동두천시,26,27,26
스포츠용품점,경기도,안산시 상록구,88,87,93
스포츠용품점,경기도,안산시 단원구,86,87,89
스포츠용품점,경기도,고양시 덕양구,140,142,151
스포츠용품점,경기도,고양시 일산동구,112,115,122
스포츠용품점,경기도,고양시 일산서구,107,108,118
스포츠용품점,경기도,과천시,23,23,21
스포츠용품점,경기도,구리시,73,73,83
스포츠용품점,경기도,남양주시,293,296,297
스포츠용품점,경기도,오산시,90,90,101
스포츠용품점,경기도,시흥시,159,157,169
스포츠용품점,경기도,군포시,43,44,42
스포츠용품점,경기도,의왕시,37,37,41
스포츠용품점,경기도,하남시,127,127,127
스포츠용품점,경기도,용인시 처인구,96,97,104
스포츠용품점,경기도,용인시 기흥구,144,144,165
스포츠용품점,경기도,용인시 수지구,78,79,85
스포츠용품점,경기도,파주시,139,141,148
스포츠용품점,경기도,이천시,80,79,83
스포츠용품점,경기도,안성시,86,87,85
스포츠용품점,경기도,김포시,242,246,250
스포츠용품점,경기도,화성시,0,0,0
스포츠용품점,경기도,화성시 만세구,100,100,103
스포츠용품점,경기도,화성시 효행구,47,49,52
스포츠용품점,경기도,화성시 병점구,43,42,41
스포츠용품점,경기도,화성시 동탄구,156,159,164
스포츠용품점,경기도,광주시,161,162,159
스포츠용품점,경기도,양주시,115,114,109
스포츠용품점,경기도,포천시,112,110,107
스포츠용품점,경기도,여주시,75,78,78
스포츠용품점,경기도,연천군,13,13,14
스포츠용품점,경기도,가평군,44,44,43
스포츠용품점,경기도,양평군,47,47,50
스포츠용품점,충청북도,청주시 상당구,72,74,71
스포츠용품점,충청북도,청주시 서원구,71,69,69
스포츠용품점,충청북도,청주시 흥덕구,79,77,77
스포츠용품점,충청북도,청주시 청원구,66,68,70
스포츠용품점,충청북도,충주시,111,113,120
스포츠용품점,충청북도,제천시,80,81,81
스포츠용품점,충청북도,보은군,11,11,12
스포츠용품점,충청북도,옥천군,26,26,24
스포츠용품점,충청북도,영동군,21,21,24
스포츠용품점,충청북도,증평군,19,19,17
스포츠용품점,충청북도,진천군,28,30,30
스포츠용품점,충청북도,괴산군,8,8,7
스포츠용품점,충청북도,음성군,38,38,39
스포츠용품점,충청북도,단양군,15,15,18
스포츠용품점,충청남도,천안시 동남구,96,95,94
스포츠용품점,충청남도,천안시 서북구,108,109,117
스포츠용품점,충청남도,공주시,52,54,51
스포츠용품점,충청남도,보령시,91,91,94
스포츠용품점,충청남도,아산시,132,132,122
스포츠용품점,충청남도,서산시,89,89,96
스포츠용품점,충청남도,논산시,70,72,71
스포츠용품점,충청남도,계룡시,28,29,31
스포츠용품점,충청남도,당진시,76,76,82
스포츠용품점,충청남도,금산군,23,23,20
스포츠용품점,충청남도,부여군,33,34,34
스포츠용품점,충청남도,서천군,43,43,43
스포츠용품점,충청남도,청양군,17,16,15
스포츠용품점,충청남도,홍성군,59,60,63
스포츠용품점,충청남도,예산군,54,55,52
스포츠용품점,충청남도,태안군,74,75,69
스포츠용품점,경상북도,포항시 남구,98,100,105
스포츠용품점,경상북도,포항시 북구,140,141,144
스포츠용품점,경상북도,경주시,146,149,151
스포츠용품점,경상북도,김천시,63,62,68
스포츠용품점,경상북도,안동시,112,112,118
스포츠용품점,경상북도,구미시,149,152,147
스포츠용품점,경상북도,영주시,68,67,65
스포츠용품점,경상북도,영천시,37,37,31
스포츠용품점,경상북도,상주시,45,45,45
스포츠용품점,경상북도,문경시,41,42,45
스포츠용품점,경상북도,경산시,114,116,121
스포츠용품점,경상북도,의성군,16,16,15
스포츠용품점,경상북도,청송군,7,5,5
스포츠용품점,경상북도,영양군,7,7,6
스포츠용품점,경상북도,영덕군,28,29,29
스포츠용품점,경상북도,청도군,8,7,7
스포츠용품점,경상북도,고령군,7,7,10
스포츠용품점,경상북도,성주군,12,12,16
스포츠용품점,경상북도,칠곡군,44,44,52
스포츠용품점,경상북도,예천군,16,16,16
스포츠용품점,경상북도,봉화군,6,6,4
스포츠용품점,경상북도,울진군,43,43,45
스포츠용품점,경상북도,울릉군,8,8,8
스포츠용품점,경상남도,창원시 의창구,60,58,52
스포츠용품점,경상남도,창원시 성산구,80,79,83
스포츠용품점,경상남도,창원시 마산합포구,64,66,65
스포츠용품점,경상남도,창원시 마산회원구,66,66,71
스포츠용품점,경상남도,창원시 진해구,70,71,75
스포츠용품점,경상남도,진주시,142,146,154
스포츠용품점,경상남도,통영시,88,88,92
스포츠용품점,경상남도,사천시,55,56,61
스포츠용품점,경상남도,김해시,154,155,171
스포츠용품점,경상남도,밀양시,33,33,30
스포츠용품점,경상남도,거제시,140,139,146
스포츠용품점,경상남도,양산시,125,126,135
스포츠용품점,경상남도,의령군,6,6,6
스포츠용품점,경상남도,함안군,26,26,25
스포츠용품점,경상남도,창녕군,16,16,18
스포츠용품점,경상남도,고성군,24,24,24
스포츠용품점,경상남도,남해군,31,31,33
스포츠용품점,경상남도,하동군,23,23,21
스포츠용품점,경상남도,산청군,7,7,6
스포츠용품점,경상남도,함양군,11,11,13
스포츠용품점,경상남도,거창군,39,38,37
스포츠용품점,경상남도,합천군,15,15,15
스포츠용품점,제주특별자치도,제주시,345,347,351
스포츠용품점,제주특별자치도,서귀포시,154,156,158
스포츠용품점,강원특별자치도,춘천시,149,150,142
스포츠용품점,강원특별자치도,원주시,182,184,170
스포츠용품점,강원특별자치도,강릉시,106,108,104
스포츠용품점,강원특별자치도,동해시,60,60,60
스포츠용품점,강원특별자치도,태백시,36,35,35
스포츠용품점,강원특별자치도,속초시,74,72,79
스포츠용품점,강원특별자치도,삼척시,53,51,49
스포츠용품점,강원특별자치도,홍천군,51,51,55
스포츠용품점,강원특별자치도,횡성군,27,26,25
스포츠용품점,강원특별자치도,영월군,14,14,17
스포츠용품점,강원특별자치도,평창군,29,29,27
스포츠용품점,강원특별자치도,정선군,22,22,20
스포츠용품점,강원특별자치도,철원군,22,22,22
스포츠용품점,강원특별자치도,화천군,18,18,19
스포츠용품점,강원특별자치도,양구군,5,5,6
스포츠용품점,강원특별자치도,인제군,20,20,21
스포츠용품점,강원특별자치도,고성군,34,32,29
스포츠용품점,강원특별자치도,양양군,35,35,39
스포츠용품점,전북특별자치도,전주시 완산구,193,194,208
스포츠용품점,전북특별자치도,전주시 덕진구,144,145,141
스포츠용품점,전북특별자치도,군산시,137,137,139
스포츠용품점,전북특별자치도,익산시,132,131,139
스포츠용품점,전북특별자치도,정읍시,51,52,55
스포츠용품점,전북특별자치도,남원시,64,62,66
스포츠용품점,전북특별자치도,김제시,57,57,51
스포츠용품점,전북특별자치도,완주군,32,33,26
스포츠용품점,전북특별자치도,진안군,11,11,13
스포츠용품점,전북특별자치도,무주군,24,24,21
스포츠용품점,전북특별자치도,장수군,6,5,6
스포츠용품점,전북특별자치도,임실군,9,9,10
스포츠용품점,전북특별자치도,순창군,15,15,17
스포츠용품점,전북특별자치도,고창군,27,27,27
스포츠용품점,전북특별자치도,부안군,31,31,32
시계ㆍ귀금속점,서울특별시,종로구,561,561,535
시계ㆍ귀금속점,서울특별시,중구,97,99,104
시계ㆍ귀금속점,서울특별시,용산구,34,33,32
시계ㆍ귀금속점,서울특별시,성동구,37,37,36
시계ㆍ귀금속점,서울특별시,광진구,61,62,63
시계ㆍ귀금속점,서울특별시,동대문구,41,41,43
시계ㆍ귀금속점,서울특별시,중랑구,44,45,48
시계ㆍ귀금속점,서울특별시,성북구,44,44,45
시계ㆍ귀금속점,서울특별시,강북구,41,41,39
시계ㆍ귀금속점,서울특별시,도봉구,34,34,36
시계ㆍ귀금속점,서울특별시,노원구,43,42,46
시계ㆍ귀금속점,서울특별시,은평구,58,58,57
시계ㆍ귀금속점,서울특별시,서대문구,33,33,32
시계ㆍ귀금속점,서울특별시,마포구,51,51,44
시계ㆍ귀금속점,서울특별시,양천구,53,53,52
시계ㆍ귀금속점,서울특별시,강서구,67,66,62
시계ㆍ귀금속점,서울특별시,구로구,45,45,43
시계ㆍ귀금속점,서울특별시,금천구,26,27,26
시계ㆍ귀금속점,서울특별시,영등포구,81,81,79
시계ㆍ귀금속점,서울특별시,동작구,38,38,35
시계ㆍ귀금속점,서울특별시,관악구,59,60,60
시계ㆍ귀금속점,서울특별시,서초구,94,94,94
시계ㆍ귀금속점,서울특별시,강남구,201,199,194
시계ㆍ귀금속점,서울특별시,송파구,107,107,100
시계ㆍ귀금속점,서울특별시,강동구,75,77,71
시계ㆍ귀금속점,전남광주통합특별시,목포시,44,44,44
시계ㆍ귀금속점,전남광주통합특별시,여수시,35,36,35
시계ㆍ귀금속점,전남광주통합특별시,순천시,51,51,52
시계ㆍ귀금속점,전남광주통합특별시,나주시,18,18,17
시계ㆍ귀금속점,전남광주통합특별시,광양시,25,25,24
시계ㆍ귀금속점,전남광주통합특별시,동구,89,89,98
시계ㆍ귀금속점,전남광주통합특별시,서구,60,59,58
시계ㆍ귀금속점,전남광주통합특별시,남구,25,25,25
시계ㆍ귀금속점,전남광주통합특별시,북구,74,73,66
시계ㆍ귀금속점,전남광주통합특별시,광산구,40,41,41
시계ㆍ귀금속점,전남광주통합특별시,담양군,6,6,7
시계ㆍ귀금속점,전남광주통합특별시,곡성군,0,0,0
시계ㆍ귀금속점,전남광주통합특별시,구례군,3,3,3
시계ㆍ귀금속점,전남광주통합특별시,고흥군,8,8,8
시계ㆍ귀금속점,전남광주통합특별시,보성군,9,9,9
시계ㆍ귀금속점,전남광주통합특별시,화순군,6,6,6
시계ㆍ귀금속점,전남광주통합특별시,장흥군,4,4,4
시계ㆍ귀금속점,전남광주통합특별시,강진군,8,8,8
시계ㆍ귀금속점,전남광주통합특별시,해남군,12,12,12
시계ㆍ귀금속점,전남광주통합특별시,영암군,9,9,9
시계ㆍ귀금속점,전남광주통합특별시,무안군,12,12,12
시계ㆍ귀금속점,전남광주통합특별시,함평군,0,0,0
시계ㆍ귀금속점,전남광주통합특별시,영광군,6,6,7
시계ㆍ귀금속점,전남광주통합특별시,장성군,5,5,5
시계ㆍ귀금속점,전남광주통합특별시,완도군,3,3,3
시계ㆍ귀금속점,전남광주통합특별시,진도군,3,3,3
시계ㆍ귀금속점,부산광역시,중구,58,58,60
시계ㆍ귀금속점,부산광역시,서구,14,15,13
시계ㆍ귀금속점,부산광역시,동구,55,55,63
시계ㆍ귀금속점,부산광역시,영도구,24,24,25
시계ㆍ귀금속점,부산광역시,부산진구,279,280,270
시계ㆍ귀금속점,부산광역시,동래구,38,38,35
시계ㆍ귀금속점,부산광역시,남구,33,33,31
시계ㆍ귀금속점,부산광역시,북구,39,39,36
시계ㆍ귀금속점,부산광역시,해운대구,73,73,69
시계ㆍ귀금속점,부산광역시,사하구,33,33,35
시계ㆍ귀금속점,부산광역시,금정구,26,26,23
시계ㆍ귀금속점,부산광역시,강서구,11,11,11
시계ㆍ귀금속점,부산광역시,연제구,30,30,27
시계ㆍ귀금속점,부산광역시,수영구,35,36,38
시계ㆍ귀금속점,부산광역시,사상구,58,57,59
시계ㆍ귀금속점,부산광역시,기장군,23,22,21
시계ㆍ귀금속점,대구광역시,중구,236,236,237
시계ㆍ귀금속점,대구광역시,동구,54,53,51
시계ㆍ귀금속점,대구광역시,서구,37,36,34
시계ㆍ귀금속점,대구광역시,남구,39,40,41
시계ㆍ귀금속점,대구광역시,북구,50,49,48
시계ㆍ귀금속점,대구광역시,수성구,54,53,45
시계ㆍ귀금속점,대구광역시,달서구,78,77,71
시계ㆍ귀금속점,대구광역시,달성군,20,22,21
시계ㆍ귀금속점,대구광역시,군위군,0,0,0
시계ㆍ귀금속점,인천광역시,제물포구,28,28,30
시계ㆍ귀금속점,인천광역시,영종구,9,9,9
시계ㆍ귀금속점,인천광역시,미추홀구,58,58,60
시계ㆍ귀금속점,인천광역시,연수구,55,57,52
시계ㆍ귀금속점,인천광역시,남동구,80,79,79
시계ㆍ귀금속점,인천광역시,부평구,75,75,69
시계ㆍ귀금속점,인천광역시,계양구,38,38,37
시계ㆍ귀금속점,인천광역시,서해구,43,43,44
시계ㆍ귀금속점,인천광역시,검단구,18,18,16
시계ㆍ귀금속점,인천광역시,강화군,8,8,8
시계ㆍ귀금속점,대전광역시,동구,66,66,68
시계ㆍ귀금속점,대전광역시,중구,40,39,39
시계ㆍ귀금속점,대전광역시,서구,77,78,76
시계ㆍ귀금속점,대전광역시,유성구,60,59,57
시계ㆍ귀금속점,대전광역시,대덕구,27,27,28
시계ㆍ귀금속점,울산광역시,중구,57,57,61
시계ㆍ귀금속점,울산광역시,남구,87,86,88
시계ㆍ귀금속점,울산광역시,동구,26,26,30
시계ㆍ귀금속점,울산광역시,북구,24,25,24
시계ㆍ귀금속점,울산광역시,울주군,33,33,36
시계ㆍ귀금속점,세종특별자치시,0,34,33,34
시계ㆍ귀금속점,경기도,수원시 장안구,34,34,34
시계ㆍ귀금속점,경기도,수원시 권선구,36,36,35
시계ㆍ귀금속점,경기도,수원시 팔달구,41,41,41
시계ㆍ귀금속점,경기도,수원시 영통구,40,38,35
시계ㆍ귀금속점,경기도,성남시 수정구,28,27,25
시계ㆍ귀금속점,경기도,성남시 중원구,27,28,28
시계ㆍ귀금속점,경기도,성남시 분당구,67,67,70
시계ㆍ귀금속점,경기도,의정부시,69,68,66
시계ㆍ귀금속점,경기도,안양시 만안구,34,34,35
시계ㆍ귀금속점,경기도,안양시 동안구,47,47,44
시계ㆍ귀금속점,경기도,부천시 원미구,74,75,71
시계ㆍ귀금속점,경기도,부천시 소사구,26,26,23
시계ㆍ귀금속점,경기도,부천시 오정구,23,23,23
시계ㆍ귀금속점,경기도,광명시,42,41,37
시계ㆍ귀금속점,경기도,평택시,86,86,81
시계ㆍ귀금속점,경기도,동두천시,11,11,11
시계ㆍ귀금속점,경기도,안산시 상록구,21,21,24
시계ㆍ귀금속점,경기도,안산시 단원구,57,56,55
시계ㆍ귀금속점,경기도,고양시 덕양구,44,45,40
시계ㆍ귀금속점,경기도,고양시 일산동구,39,40,40
시계ㆍ귀금속점,경기도,고양시 일산서구,33,34,33
시계ㆍ귀금속점,경기도,과천시,5,5,3
시계ㆍ귀금속점,경기도,구리시,20,20,23
시계ㆍ귀금속점,경기도,남양주시,79,78,80
시계ㆍ귀금속점,경기도,오산시,30,30,33
시계ㆍ귀금속점,경기도,시흥시,47,47,45
시계ㆍ귀금속점,경기도,군포시,26,25,22
시계ㆍ귀금속점,경기도,의왕시,7,7,9
시계ㆍ귀금속점,경기도,하남시,31,30,25
시계ㆍ귀금속점,경기도,용인시 처인구,23,23,23
시계ㆍ귀금속점,경기도,용인시 기흥구,35,35,30
시계ㆍ귀금속점,경기도,용인시 수지구,28,26,32
시계ㆍ귀금속점,경기도,파주시,58,57,53
시계ㆍ귀금속점,경기도,이천시,35,34,35
시계ㆍ귀금속점,경기도,안성시,24,26,24
시계ㆍ귀금속점,경기도,김포시,62,61,59
시계ㆍ귀금속점,경기도,화성시 만세구,23,23,22
시계ㆍ귀금속점,경기도,화성시 효행구,13,12,11
시계ㆍ귀금속점,경기도,화성시 병점구,14,13,13
시계ㆍ귀금속점,경기도,화성시 동탄구,31,32,30
시계ㆍ귀금속점,경기도,광주시,28,28,26
시계ㆍ귀금속점,경기도,양주시,15,14,15
시계ㆍ귀금속점,경기도,포천시,17,17,15
시계ㆍ귀금속점,경기도,여주시,12,13,13
시계ㆍ귀금속점,경기도,연천군,11,11,11
시계ㆍ귀금속점,경기도,가평군,12,12,12
시계ㆍ귀금속점,경기도,양평군,9,9,9
시계ㆍ귀금속점,충청북도,청주시 상당구,57,57,59
시계ㆍ귀금속점,충청북도,청주시 서원구,19,19,20
시계ㆍ귀금속점,충청북도,청주시 흥덕구,37,38,39
시계ㆍ귀금속점,충청북도,청주시 청원구,22,22,23
시계ㆍ귀금속점,충청북도,충주시,35,35,36
시계ㆍ귀금속점,충청북도,제천시,23,23,25
시계ㆍ귀금속점,충청북도,보은군,4,4,4
시계ㆍ귀금속점,충청북도,옥천군,8,8,8
시계ㆍ귀금속점,충청북도,영동군,8,8,8
시계ㆍ귀금속점,충청북도,증평군,3,3,3
시계ㆍ귀금속점,충청북도,진천군,11,11,12
시계ㆍ귀금속점,충청북도,괴산군,0,0,0
시계ㆍ귀금속점,충청북도,음성군,17,17,18
시계ㆍ귀금속점,충청북도,단양군,4,4,4
시계ㆍ귀금속점,충청남도,천안시 동남구,47,48,48
시계ㆍ귀금속점,충청남도,천안시 서북구,52,51,53
시계ㆍ귀금속점,충청남도,공주시,12,12,13
시계ㆍ귀금속점,충청남도,보령시,12,12,13
시계ㆍ귀금속점,충청남도,아산시,35,35,29
시계ㆍ귀금속점,충청남도,서산시,26,26,26
시계ㆍ귀금속점,충청남도,논산시,27,27,26
시계ㆍ귀금속점,충청남도,계룡시,7,7,6
시계ㆍ귀금속점,충청남도,당진시,15,15,15
시계ㆍ귀금속점,충청남도,금산군,5,5,5
시계ㆍ귀금속점,충청남도,부여군,16,16,16
시계ㆍ귀금속점,충청남도,서천군,12,12,14
시계ㆍ귀금속점,충청남도,청양군,5,5,5
시계ㆍ귀금속점,충청남도,홍성군,22,22,19
시계ㆍ귀금속점,충청남도,예산군,13,13,14
시계ㆍ귀금속점,충청남도,태안군,10,10,10
시계ㆍ귀금속점,경상북도,포항시 남구,39,39,39
시계ㆍ귀금속점,경상북도,포항시 북구,69,69,71
시계ㆍ귀금속점,경상북도,경주시,47,49,48
시계ㆍ귀금속점,경상북도,김천시,23,22,23
시계ㆍ귀금속점,경상북도,안동시,30,31,29
시계ㆍ귀금속점,경상북도,구미시,52,52,54
시계ㆍ귀금속점,경상북도,영주시,21,21,21
시계ㆍ귀금속점,경상북도,영천시,11,11,10
시계ㆍ귀금속점,경상북도,상주시,16,16,15
시계ㆍ귀금속점,경상북도,문경시,17,17,17
시계ㆍ귀금속점,경상북도,경산시,28,28,27
시계ㆍ귀금속점,경상북도,의성군,8,8,8
시계ㆍ귀금속점,경상북도,청송군,3,3,3
시계ㆍ귀금속점,경상북도,영양군,0,0,0
시계ㆍ귀금속점,경상북도,영덕군,8,8,8
시계ㆍ귀금속점,경상북도,청도군,3,3,3
시계ㆍ귀금속점,경상북도,고령군,4,4,4
시계ㆍ귀금속점,경상북도,성주군,4,4,3
시계ㆍ귀금속점,경상북도,칠곡군,9,8,8
시계ㆍ귀금속점,경상북도,예천군,6,6,6
시계ㆍ귀금속점,경상북도,봉화군,7,7,7
시계ㆍ귀금속점,경상북도,울진군,7,7,7
시계ㆍ귀금속점,경상북도,울릉군,0,0,0
시계ㆍ귀금속점,경상남도,창원시 의창구,29,29,29
시계ㆍ귀금속점,경상남도,창원시 성산구,72,74,68
시계ㆍ귀금속점,경상남도,창원시 마산합포구,44,44,47
시계ㆍ귀금속점,경상남도,창원시 마산회원구,36,36,37
시계ㆍ귀금속점,경상남도,창원시 진해구,22,22,26
시계ㆍ귀금속점,경상남도,진주시,86,85,83
시계ㆍ귀금속점,경상남도,통영시,30,30,30
시계ㆍ귀금속점,경상남도,사천시,16,16,15
시계ㆍ귀금속점,경상남도,김해시,92,91,90
시계ㆍ귀금속점,경상남도,밀양시,17,17,16
시계ㆍ귀금속점,경상남도,거제시,26,26,23
시계ㆍ귀금속점,경상남도,양산시,40,39,39
시계ㆍ귀금속점,경상남도,의령군,3,3,3
시계ㆍ귀금속점,경상남도,함안군,7,7,8
시계ㆍ귀금속점,경상남도,창녕군,8,7,7
시계ㆍ귀금속점,경상남도,고성군,10,10,10
시계ㆍ귀금속점,경상남도,남해군,7,7,7
시계ㆍ귀금속점,경상남도,하동군,5,5,6
시계ㆍ귀금속점,경상남도,산청군,0,0,0
시계ㆍ귀금속점,경상남도,함양군,6,6,6
시계ㆍ귀금속점,경상남도,거창군,14,14,15
시계ㆍ귀금속점,경상남도,합천군,7,7,7
시계ㆍ귀금속점,제주특별자치도,제주시,75,76,76
시계ㆍ귀금속점,제주특별자치도,서귀포시,32,34,34
시계ㆍ귀금속점,강원특별자치도,춘천시,38,36,34
시계ㆍ귀금속점,강원특별자치도,원주시,42,42,41
시계ㆍ귀금속점,강원특별자치도,강릉시,23,23,23
시계ㆍ귀금속점,강원특별자치도,동해시,13,13,14
시계ㆍ귀금속점,강원특별자치도,태백시,13,13,15
시계ㆍ귀금속점,강원특별자치도,속초시,14,14,14
시계ㆍ귀금속점,강원특별자치도,삼척시,14,14,14
시계ㆍ귀금속점,강원특별자치도,홍천군,9,9,10
시계ㆍ귀금속점,강원특별자치도,횡성군,5,5,5
시계ㆍ귀금속점,강원특별자치도,영월군,3,3,3
시계ㆍ귀금속점,강원특별자치도,평창군,7,7,7
시계ㆍ귀금속점,강원특별자치도,정선군,8,8,9
시계ㆍ귀금속점,강원특별자치도,철원군,10,10,10
시계ㆍ귀금속점,강원특별자치도,화천군,0,0,0
시계ㆍ귀금속점,강원특별자치도,양구군,3,3,3
시계ㆍ귀금속점,강원특별자치도,인제군,6,6,6
시계ㆍ귀금속점,강원특별자치도,고성군,3,3,3
시계ㆍ귀금속점,강원특별자치도,양양군,0,0,0
시계ㆍ귀금속점,전북특별자치도,전주시 완산구,93,93,89
시계ㆍ귀금속점,전북특별자치도,전주시 덕진구,42,42,44
시계ㆍ귀금속점,전북특별자치도,군산시,47,47,47
시계ㆍ귀금속점,전북특별자치도,익산시,84,84,84
시계ㆍ귀금속점,전북특별자치도,정읍시,15,15,15
시계ㆍ귀금속점,전북특별자치도,남원시,13,13,14
시계ㆍ귀금속점,전북특별자치도,김제시,6,6,7
시계ㆍ귀금속점,전북특별자치도,완주군,8,8,8
시계ㆍ귀금속점,전북특별자치도,진안군,0,0,0
시계ㆍ귀금속점,전북특별자치도,무주군,4,4,4
시계ㆍ귀금속점,전북특별자치도,장수군,0,0,0
시계ㆍ귀금속점,전북특별자치도,임실군,3,3,4
시계ㆍ귀금속점,전북특별자치도,순창군,6,6,6
시계ㆍ귀금속점,전북특별자치도,고창군,7,7,6
시계ㆍ귀금속점,전북특별자치도,부안군,8,9,9
식료품가게,서울특별시,종로구,229,230,239
식료품가게,서울특별시,중구,358,360,369
식료품가게,서울특별시,용산구,152,151,162
식료품가게,서울특별시,성동구,120,123,133
식료품가게,서울특별시,광진구,146,147,153
식료품가게,서울특별시,동대문구,252,257,258
식료품가게,서울특별시,중랑구,189,191,190
식료품가게,서울특별시,성북구,179,173,182
식료품가게,서울특별시,강북구,161,161,159
식료품가게,서울특별시,도봉구,178,177,152
식료품가게,서울특별시,노원구,194,192,196
식료품가게,서울특별시,은평구,173,173,173
식료품가게,서울특별시,서대문구,128,126,126
식료품가게,서울특별시,마포구,163,166,161
식료품가게,서울특별시,양천구,173,171,181
식료품가게,서울특별시,강서구,245,245,230
식료품가게,서울특별시,구로구,258,264,294
식료품가게,서울특별시,금천구,168,167,161
식료품가게,서울특별시,영등포구,308,309,316
식료품가게,서울특별시,동작구,155,153,164
식료품가게,서울특별시,관악구,196,200,193
식료품가게,서울특별시,서초구,175,172,182
식료품가게,서울특별시,강남구,256,263,255
식료품가게,서울특별시,송파구,254,256,264
식료품가게,서울특별시,강동구,174,171,169
식료품가게,전남광주통합특별시,목포시,374,376,395
식료품가게,전남광주통합특별시,여수시,415,415,432
식료품가게,전남광주통합특별시,순천시,344,350,364
식료품가게,전남광주통합특별시,나주시,191,193,189
식료품가게,전남광주통합특별시,광양시,160,162,162
식료품가게,전남광주통합특별시,동구,156,156,146
식료품가게,전남광주통합특별시,서구,213,213,215
식료품가게,전남광주통합특별시,남구,132,136,146
식료품가게,전남광주통합특별시,북구,406,407,424
식료품가게,전남광주통합특별시,광산구,379,382,395
식료품가게,전남광주통합특별시,담양군,91,91,100
식료품가게,전남광주통합특별시,곡성군,49,49,50
식료품가게,전남광주통합특별시,구례군,92,91,91
식료품가게,전남광주통합특별시,고흥군,150,150,161
식료품가게,전남광주통합특별시,보성군,101,104,111
식료품가게,전남광주통합특별시,화순군,78,78,82
식료품가게,전남광주통합특별시,장흥군,78,77,77
식료품가게,전남광주통합특별시,강진군,79,78,86
식료품가게,전남광주통합특별시,해남군,150,150,154
식료품가게,전남광주통합특별시,영암군,125,121,131
식료품가게,전남광주통합특별시,무안군,126,125,135
식료품가게,전남광주통합특별시,함평군,58,58,56
식료품가게,전남광주통합특별시,영광군,91,92,94
식료품가게,전남광주통합특별시,장성군,86,85,85
식료품가게,전남광주통합특별시,완도군,155,155,163
식료품가게,전남광주통합특별시,진도군,72,72,78
식료품가게,전남광주통합특별시,신안군,108,109,113
식료품가게,부산광역시,중구,180,178,170
식료품가게,부산광역시,서구,119,121,128
식료품가게,부산광역시,동구,115,116,118
식료품가게,부산광역시,영도구,112,111,115
식료품가게,부산광역시,부산진구,281,286,295
식료품가게,부산광역시,동래구,180,181,201
식료품가게,부산광역시,남구,167,168,184
식료품가게,부산광역시,북구,155,154,159
식료품가게,부산광역시,해운대구,201,199,199
식료품가게,부산광역시,사하구,245,247,244
식료품가게,부산광역시,금정구,147,146,150
식료품가게,부산광역시,강서구,137,138,134
식료품가게,부산광역시,연제구,128,129,124
식료품가게,부산광역시,수영구,113,113,109
식료품가게,부산광역시,사상구,263,265,272
식료품가게,부산광역시,기장군,142,141,157
식료품가게,대구광역시,중구,165,166,165
식료품가게,대구광역시,동구,162,163,179
식료품가게,대구광역시,서구,130,132,131
식료품가게,대구광역시,남구,93,93,97
식료품가게,대구광역시,북구,266,266,270
식료품가게,대구광역시,수성구,174,175,167
식료품가게,대구광역시,달서구,347,349,370
식료품가게,대구광역시,달성군,181,181,192
식료품가게,대구광역시,군위군,48,49,46
식료품가게,인천광역시,제물포구,191,188,201
식료품가게,인천광역시,영종구,123,124,124
식료품가게,인천광역시,미추홀구,305,306,322
식료품가게,인천광역시,연수구,205,206,192
식료품가게,인천광역시,남동구,290,292,293
식료품가게,인천광역시,부평구,312,315,323
식료품가게,인천광역시,계양구,158,158,157
식료품가게,인천광역시,서구,3,5,4
식료품가게,인천광역시,서해구,239,233,235
식료품가게,인천광역시,검단구,107,103,98
식료품가게,인천광역시,강화군,146,146,155
식료품가게,인천광역시,옹진군,56,55,59
식료품가게,대전광역시,동구,237,241,240
식료품가게,대전광역시,중구,254,252,250
식료품가게,대전광역시,서구,280,278,281
식료품가게,대전광역시,유성구,215,217,213
식료품가게,대전광역시,대덕구,168,169,165
식료품가게,울산광역시,중구,150,148,158
식료품가게,울산광역시,남구,226,227,227
식료품가게,울산광역시,동구,89,91,92
식료품가게,울산광역시,북구,122,125,131
식료품가게,울산광역시,울주군,217,222,217
식료품가게,세종특별자치시,0,247,248,252
식료품가게,경기도,수원시 장안구,134,133,136
식료품가게,경기도,수원시 권선구,171,170,164
식료품가게,경기도,수원시 팔달구,203,204,204
식료품가게,경기도,수원시 영통구,105,107,113
식료품가게,경기도,성남시 수정구,158,156,158
식료품가게,경기도,성남시 중원구,134,132,146
식료품가게,경기도,성남시 분당구,147,146,152
식료품가게,경기도,의정부시,285,287,302
식료품가게,경기도,안양시 만안구,169,172,170
식료품가게,경기도,안양시 동안구,153,156,156
식료품가게,경기도,부천시 원미구,269,264,283
식료품가게,경기도,부천시 소사구,159,159,152
식료품가게,경기도,부천시 오정구,111,114,119
식료품가게,경기도,광명시,158,157,151
식료품가게,경기도,평택시,472,470,485
식료품가게,경기도,동두천시,110,110,112
식료품가게,경기도,안산시 상록구,208,211,211
식료품가게,경기도,안산시 단원구,327,332,339
식료품가게,경기도,고양시 덕양구,236,239,251
식료품가게,경기도,고양시 일산동구,176,173,168
식료품가게,경기도,고양시 일산서구,142,148,152
식료품가게,경기도,과천시,50,50,46
식료품가게,경기도,구리시,116,115,116
식료품가게,경기도,남양주시,502,509,527
식료품가게,경기도,오산시,137,136,136
식료품가게,경기도,시흥시,420,417,415
식료품가게,경기도,군포시,130,130,140
식료품가게,경기도,의왕시,61,60,59
식료품가게,경기도,하남시,208,213,217
식료품가게,경기도,용인시 처인구,240,241,241
식료품가게,경기도,용인시 기흥구,181,179,177
식료품가게,경기도,용인시 수지구,91,88,88
식료품가게,경기도,파주시,351,350,344
식료품가게,경기도,이천시,164,169,167
식료품가게,경기도,안성시,198,200,207
식료품가게,경기도,김포시,352,353,352
식료품가게,경기도,화성시,0,0,0
식료품가게,경기도,화성시 만세구,258,260,262
식료품가게,경기도,화성시 효행구,94,93,94
식료품가게,경기도,화성시 병점구,63,62,63
식료품가게,경기도,화성시 동탄구,147,147,138
식료품가게,경기도,광주시,227,229,228
식료품가게,경기도,양주시,258,261,276
식료품가게,경기도,포천시,289,287,292
식료품가게,경기도,여주시,128,125,122
식료품가게,경기도,연천군,112,112,116
식료품가게,경기도,가평군,247,246,252
식료품가게,경기도,양평군,207,210,218
식료품가게,충청북도,청주시 상당구,229,231,232
식료품가게,충청북도,청주시 서원구,104,104,104
식료품가게,충청북도,청주시 흥덕구,194,194,182
식료품가게,충청북도,청주시 청원구,159,162,169
식료품가게,충청북도,충주시,315,314,317
식료품가게,충청북도,제천시,256,260,259
식료품가게,충청북도,보은군,86,86,88
식료품가게,충청북도,옥천군,109,107,103
식료품가게,충청북도,영동군,97,97,98
식료품가게,충청북도,증평군,47,47,47
식료품가게,충청북도,진천군,96,96,101
식료품가게,충청북도,괴산군,113,114,111
식료품가게,충청북도,음성군,116,116,116
식료품가게,충청북도,단양군,126,127,133
식료품가게,충청남도,천안시 동남구,287,276,278
식료품가게,충청남도,천안시 서북구,249,250,267
식료품가게,충청남도,공주시,192,190,194
식료품가게,충청남도,보령시,261,260,275
식료품가게,충청남도,아산시,344,348,344
식료품가게,충청남도,서산시,246,245,245
식료품가게,충청남도,논산시,210,212,212
식료품가게,충청남도,계룡시,25,25,26
식료품가게,충청남도,당진시,218,220,227
식료품가게,충청남도,금산군,101,100,101
식료품가게,충청남도,부여군,105,106,110
식료품가게,충청남도,서천군,128,127,130
식료품가게,충청남도,청양군,56,56,54
식료품가게,충청남도,홍성군,161,162,163
식료품가게,충청남도,예산군,140,143,142
식료품가게,충청남도,태안군,294,295,306
식료품가게,경상북도,포항시 남구,258,261,270
식료품가게,경상북도,포항시 북구,256,261,270
식료품가게,경상북도,경주시,368,363,376
식료품가게,경상북도,김천시,166,168,167
식료품가게,경상북도,안동시,212,213,218
식료품가게,경상북도,구미시,263,263,275
식료품가게,경상북도,영주시,163,165,175
식료품가게,경상북도,영천시,127,127,124
식료품가게,경상북도,상주시,133,134,131
식료품가게,경상북도,문경시,128,128,126
식료품가게,경상북도,경산시,197,198,203
식료품가게,경상북도,의성군,77,78,82
식료품가게,경상북도,청송군,61,60,63
식료품가게,경상북도,영양군,36,36,37
식료품가게,경상북도,영덕군,85,84,87
식료품가게,경상북도,청도군,96,97,94
식료품가게,경상북도,고령군,39,42,42
식료품가게,경상북도,성주군,83,83,75
식료품가게,경상북도,칠곡군,139,138,142
식료품가게,경상북도,예천군,67,66,72
식료품가게,경상북도,봉화군,59,61,64
식료품가게,경상북도,울진군,90,91,104
식료품가게,경상북도,울릉군,42,40,43
식료품가게,경상남도,창원시 의창구,153,155,165
식료품가게,경상남도,창원시 성산구,139,139,142
식료품가게,경상남도,창원시 마산합포구,186,185,193
식료품가게,경상남도,창원시 마산회원구,141,143,153
식료품가게,경상남도,창원시 진해구,140,142,144
식료품가게,경상남도,진주시,381,384,384
식료품가게,경상남도,통영시,202,202,208
식료품가게,경상남도,사천시,160,160,170
식료품가게,경상남도,김해시,478,481,481
식료품가게,경상남도,밀양시,150,147,146
식료품가게,경상남도,거제시,274,274,277
식료품가게,경상남도,양산시,250,251,276
식료품가게,경상남도,의령군,34,34,39
식료품가게,경상남도,함안군,85,86,86
식료품가게,경상남도,창녕군,85,87,92
식료품가게,경상남도,고성군,80,81,82
식료품가게,경상남도,남해군,115,114,117
식료품가게,경상남도,하동군,104,107,111
식료품가게,경상남도,산청군,86,85,84
식료품가게,경상남도,함양군,82,81,85
식료품가게,경상남도,거창군,85,83,90
식료품가게,경상남도,합천군,66,68,69
식료품가게,제주특별자치도,제주시,461,467,496
식료품가게,제주특별자치도,서귀포시,268,268,285
식료품가게,강원특별자치도,춘천시,277,275,295
식료품가게,강원특별자치도,원주시,413,414,418
식료품가게,강원특별자치도,강릉시,259,259,267
식료품가게,강원특별자치도,동해시,122,121,135
식료품가게,강원특별자치도,태백시,84,85,95
식료품가게,강원특별자치도,속초시,127,129,129
식료품가게,강원특별자치도,삼척시,133,132,143
식료품가게,강원특별자치도,홍천군,163,165,172
식료품가게,강원특별자치도,횡성군,71,72,73
식료품가게,강원특별자치도,영월군,133,133,147
식료품가게,강원특별자치도,평창군,82,82,86
식료품가게,강원특별자치도,정선군,138,136,137
식료품가게,강원특별자치도,철원군,77,81,92
식료품가게,강원특별자치도,화천군,60,60,65
식료품가게,강원특별자치도,양구군,30,30,32
식료품가게,강원특별자치도,인제군,103,102,107
식료품가게,강원특별자치도,고성군,68,68,73
식료품가게,강원특별자치도,양양군,86,86,95
식료품가게,전북특별자치도,전주시 완산구,418,423,438
식료품가게,전북특별자치도,전주시 덕진구,316,320,317
식료품가게,전북특별자치도,군산시,450,454,475
식료품가게,전북특별자치도,익산시,344,341,354
식료품가게,전북특별자치도,정읍시,184,185,195
식료품가게,전북특별자치도,남원시,204,207,222
식료품가게,전북특별자치도,김제시,142,143,151
식료품가게,전북특별자치도,완주군,214,216,228
식료품가게,전북특별자치도,진안군,71,71,72
식료품가게,전북특별자치도,무주군,88,88,90
식료품가게,전북특별자치도,장수군,41,41,38
식료품가게,전북특별자치도,임실군,61,62,65
식료품가게,전북특별자치도,순창군,58,59,57
식료품가게,전북특별자치도,고창군,127,128,137
식료품가게,전북특별자치도,부안군,143,143,143
신발가게,서울특별시,종로구,52,54,64
신발가게,서울특별시,중구,130,133,141
신발가게,서울특별시,용산구,35,35,39
신발가게,서울특별시,성동구,36,38,40
신발가게,서울특별시,광진구,32,32,38
신발가게,서울특별시,동대문구,29,31,33
신발가게,서울특별시,중랑구,32,33,36
신발가게,서울특별시,성북구,23,23,25
신발가게,서울특별시,강북구,38,38,39
신발가게,서울특별시,도봉구,21,20,21
신발가게,서울특별시,노원구,30,30,31
신발가게,서울특별시,은평구,37,38,43
신발가게,서울특별시,서대문구,21,21,24
신발가게,서울특별시,마포구,27,27,29
신발가게,서울특별시,양천구,15,15,18
신발가게,서울특별시,강서구,27,28,30
신발가게,서울특별시,구로구,28,28,33
신발가게,서울특별시,금천구,28,29,31
신발가게,서울특별시,영등포구,41,41,48
신발가게,서울특별시,동작구,17,17,18
신발가게,서울특별시,관악구,42,42,47
신발가게,서울특별시,서초구,41,40,40
신발가게,서울특별시,강남구,50,50,52
신발가게,서울특별시,송파구,68,68,72
신발가게,서울특별시,강동구,35,36,35
신발가게,전남광주통합특별시,목포시,26,26,26
신발가게,전남광주통합특별시,여수시,43,43,42
신발가게,전남광주통합특별시,순천시,31,31,34
신발가게,전남광주통합특별시,나주시,8,8,8
신발가게,전남광주통합특별시,광양시,13,12,12
신발가게,전남광주통합특별시,동구,50,49,51
신발가게,전남광주통합특별시,서구,26,27,29
신발가게,전남광주통합특별시,남구,12,12,13
신발가게,전남광주통합특별시,북구,40,41,43
신발가게,전남광주통합특별시,광산구,26,26,26
신발가게,전남광주통합특별시,담양군,0,0,0
신발가게,전남광주통합특별시,곡성군,3,3,3
신발가게,전남광주통합특별시,구례군,3,3,3
신발가게,전남광주통합특별시,고흥군,9,10,9
신발가게,전남광주통합특별시,보성군,8,7,7
신발가게,전남광주통합특별시,화순군,4,4,4
신발가게,전남광주통합특별시,장흥군,6,6,8
신발가게,전남광주통합특별시,강진군,3,3,5
신발가게,전남광주통합특별시,해남군,11,11,12
신발가게,전남광주통합특별시,영암군,5,5,5
신발가게,전남광주통합특별시,무안군,13,13,14
신발가게,전남광주통합특별시,함평군,6,6,7
신발가게,전남광주통합특별시,영광군,8,8,7
신발가게,전남광주통합특별시,장성군,4,4,5
신발가게,전남광주통합특별시,완도군,5,5,5
신발가게,전남광주통합특별시,진도군,3,3,3
신발가게,전남광주통합특별시,신안군,0,0,0
신발가게,부산광역시,중구,64,64,71
신발가게,부산광역시,서구,9,9,9
신발가게,부산광역시,동구,65,66,72
신발가게,부산광역시,영도구,7,7,8
신발가게,부산광역시,부산진구,74,74,85
신발가게,부산광역시,동래구,25,25,23
신발가게,부산광역시,남구,23,23,27
신발가게,부산광역시,북구,26,26,30
신발가게,부산광역시,해운대구,31,31,31
신발가게,부산광역시,사하구,16,17,17
신발가게,부산광역시,금정구,22,22,24
신발가게,부산광역시,강서구,10,10,8
신발가게,부산광역시,연제구,13,13,15
신발가게,부산광역시,수영구,13,13,14
신발가게,부산광역시,사상구,44,44,47
신발가게,부산광역시,기장군,18,18,20
신발가게,대구광역시,중구,91,90,95
신발가게,대구광역시,동구,29,30,32
신발가게,대구광역시,서구,21,22,25
신발가게,대구광역시,남구,13,13,12
신발가게,대구광역시,북구,21,22,19
신발가게,대구광역시,수성구,15,15,17
신발가게,대구광역시,달서구,36,36,42
신발가게,대구광역시,달성군,8,9,11
신발가게,대구광역시,군위군,0,0,0
신발가게,인천광역시,제물포구,32,32,36
신발가게,인천광역시,영종구,4,4,0
신발가게,인천광역시,미추홀구,63,62,63
신발가게,인천광역시,연수구,18,18,17
신발가게,인천광역시,남동구,36,38,42
신발가게,인천광역시,부평구,69,71,73
신발가게,인천광역시,계양구,20,20,20
신발가게,인천광역시,서해구,25,24,25
신발가게,인천광역시,검단구,18,19,18
신발가게,인천광역시,강화군,10,9,8
신발가게,대전광역시,동구,34,33,34
신발가게,대전광역시,중구,37,37,42
신발가게,대전광역시,서구,41,41,45
신발가게,대전광역시,유성구,26,26,30
신발가게,대전광역시,대덕구,16,16,19
신발가게,울산광역시,중구,29,29,30
신발가게,울산광역시,남구,19,19,18
신발가게,울산광역시,동구,12,12,12
신발가게,울산광역시,북구,8,8,11
신발가게,울산광역시,울주군,11,11,11
신발가게,세종특별자치시,0,22,23,27
신발가게,경기도,수원시 장안구,7,7,9
신발가게,경기도,수원시 권선구,15,15,20
신발가게,경기도,수원시 팔달구,45,45,45
신발가게,경기도,수원시 영통구,19,20,18
신발가게,경기도,성남시 수정구,34,34,37
신발가게,경기도,성남시 중원구,28,28,27
신발가게,경기도,성남시 분당구,22,22,23
신발가게,경기도,의정부시,56,56,57
신발가게,경기도,안양시 만안구,37,37,36
신발가게,경기도,안양시 동안구,18,18,20
신발가게,경기도,부천시 원미구,45,44,46
신발가게,경기도,부천시 소사구,27,26,28
신발가게,경기도,부천시 오정구,10,10,12
신발가게,경기도,광명시,28,29,32
신발가게,경기도,평택시,66,68,68
신발가게,경기도,동두천시,8,7,11
신발가게,경기도,안산시 상록구,27,27,25
신발가게,경기도,안산시 단원구,20,21,25
신발가게,경기도,고양시 덕양구,25,26,30
신발가게,경기도,고양시 일산동구,25,25,31
신발가게,경기도,고양시 일산서구,24,24,23
신발가게,경기도,과천시,0,0,0
신발가게,경기도,구리시,22,22,24
신발가게,경기도,남양주시,53,53,53
신발가게,경기도,오산시,16,15,15
신발가게,경기도,시흥시,39,40,38
신발가게,경기도,군포시,12,12,14
신발가게,경기도,의왕시,7,7,7
신발가게,경기도,하남시,29,31,32
신발가게,경기도,용인시 처인구,15,16,17
신발가게,경기도,용인시 기흥구,23,23,27
신발가게,경기도,용인시 수지구,11,12,13
신발가게,경기도,파주시,32,32,37
신발가게,경기도,이천시,18,18,18
신발가게,경기도,안성시,24,23,23
신발가게,경기도,김포시,34,36,37
신발가게,경기도,화성시 만세구,14,14,16
신발가게,경기도,화성시 효행구,7,7,8
신발가게,경기도,화성시 병점구,4,4,4
신발가게,경기도,화성시 동탄구,11,11,12
신발가게,경기도,광주시,24,22,23
신발가게,경기도,양주시,17,15,13
신발가게,경기도,포천시,20,20,20
신발가게,경기도,여주시,16,15,14
신발가게,경기도,연천군,5,5,5
신발가게,경기도,가평군,6,6,7
신발가게,경기도,양평군,9,9,9
신발가게,충청북도,청주시 상당구,24,25,28
신발가게,충청북도,청주시 서원구,11,11,12
신발가게,충청북도,청주시 흥덕구,23,23,23
신발가게,충청북도,청주시 청원구,5,5,8
신발가게,충청북도,충주시,24,24,24
신발가게,충청북도,제천시,21,21,23
신발가게,충청북도,보은군,0,0,0
신발가게,충청북도,옥천군,9,9,9
신발가게,충청북도,영동군,6,6,5
신발가게,충청북도,증평군,4,5,5
신발가게,충청북도,진천군,5,5,5
신발가게,충청북도,괴산군,0,0,0
신발가게,충청북도,음성군,9,9,10
신발가게,충청북도,단양군,6,6,6
신발가게,충청남도,천안시 동남구,26,26,27
신발가게,충청남도,천안시 서북구,21,21,23
신발가게,충청남도,공주시,12,12,12
신발가게,충청남도,보령시,14,14,15
신발가게,충청남도,아산시,23,21,19
신발가게,충청남도,서산시,18,18,19
신발가게,충청남도,논산시,23,23,24
신발가게,충청남도,당진시,18,18,18
신발가게,충청남도,금산군,7,7,6
신발가게,충청남도,부여군,12,12,12
신발가게,충청남도,서천군,7,7,6
신발가게,충청남도,청양군,8,8,8
신발가게,충청남도,홍성군,12,13,12
신발가게,충청남도,예산군,12,12,14
신발가게,충청남도,태안군,8,8,11
신발가게,경상북도,포항시 남구,11,11,11
신발가게,경상북도,포항시 북구,44,44,45
신발가게,경상북도,경주시,35,35,37
신발가게,경상북도,김천시,15,15,17
신발가게,경상북도,안동시,16,16,19
신발가게,경상북도,구미시,32,32,32
신발가게,경상북도,영주시,20,20,21
신발가게,경상북도,영천시,17,17,16
신발가게,경상북도,상주시,10,10,9
신발가게,경상북도,문경시,14,14,15
신발가게,경상북도,경산시,18,18,20
신발가게,경상북도,의성군,10,10,9
신발가게,경상북도,청송군,3,3,3
신발가게,경상북도,영양군,3,3,3
신발가게,경상북도,영덕군,6,6,6
신발가게,경상북도,청도군,3,3,3
신발가게,경상북도,고령군,6,6,5
신발가게,경상북도,성주군,0,0,0
신발가게,경상북도,칠곡군,6,6,6
신발가게,경상북도,예천군,5,5,5
신발가게,경상북도,봉화군,0,0,0
신발가게,경상북도,울진군,4,5,6
신발가게,경상남도,창원시 의창구,13,14,16
신발가게,경상남도,창원시 성산구,17,17,17
신발가게,경상남도,창원시 마산합포구,29,29,31
신발가게,경상남도,창원시 마산회원구,19,19,20
신발가게,경상남도,창원시 진해구,11,11,11
신발가게,경상남도,진주시,46,46,44
신발가게,경상남도,통영시,22,22,21
신발가게,경상남도,사천시,11,11,12
신발가게,경상남도,김해시,50,50,49
신발가게,경상남도,밀양시,15,15,14
신발가게,경상남도,거제시,16,17,17
신발가게,경상남도,양산시,19,19,20
신발가게,경상남도,의령군,0,0,0
신발가게,경상남도,함안군,6,6,5
신발가게,경상남도,창녕군,11,11,11
신발가게,경상남도,고성군,4,4,3
신발가게,경상남도,남해군,6,6,6
신발가게,경상남도,하동군,7,7,7
신발가게,경상남도,산청군,3,3,3
신발가게,경상남도,함양군,3,3,3
신발가게,경상남도,거창군,10,10,9
신발가게,경상남도,합천군,4,4,3
신발가게,제주특별자치도,제주시,61,60,66
신발가게,제주특별자치도,서귀포시,19,19,23
신발가게,강원특별자치도,춘천시,29,30,30
신발가게,강원특별자치도,원주시,42,42,44
신발가게,강원특별자치도,강릉시,31,31,33
신발가게,강원특별자치도,동해시,9,9,10
신발가게,강원특별자치도,태백시,11,11,12
신발가게,강원특별자치도,속초시,19,19,19
신발가게,강원특별자치도,삼척시,11,11,10
신발가게,강원특별자치도,홍천군,9,9,7
신발가게,강원특별자치도,횡성군,7,7,7
신발가게,강원특별자치도,영월군,5,5,5
신발가게,강원특별자치도,평창군,6,6,6
신발가게,강원특별자치도,정선군,4,4,4
신발가게,강원특별자치도,철원군,6,7,7
신발가게,강원특별자치도,화천군,4,4,4
신발가게,강원특별자치도,양구군,0,0,0
신발가게,강원특별자치도,인제군,6,6,6
신발가게,강원특별자치도,고성군,6,6,7
신발가게,강원특별자치도,양양군,4,4,4
신발가게,전북특별자치도,전주시 완산구,56,56,61
신발가게,전북특별자치도,전주시 덕진구,18,18,20
신발가게,전북특별자치도,군산시,32,32,34
신발가게,전북특별자치도,익산시,40,40,42
신발가게,전북특별자치도,정읍시,22,22,25
신발가게,전북특별자치도,남원시,17,17,18
신발가게,전북특별자치도,김제시,7,7,8
신발가게,전북특별자치도,완주군,6,6,7
신발가게,전북특별자치도,진안군,3,3,3
신발가게,전북특별자치도,무주군,5,5,5
신발가게,전북특별자치도,장수군,0,0,0
신발가게,전북특별자치도,임실군,0,0,0
신발가게,전북특별자치도,순창군,0,0,0
신발가게,전북특별자치도,고창군,7,7,7
신발가게,전북특별자치도,부안군,12,12,12
안경점,서울특별시,종로구,59,59,55
안경점,서울특별시,중구,161,160,158
안경점,서울특별시,용산구,52,51,48
안경점,서울특별시,성동구,65,61,57
안경점,서울특별시,광진구,74,74,75
안경점,서울특별시,동대문구,69,69,68
안경점,서울특별시,중랑구,69,70,71
안경점,서울특별시,성북구,82,82,84
안경점,서울특별시,강북구,42,42,42
안경점,서울특별시,도봉구,50,50,51
안경점,서울특별시,노원구,81,81,81
안경점,서울특별시,은평구,74,75,77
안경점,서울특별시,서대문구,60,60,60
안경점,서울특별시,마포구,102,102,94
안경점,서울특별시,양천구,82,82,80
안경점,서울특별시,강서구,91,92,91
안경점,서울특별시,구로구,70,70,74
안경점,서울특별시,금천구,34,33,35
안경점,서울특별시,영등포구,98,97,95
안경점,서울특별시,동작구,54,54,56
안경점,서울특별시,관악구,75,75,78
안경점,서울특별시,서초구,114,114,110
안경점,서울특별시,강남구,177,177,179
안경점,서울특별시,송파구,139,139,135
안경점,서울특별시,강동구,82,82,79
안경점,전남광주통합특별시,목포시,46,46,44
안경점,전남광주통합특별시,여수시,59,59,59
안경점,전남광주통합특별시,순천시,60,61,63
안경점,전남광주통합특별시,나주시,20,20,20
안경점,전남광주통합특별시,광양시,32,32,33
안경점,전남광주통합특별시,동구,51,51,48
안경점,전남광주통합특별시,서구,62,61,64
안경점,전남광주통합특별시,남구,43,44,45
안경점,전남광주통합특별시,북구,105,105,105
안경점,전남광주통합특별시,광산구,77,78,77
안경점,전남광주통합특별시,담양군,3,3,3
안경점,전남광주통합특별시,곡성군,0,0,0
안경점,전남광주통합특별시,구례군,3,0,0
안경점,전남광주통합특별시,고흥군,9,9,9
안경점,전남광주통합특별시,보성군,6,6,6
안경점,전남광주통합특별시,화순군,10,10,10
안경점,전남광주통합특별시,장흥군,5,5,5
안경점,전남광주통합특별시,강진군,5,5,5
안경점,전남광주통합특별시,해남군,7,8,8
안경점,전남광주통합특별시,영암군,6,6,6
안경점,전남광주통합특별시,무안군,20,20,21
안경점,전남광주통합특별시,함평군,3,3,3
안경점,전남광주통합특별시,영광군,7,7,7
안경점,전남광주통합특별시,장성군,3,3,3
안경점,전남광주통합특별시,완도군,8,8,8
안경점,전남광주통합특별시,진도군,0,0,0
안경점,전남광주통합특별시,신안군,0,0,0
안경점,부산광역시,중구,40,40,41
안경점,부산광역시,서구,11,11,12
안경점,부산광역시,동구,16,16,17
안경점,부산광역시,영도구,14,14,15
안경점,부산광역시,부산진구,74,73,74
안경점,부산광역시,동래구,69,69,66
안경점,부산광역시,남구,47,47,49
안경점,부산광역시,북구,44,44,44
안경점,부산광역시,해운대구,65,65,63
안경점,부산광역시,사하구,48,48,48
안경점,부산광역시,금정구,47,47,47
안경점,부산광역시,강서구,21,21,21
안경점,부산광역시,연제구,38,39,36
안경점,부산광역시,수영구,32,32,33
안경점,부산광역시,사상구,34,34,35
안경점,부산광역시,기장군,29,29,27
안경점,대구광역시,중구,60,60,61
안경점,대구광역시,동구,61,61,63
안경점,대구광역시,서구,36,36,36
안경점,대구광역시,남구,29,29,28
안경점,대구광역시,북구,88,88,84
안경점,대구광역시,수성구,84,84,82
안경점,대구광역시,달서구,108,109,105
안경점,대구광역시,달성군,37,37,39
안경점,대구광역시,군위군,0,0,0
안경점,인천광역시,제물포구,21,21,22
안경점,인천광역시,영종구,14,14,14
안경점,인천광역시,미추홀구,63,62,57
안경점,인천광역시,연수구,60,61,63
안경점,인천광역시,남동구,75,75,74
안경점,인천광역시,부평구,80,82,86
안경점,인천광역시,계양구,42,42,41
안경점,인천광역시,서구,0,0,0
안경점,인천광역시,서해구,53,52,56
안경점,인천광역시,검단구,27,27,25
안경점,인천광역시,강화군,4,5,5
안경점,인천광역시,옹진군,0,0,0
안경점,대전광역시,동구,47,47,47
안경점,대전광역시,중구,50,50,51
안경점,대전광역시,서구,108,108,105
안경점,대전광역시,유성구,84,84,84
안경점,대전광역시,대덕구,31,32,32
안경점,울산광역시,중구,45,45,45
안경점,울산광역시,남구,85,85,86
안경점,울산광역시,동구,28,28,28
안경점,울산광역시,북구,36,36,36
안경점,울산광역시,울주군,33,33,33
안경점,세종특별자치시,0,61,61,58
안경점,경기도,수원시 장안구,42,42,42
안경점,경기도,수원시 권선구,65,65,63
안경점,경기도,수원시 팔달구,55,57,55
안경점,경기도,수원시 영통구,70,70,67
안경점,경기도,성남시 수정구,49,48,46
안경점,경기도,성남시 중원구,36,37,40
안경점,경기도,성남시 분당구,101,101,106
안경점,경기도,의정부시,88,86,86
안경점,경기도,안양시 만안구,44,43,44
안경점,경기도,안양시 동안구,58,58,55
안경점,경기도,부천시 원미구,88,88,87
안경점,경기도,부천시 소사구,36,35,35
안경점,경기도,부천시 오정구,19,19,19
안경점,경기도,광명시,47,46,45
안경점,경기도,평택시,98,97,95
안경점,경기도,동두천시,16,16,16
안경점,경기도,안산시 상록구,53,53,52
안경점,경기도,안산시 단원구,61,61,60
안경점,경기도,고양시 덕양구,62,62,59
안경점,경기도,고양시 일산동구,53,53,56
안경점,경기도,고양시 일산서구,52,53,49
안경점,경기도,과천시,10,10,10
안경점,경기도,구리시,35,35,37
안경점,경기도,남양주시,101,101,96
안경점,경기도,오산시,38,38,35
안경점,경기도,시흥시,77,78,82
안경점,경기도,군포시,32,32,32
안경점,경기도,의왕시,25,26,27
안경점,경기도,하남시,51,50,47
안경점,경기도,용인시 처인구,36,36,37
안경점,경기도,용인시 기흥구,76,75,76
안경점,경기도,용인시 수지구,55,55,54
안경점,경기도,파주시,67,67,69
안경점,경기도,이천시,34,35,35
안경점,경기도,안성시,32,31,33
안경점,경기도,김포시,65,65,71
안경점,경기도,화성시,0,0,0
안경점,경기도,화성시 만세구,31,31,25
안경점,경기도,화성시 효행구,21,21,18
안경점,경기도,화성시 병점구,26,25,26
안경점,경기도,화성시 동탄구,68,69,67
안경점,경기도,광주시,47,46,42
안경점,경기도,양주시,34,33,33
안경점,경기도,포천시,20,20,20
안경점,경기도,여주시,15,15,15
안경점,경기도,연천군,6,6,6
안경점,경기도,가평군,9,9,10
안경점,경기도,양평군,15,15,15
안경점,충청북도,청주시 상당구,43,42,43
안경점,충청북도,청주시 서원구,44,43,44
안경점,충청북도,청주시 흥덕구,56,56,51
안경점,충청북도,청주시 청원구,36,36,37
안경점,충청북도,충주시,38,38,39
안경점,충청북도,제천시,23,23,23
안경점,충청북도,보은군,3,3,3
안경점,충청북도,옥천군,6,6,6
안경점,충청북도,영동군,6,6,5
안경점,충청북도,증평군,6,6,6
안경점,충청북도,진천군,11,11,10
안경점,충청북도,괴산군,4,4,4
안경점,충청북도,음성군,17,17,17
안경점,충청북도,단양군,3,3,3
안경점,충청남도,천안시 동남구,47,47,52
안경점,충청남도,천안시 서북구,69,69,69
안경점,충청남도,공주시,17,17,19
안경점,충청남도,보령시,13,13,13
안경점,충청남도,아산시,64,64,62
안경점,충청남도,서산시,23,23,24
안경점,충청남도,논산시,20,20,20
안경점,충청남도,계룡시,11,11,11
안경점,충청남도,당진시,26,26,26
안경점,충청남도,금산군,7,7,7
안경점,충청남도,부여군,7,7,7
안경점,충청남도,서천군,9,9,9
안경점,충청남도,청양군,3,3,3
안경점,충청남도,홍성군,13,13,13
안경점,충청남도,예산군,12,12,12
안경점,충청남도,태안군,7,7,7
안경점,경상북도,포항시 남구,43,43,42
안경점,경상북도,포항시 북구,60,60,61
안경점,경상북도,경주시,45,45,46
안경점,경상북도,김천시,22,22,22
안경점,경상북도,안동시,32,32,29
안경점,경상북도,구미시,79,79,76
안경점,경상북도,영주시,24,24,24
안경점,경상북도,영천시,15,16,16
안경점,경상북도,상주시,13,13,13
안경점,경상북도,문경시,15,15,14
안경점,경상북도,경산시,51,51,51
안경점,경상북도,의성군,6,6,6
안경점,경상북도,청송군,4,4,4
안경점,경상북도,영양군,0,0,0
안경점,경상북도,영덕군,5,5,5
안경점,경상북도,청도군,6,6,5
안경점,경상북도,고령군,5,5,5
안경점,경상북도,성주군,4,4,4
안경점,경상북도,칠곡군,17,17,17
안경점,경상북도,예천군,5,5,5
안경점,경상북도,봉화군,0,0,0
안경점,경상북도,울진군,7,7,7
안경점,경상북도,울릉군,0,0,0
안경점,경상남도,창원시 의창구,42,42,43
안경점,경상남도,창원시 성산구,55,55,57
안경점,경상남도,창원시 마산합포구,46,46,45
안경점,경상남도,창원시 마산회원구,43,43,43
안경점,경상남도,창원시 진해구,40,40,40
안경점,경상남도,진주시,69,69,68
안경점,경상남도,통영시,20,20,22
안경점,경상남도,사천시,18,18,18
안경점,경상남도,김해시,98,99,98
안경점,경상남도,밀양시,16,16,17
안경점,경상남도,거제시,37,37,38
안경점,경상남도,양산시,57,57,58
안경점,경상남도,의령군,0,0,0
안경점,경상남도,함안군,9,9,8
안경점,경상남도,창녕군,13,13,12
안경점,경상남도,고성군,5,5,5
안경점,경상남도,남해군,4,4,4
안경점,경상남도,하동군,4,4,4
안경점,경상남도,산청군,4,4,3
안경점,경상남도,함양군,7,7,6
안경점,경상남도,거창군,10,11,10
안경점,경상남도,합천군,4,4,3
안경점,제주특별자치도,제주시,94,91,94
안경점,제주특별자치도,서귀포시,36,36,37
안경점,강원특별자치도,춘천시,60,61,61
안경점,강원특별자치도,원주시,65,64,64
안경점,강원특별자치도,강릉시,36,36,38
안경점,강원특별자치도,동해시,17,17,17
안경점,강원특별자치도,태백시,8,8,8
안경점,강원특별자치도,속초시,21,21,20
안경점,강원특별자치도,삼척시,10,10,11
안경점,강원특별자치도,홍천군,8,8,8
안경점,강원특별자치도,횡성군,5,5,4
안경점,강원특별자치도,영월군,3,3,3
안경점,강원특별자치도,평창군,5,5,5
안경점,강원특별자치도,정선군,0,0,0
안경점,강원특별자치도,철원군,7,7,7
안경점,강원특별자치도,화천군,4,4,3
안경점,강원특별자치도,양구군,3,3,3
안경점,강원특별자치도,인제군,6,6,6
안경점,강원특별자치도,고성군,5,5,5
안경점,강원특별자치도,양양군,4,4,4
안경점,전북특별자치도,전주시 완산구,89,90,91
안경점,전북특별자치도,전주시 덕진구,68,68,69
안경점,전북특별자치도,군산시,62,62,63
안경점,전북특별자치도,익산시,55,55,57
안경점,전북특별자치도,정읍시,22,22,23
안경점,전북특별자치도,남원시,12,12,13
안경점,전북특별자치도,김제시,10,10,10
안경점,전북특별자치도,완주군,14,14,14
안경점,전북특별자치도,진안군,0,0,0
안경점,전북특별자치도,무주군,3,3,3
안경점,전북특별자치도,장수군,0,0,0
안경점,전북특별자치도,임실군,3,3,3
안경점,전북특별자치도,순창군,0,0,0
안경점,전북특별자치도,고창군,10,10,10
안경점,전북특별자치도,부안군,9,9,9
애완용품점,서울특별시,종로구,38,40,42
애완용품점,서울특별시,중구,34,33,39
애완용품점,서울특별시,용산구,48,45,48
애완용품점,서울특별시,성동구,65,64,57
애완용품점,서울특별시,광진구,73,76,71
애완용품점,서울특별시,동대문구,54,54,53
애완용품점,서울특별시,중랑구,79,78,76
애완용품점,서울특별시,성북구,54,53,58
애완용품점,서울특별시,강북구,58,59,56
애완용품점,서울특별시,도봉구,51,53,59
애완용품점,서울특별시,노원구,77,75,67
애완용품점,서울특별시,은평구,94,94,97
애완용품점,서울특별시,서대문구,48,49,49
애완용품점,서울특별시,마포구,85,87,72
애완용품점,서울특별시,양천구,75,74,67
애완용품점,서울특별시,강서구,130,132,135
애완용품점,서울특별시,구로구,55,52,54
애완용품점,서울특별시,금천구,54,55,60
애완용품점,서울특별시,영등포구,59,59,62
애완용품점,서울특별시,동작구,37,37,40
애완용품점,서울특별시,관악구,62,65,71
애완용품점,서울특별시,서초구,85,86,90
애완용품점,서울특별시,강남구,162,166,173
애완용품점,서울특별시,송파구,121,122,120
애완용품점,서울특별시,강동구,78,79,79
애완용품점,전남광주통합특별시,목포시,40,40,44
애완용품점,전남광주통합특별시,여수시,48,50,45
애완용품점,전남광주통합특별시,순천시,66,65,65
애완용품점,전남광주통합특별시,나주시,30,31,31
애완용품점,전남광주통합특별시,광양시,29,29,35
애완용품점,전남광주통합특별시,동구,15,17,19
애완용품점,전남광주통합특별시,서구,64,68,65
애완용품점,전남광주통합특별시,남구,47,46,43
애완용품점,전남광주통합특별시,북구,70,68,69
애완용품점,전남광주통합특별시,광산구,93,94,91
애완용품점,전남광주통합특별시,담양군,5,6,7
애완용품점,전남광주통합특별시,곡성군,4,4,4
애완용품점,전남광주통합특별시,구례군,0,0,0
애완용품점,전남광주통합특별시,고흥군,8,8,8
애완용품점,전남광주통합특별시,보성군,0,0,0
애완용품점,전남광주통합특별시,화순군,6,6,7
애완용품점,전남광주통합특별시,장흥군,0,0,0
애완용품점,전남광주통합특별시,강진군,4,4,3
애완용품점,전남광주통합특별시,해남군,4,4,4
애완용품점,전남광주통합특별시,영암군,5,5,5
애완용품점,전남광주통합특별시,무안군,17,16,15
애완용품점,전남광주통합특별시,함평군,0,0,0
애완용품점,전남광주통합특별시,영광군,8,8,9
애완용품점,전남광주통합특별시,장성군,3,3,5
애완용품점,전남광주통합특별시,완도군,6,5,5
애완용품점,전남광주통합특별시,진도군,5,5,5
애완용품점,부산광역시,중구,24,23,23
애완용품점,부산광역시,서구,17,19,15
애완용품점,부산광역시,동구,18,18,13
애완용품점,부산광역시,영도구,13,14,16
애완용품점,부산광역시,부산진구,109,107,106
애완용품점,부산광역시,동래구,54,54,49
애완용품점,부산광역시,남구,70,69,69
애완용품점,부산광역시,북구,47,46,55
애완용품점,부산광역시,해운대구,101,97,105
애완용품점,부산광역시,사하구,55,55,56
애완용품점,부산광역시,금정구,31,32,37
애완용품점,부산광역시,강서구,52,50,42
애완용품점,부산광역시,연제구,47,48,50
애완용품점,부산광역시,수영구,61,60,65
애완용품점,부산광역시,사상구,33,35,32
애완용품점,부산광역시,기장군,61,62,55
애완용품점,대구광역시,중구,42,42,45
애완용품점,대구광역시,동구,65,66,63
애완용품점,대구광역시,서구,40,41,42
애완용품점,대구광역시,남구,40,40,41
애완용품점,대구광역시,북구,72,74,69
애완용품점,대구광역시,수성구,98,98,99
애완용품점,대구광역시,달서구,101,103,96
애완용품점,대구광역시,달성군,48,50,41
애완용품점,대구광역시,군위군,0,0,0
애완용품점,인천광역시,제물포구,29,29,28
애완용품점,인천광역시,영종구,44,42,39
애완용품점,인천광역시,미추홀구,111,109,110
애완용품점,인천광역시,연수구,118,121,117
애완용품점,인천광역시,남동구,130,130,138
애완용품점,인천광역시,부평구,155,153,148
애완용품점,인천광역시,계양구,63,63,63
애완용품점,인천광역시,서해구,138,138,137
애완용품점,인천광역시,검단구,55,58,55
애완용품점,인천광역시,강화군,11,11,12
애완용품점,인천광역시,옹진군,0,0,0
애완용품점,대전광역시,동구,60,58,63
애완용품점,대전광역시,중구,47,48,49
애완용품점,대전광역시,서구,139,142,139
애완용품점,대전광역시,유성구,93,93,89
애완용품점,대전광역시,대덕구,43,45,50
애완용품점,울산광역시,중구,40,41,36
애완용품점,울산광역시,남구,84,84,80
애완용품점,울산광역시,동구,28,28,28
애완용품점,울산광역시,북구,29,30,34
애완용품점,울산광역시,울주군,38,40,37
애완용품점,세종특별자치시,0,67,64,66
애완용품점,경기도,수원시 장안구,59,59,64
애완용품점,경기도,수원시 권선구,71,72,71
애완용품점,경기도,수원시 팔달구,63,64,65
애완용품점,경기도,수원시 영통구,100,104,98
애완용품점,경기도,성남시 수정구,53,51,55
애완용품점,경기도,성남시 중원구,43,43,45
애완용품점,경기도,성남시 분당구,110,107,116
애완용품점,경기도,의정부시,167,170,155
애완용품점,경기도,안양시 만안구,39,39,38
애완용품점,경기도,안양시 동안구,47,49,56
애완용품점,경기도,부천시 원미구,121,125,130
애완용품점,경기도,부천시 소사구,38,39,46
애완용품점,경기도,부천시 오정구,39,39,34
애완용품점,경기도,광명시,65,65,61
애완용품점,경기도,평택시,214,217,214
애완용품점,경기도,동두천시,31,31,35
애완용품점,경기도,안산시 상록구,82,82,77
애완용품점,경기도,안산시 단원구,84,85,85
애완용품점,경기도,고양시 덕양구,140,143,132
애완용품점,경기도,고양시 일산동구,174,172,187
애완용품점,경기도,고양시 일산서구,77,78,70
애완용품점,경기도,과천시,9,9,7
애완용품점,경기도,구리시,71,68,71
애완용품점,경기도,남양주시,289,291,307
애완용품점,경기도,오산시,57,57,50
애완용품점,경기도,시흥시,206,203,225
애완용품점,경기도,군포시,32,33,39
애완용품점,경기도,의왕시,19,19,19
애완용품점,경기도,하남시,116,116,126
애완용품점,경기도,용인시 처인구,83,83,84
애완용품점,경기도,용인시 기흥구,97,96,89
애완용품점,경기도,용인시 수지구,69,68,78
애완용품점,경기도,파주시,181,181,184
애완용품점,경기도,이천시,69,69,67
애완용품점,경기도,안성시,57,59,58
애완용품점,경기도,김포시,215,216,226
애완용품점,경기도,화성시,0,0,0
애완용품점,경기도,화성시 만세구,89,89,83
애완용품점,경기도,화성시 효행구,45,48,43
애완용품점,경기도,화성시 병점구,43,39,35
애완용품점,경기도,화성시 동탄구,132,133,138
애완용품점,경기도,광주시,135,138,123
애완용품점,경기도,양주시,104,107,108
애완용품점,경기도,포천시,60,61,62
애완용품점,경기도,여주시,34,34,37
애완용품점,경기도,연천군,7,8,8
애완용품점,경기도,가평군,20,20,23
애완용품점,경기도,양평군,57,57,52
애완용품점,충청북도,청주시 상당구,49,51,54
애완용품점,충청북도,청주시 서원구,39,39,38
애완용품점,충청북도,청주시 흥덕구,73,72,66
애완용품점,충청북도,청주시 청원구,43,42,40
애완용품점,충청북도,충주시,60,59,59
애완용품점,충청북도,제천시,29,28,32
애완용품점,충청북도,보은군,6,6,7
애완용품점,충청북도,옥천군,9,10,8
애완용품점,충청북도,영동군,7,7,7
애완용품점,충청북도,증평군,5,5,6
애완용품점,충청북도,진천군,21,20,21
애완용품점,충청북도,괴산군,4,4,5
애완용품점,충청북도,음성군,23,23,22
애완용품점,충청북도,단양군,3,3,3
애완용품점,충청남도,천안시 동남구,79,75,76
애완용품점,충청남도,천안시 서북구,117,116,111
애완용품점,충청남도,공주시,22,21,24
애완용품점,충청남도,보령시,13,13,13
애완용품점,충청남도,아산시,84,87,94
애완용품점,충청남도,서산시,38,40,42
애완용품점,충청남도,논산시,20,20,21
애완용품점,충청남도,계룡시,8,8,9
애완용품점,충청남도,당진시,37,35,40
애완용품점,충청남도,금산군,10,11,11
애완용품점,충청남도,부여군,9,9,9
애완용품점,충청남도,서천군,4,4,4
애완용품점,충청남도,청양군,5,5,5
애완용품점,충청남도,홍성군,27,26,21
애완용품점,충청남도,예산군,17,17,17
애완용품점,충청남도,태안군,13,13,11
애완용품점,경상북도,포항시 남구,56,55,62
애완용품점,경상북도,포항시 북구,62,62,68
애완용품점,경상북도,경주시,47,48,40
애완용품점,경상북도,김천시,28,28,25
애완용품점,경상북도,안동시,31,31,33
애완용품점,경상북도,구미시,109,106,105
애완용품점,경상북도,영주시,21,22,24
애완용품점,경상북도,영천시,19,19,21
애완용품점,경상북도,상주시,16,16,18
애완용품점,경상북도,문경시,15,14,14
애완용품점,경상북도,경산시,78,77,70
애완용품점,경상북도,의성군,3,3,4
애완용품점,경상북도,청송군,0,0,0
애완용품점,경상북도,영양군,0,0,0
애완용품점,경상북도,영덕군,9,9,8
애완용품점,경상북도,청도군,5,5,5
애완용품점,경상북도,고령군,3,3,4
애완용품점,경상북도,성주군,4,4,4
애완용품점,경상북도,칠곡군,35,35,40
애완용품점,경상북도,예천군,5,5,4
애완용품점,경상북도,봉화군,0,0,0
애완용품점,경상북도,울진군,8,8,8
애완용품점,경상남도,창원시 의창구,54,54,54
애완용품점,경상남도,창원시 성산구,41,41,43
애완용품점,경상남도,창원시 마산합포구,46,45,42
애완용품점,경상남도,창원시 마산회원구,27,26,28
애완용품점,경상남도,창원시 진해구,38,38,39
애완용품점,경상남도,진주시,64,63,58
애완용품점,경상남도,통영시,9,8,9
애완용품점,경상남도,사천시,31,31,33
애완용품점,경상남도,김해시,143,143,130
애완용품점,경상남도,밀양시,10,10,14
애완용품점,경상남도,거제시,49,48,48
애완용품점,경상남도,양산시,103,104,103
애완용품점,경상남도,의령군,4,4,5
애완용품점,경상남도,함안군,10,10,10
애완용품점,경상남도,창녕군,9,9,8
애완용품점,경상남도,고성군,8,8,8
애완용품점,경상남도,남해군,0,0,0
애완용품점,경상남도,하동군,0,0,0
애완용품점,경상남도,산청군,4,4,4
애완용품점,경상남도,함양군,9,9,10
애완용품점,경상남도,거창군,11,11,12
애완용품점,경상남도,합천군,0,0,0
애완용품점,제주특별자치도,제주시,128,128,129
애완용품점,제주특별자치도,서귀포시,33,33,33
애완용품점,강원특별자치도,춘천시,74,75,72
애완용품점,강원특별자치도,원주시,106,107,107
애완용품점,강원특별자치도,강릉시,50,50,54
애완용품점,강원특별자치도,동해시,23,22,22
애완용품점,강원특별자치도,태백시,6,6,7
애완용품점,강원특별자치도,속초시,38,38,37
애완용품점,강원특별자치도,삼척시,8,8,9
애완용품점,강원특별자치도,홍천군,11,11,10
애완용품점,강원특별자치도,횡성군,6,5,5
애완용품점,강원특별자치도,영월군,6,6,6
애완용품점,강원특별자치도,평창군,9,10,10
애완용품점,강원특별자치도,정선군,5,4,4
애완용품점,강원특별자치도,철원군,10,10,10
애완용품점,강원특별자치도,화천군,4,4,4
애완용품점,강원특별자치도,양구군,4,4,3
애완용품점,강원특별자치도,인제군,3,3,3
애완용품점,강원특별자치도,고성군,4,4,4
애완용품점,강원특별자치도,양양군,4,4,6
애완용품점,전북특별자치도,전주시 완산구,76,77,76
애완용품점,전북특별자치도,전주시 덕진구,56,55,60
애완용품점,전북특별자치도,군산시,70,72,60
애완용품점,전북특별자치도,익산시,66,65,64
애완용품점,전북특별자치도,정읍시,11,10,11
애완용품점,전북특별자치도,남원시,15,15,14
애완용품점,전북특별자치도,김제시,14,14,12
애완용품점,전북특별자치도,완주군,10,9,9
애완용품점,전북특별자치도,진안군,3,3,4
애완용품점,전북특별자치도,무주군,0,0,0
애완용품점,전북특별자치도,장수군,0,0,0
애완용품점,전북특별자치도,임실군,3,3,0
애완용품점,전북특별자치도,순창군,3,3,3
애완용품점,전북특별자치도,고창군,4,4,7
애완용품점,전북특별자치도,부안군,5,5,6
약국,서울특별시,종로구,202,202,198
약국,서울특별시,중구,198,200,174
약국,서울특별시,용산구,114,115,117
약국,서울특별시,성동구,172,170,161
약국,서울특별시,광진구,200,201,198
약국,서울특별시,동대문구,237,240,227
약국,서울특별시,중랑구,198,198,190
약국,서울특별시,성북구,211,208,210
약국,서울특별시,강북구,167,169,167
약국,서울특별시,도봉구,126,127,125
약국,서울특별시,노원구,232,234,238
약국,서울특별시,은평구,236,235,235
약국,서울특별시,서대문구,165,166,168
약국,서울특별시,마포구,238,230,215
약국,서울특별시,양천구,200,198,196
약국,서울특별시,강서구,302,301,292
약국,서울특별시,구로구,208,204,201
약국,서울특별시,금천구,143,145,142
약국,서울특별시,영등포구,284,287,280
약국,서울특별시,동작구,203,201,203
약국,서울특별시,관악구,238,235,237
약국,서울특별시,서초구,338,336,325
약국,서울특별시,강남구,559,555,553
약국,서울특별시,송파구,424,429,400
약국,서울특별시,강동구,309,311,305
약국,전남광주통합특별시,목포시,116,116,116
약국,전남광주통합특별시,여수시,122,122,124
약국,전남광주통합특별시,순천시,115,115,118
약국,전남광주통합특별시,나주시,54,54,51
약국,전남광주통합특별시,광양시,51,52,51
약국,전남광주통합특별시,동구,99,100,98
약국,전남광주통합특별시,서구,156,159,151
약국,전남광주통합특별시,남구,110,111,109
약국,전남광주통합특별시,북구,203,203,198
약국,전남광주통합특별시,광산구,166,166,166
약국,전남광주통합특별시,담양군,21,21,21
약국,전남광주통합특별시,곡성군,15,15,15
약국,전남광주통합특별시,구례군,10,10,10
약국,전남광주통합특별시,고흥군,29,29,28
약국,전남광주통합특별시,보성군,23,23,23
약국,전남광주통합특별시,화순군,34,34,34
약국,전남광주통합특별시,장흥군,15,15,16
약국,전남광주통합특별시,강진군,13,13,13
약국,전남광주통합특별시,해남군,32,32,33
약국,전남광주통합특별시,영암군,25,25,24
약국,전남광주통합특별시,무안군,38,38,37
약국,전남광주통합특별시,함평군,14,14,14
약국,전남광주통합특별시,영광군,25,26,24
약국,전남광주통합특별시,장성군,18,19,18
약국,전남광주통합특별시,완도군,22,21,21
약국,전남광주통합특별시,진도군,13,13,14
약국,전남광주통합특별시,신안군,10,10,10
약국,부산광역시,중구,59,57,51
약국,부산광역시,서구,95,95,95
약국,부산광역시,동구,72,71,71
약국,부산광역시,영도구,54,54,56
약국,부산광역시,부산진구,232,232,228
약국,부산광역시,동래구,152,152,156
약국,부산광역시,남구,119,120,126
약국,부산광역시,북구,110,110,109
약국,부산광역시,해운대구,188,186,184
약국,부산광역시,사하구,135,135,134
약국,부산광역시,금정구,113,114,112
약국,부산광역시,강서구,49,50,45
약국,부산광역시,연제구,108,109,105
약국,부산광역시,수영구,100,101,100
약국,부산광역시,사상구,80,79,81
약국,부산광역시,기장군,70,70,71
약국,대구광역시,중구,157,158,155
약국,대구광역시,동구,191,194,191
약국,대구광역시,서구,111,112,109
약국,대구광역시,남구,113,111,110
약국,대구광역시,북구,209,211,207
약국,대구광역시,수성구,249,248,236
약국,대구광역시,달서구,285,286,288
약국,대구광역시,달성군,96,96,95
약국,대구광역시,군위군,9,9,9
약국,인천광역시,제물포구,70,69,69
약국,인천광역시,영종구,41,41,38
약국,인천광역시,미추홀구,204,204,198
약국,인천광역시,연수구,149,147,146
약국,인천광역시,남동구,240,239,242
약국,인천광역시,부평구,246,245,248
약국,인천광역시,계양구,127,125,126
약국,인천광역시,서해구,138,139,137
약국,인천광역시,검단구,79,78,76
약국,인천광역시,강화군,29,29,28
약국,인천광역시,옹진군,4,4,4
약국,대전광역시,동구,120,122,122
약국,대전광역시,중구,150,150,155
약국,대전광역시,서구,258,262,256
약국,대전광역시,유성구,158,157,153
약국,대전광역시,대덕구,91,90,91
약국,울산광역시,중구,84,84,83
약국,울산광역시,남구,161,161,159
약국,울산광역시,동구,73,72,71
약국,울산광역시,북구,62,59,59
약국,울산광역시,울주군,72,71,70
약국,세종특별자치시,0,165,161,160
약국,경기도,수원시 장안구,123,121,117
약국,경기도,수원시 권선구,140,141,138
약국,경기도,수원시 팔달구,160,162,162
약국,경기도,수원시 영통구,161,158,159
약국,경기도,성남시 수정구,147,146,143
약국,경기도,성남시 중원구,103,104,109
약국,경기도,성남시 분당구,289,288,286
약국,경기도,의정부시,221,216,209
약국,경기도,안양시 만안구,110,111,107
약국,경기도,안양시 동안구,179,177,179
약국,경기도,부천시 원미구,231,229,221
약국,경기도,부천시 소사구,106,106,108
약국,경기도,부천시 오정구,76,76,74
약국,경기도,광명시,140,141,133
약국,경기도,평택시,279,280,278
약국,경기도,동두천시,40,40,41
약국,경기도,안산시 상록구,121,122,121
약국,경기도,안산시 단원구,179,181,180
약국,경기도,고양시 덕양구,214,215,216
약국,경기도,고양시 일산동구,147,148,144
약국,경기도,고양시 일산서구,134,132,132
약국,경기도,과천시,33,33,32
약국,경기도,구리시,106,109,101
약국,경기도,남양주시,292,287,289
약국,경기도,오산시,98,98,91
약국,경기도,시흥시,191,193,197
약국,경기도,군포시,114,114,106
약국,경기도,의왕시,50,50,46
약국,경기도,하남시,137,140,137
약국,경기도,용인시 처인구,106,105,100
약국,경기도,용인시 기흥구,177,175,171
약국,경기도,용인시 수지구,151,149,147
약국,경기도,파주시,173,175,167
약국,경기도,이천시,108,107,103
약국,경기도,안성시,89,89,89
약국,경기도,김포시,164,166,175
약국,경기도,화성시,0,0,0
약국,경기도,화성시 만세구,103,101,100
약국,경기도,화성시 효행구,53,52,49
약국,경기도,화성시 병점구,58,57,55
약국,경기도,화성시 동탄구,141,140,117
약국,경기도,광주시,135,133,130
약국,경기도,양주시,104,103,101
약국,경기도,포천시,58,58,59
약국,경기도,여주시,51,51,47
약국,경기도,연천군,22,22,21
약국,경기도,가평군,28,28,28
약국,경기도,양평군,50,50,50
약국,충청북도,청주시 상당구,90,91,91
약국,충청북도,청주시 서원구,90,90,91
약국,충청북도,청주시 흥덕구,135,135,131
약국,충청북도,청주시 청원구,77,76,81
약국,충청북도,충주시,96,96,94
약국,충청북도,제천시,55,55,56
약국,충청북도,보은군,17,17,17
약국,충청북도,옥천군,22,22,22
약국,충청북도,영동군,24,24,23
약국,충청북도,증평군,25,25,25
약국,충청북도,진천군,40,40,41
약국,충청북도,괴산군,13,13,14
약국,충청북도,음성군,46,47,43
약국,충청북도,단양군,9,9,9
약국,충청남도,천안시 동남구,144,145,147
약국,충청남도,천안시 서북구,182,181,175
약국,충청남도,공주시,59,58,58
약국,충청남도,보령시,50,52,50
약국,충청남도,아산시,143,142,137
약국,충청남도,서산시,75,75,78
약국,충청남도,논산시,65,65,66
약국,충청남도,계룡시,17,17,18
약국,충청남도,당진시,79,81,73
약국,충청남도,금산군,35,35,34
약국,충청남도,부여군,36,37,35
약국,충청남도,서천군,27,27,28
약국,충청남도,청양군,13,13,13
약국,충청남도,홍성군,43,43,42
약국,충청남도,예산군,37,37,38
약국,충청남도,태안군,29,29,31
약국,경상북도,포항시 남구,100,100,101
약국,경상북도,포항시 북구,132,133,134
약국,경상북도,경주시,122,123,120
약국,경상북도,김천시,50,50,50
약국,경상북도,안동시,65,65,69
약국,경상북도,구미시,182,183,169
약국,경상북도,영주시,37,37,39
약국,경상북도,영천시,45,45,44
약국,경상북도,상주시,45,45,46
약국,경상북도,문경시,44,43,41
약국,경상북도,경산시,118,117,114
약국,경상북도,의성군,20,20,20
약국,경상북도,청송군,11,11,11
약국,경상북도,영양군,4,4,4
약국,경상북도,영덕군,23,22,23
약국,경상북도,청도군,17,17,17
약국,경상북도,고령군,11,11,11
약국,경상북도,성주군,16,16,16
약국,경상북도,칠곡군,46,46,47
약국,경상북도,예천군,18,19,16
약국,경상북도,봉화군,14,14,14
약국,경상북도,울진군,20,20,20
약국,경상북도,울릉군,0,0,0
약국,경상남도,창원시 의창구,106,105,102
약국,경상남도,창원시 성산구,95,95,95
약국,경상남도,창원시 마산합포구,77,77,75
약국,경상남도,창원시 마산회원구,87,87,88
약국,경상남도,창원시 진해구,72,72,72
약국,경상남도,진주시,176,175,177
약국,경상남도,통영시,63,62,61
약국,경상남도,사천시,48,48,49
약국,경상남도,김해시,198,196,193
약국,경상남도,밀양시,46,47,45
약국,경상남도,거제시,80,81,78
약국,경상남도,양산시,153,153,156
약국,경상남도,의령군,10,10,11
약국,경상남도,함안군,25,25,24
약국,경상남도,창녕군,28,28,30
약국,경상남도,고성군,17,17,17
약국,경상남도,남해군,19,19,19
약국,경상남도,하동군,14,15,15
약국,경상남도,산청군,15,15,14
약국,경상남도,함양군,20,20,21
약국,경상남도,거창군,33,33,33
약국,경상남도,합천군,16,16,18
약국,제주특별자치도,제주시,251,251,246
약국,제주특별자치도,서귀포시,78,78,77
약국,강원특별자치도,춘천시,141,140,135
약국,강원특별자치도,원주시,187,188,189
약국,강원특별자치도,강릉시,95,94,96
약국,강원특별자치도,동해시,38,38,38
약국,강원특별자치도,태백시,20,20,21
약국,강원특별자치도,속초시,42,42,42
약국,강원특별자치도,삼척시,29,30,24
약국,강원특별자치도,홍천군,27,27,29
약국,강원특별자치도,횡성군,18,18,17
약국,강원특별자치도,영월군,17,17,17
약국,강원특별자치도,평창군,18,18,18
약국,강원특별자치도,정선군,13,13,14
약국,강원특별자치도,철원군,19,19,19
약국,강원특별자치도,화천군,8,8,8
약국,강원특별자치도,양구군,7,7,7
약국,강원특별자치도,인제군,11,11,12
약국,강원특별자치도,고성군,12,11,10
약국,강원특별자치도,양양군,11,11,11
약국,전북특별자치도,전주시 완산구,218,219,212
약국,전북특별자치도,전주시 덕진구,180,179,179
약국,전북특별자치도,군산시,138,139,139
약국,전북특별자치도,익산시,159,160,159
약국,전북특별자치도,정읍시,63,64,63
약국,전북특별자치도,남원시,39,39,40
약국,전북특별자치도,김제시,44,44,42
약국,전북특별자치도,완주군,42,41,43
약국,전북특별자치도,진안군,10,10,10
약국,전북특별자치도,무주군,12,12,12
약국,전북특별자치도,장수군,9,9,9
약국,전북특별자치도,임실군,14,14,14
약국,전북특별자치도,순창군,14,14,16
약국,전북특별자치도,고창군,23,23,24
약국,전북특별자치도,부안군,29,29,31
옷가게,서울특별시,종로구,680,676,677
옷가게,서울특별시,중구,1807,1817,1845
옷가게,서울특별시,용산구,541,544,525
옷가게,서울특별시,성동구,369,370,372
옷가게,서울특별시,광진구,412,408,425
옷가게,서울특별시,동대문구,493,492,482
옷가게,서울특별시,중랑구,459,463,488
옷가게,서울특별시,성북구,430,436,434
옷가게,서울특별시,강북구,336,338,352
옷가게,서울특별시,도봉구,596,597,553
옷가게,서울특별시,노원구,457,463,490
옷가게,서울특별시,은평구,481,488,529
옷가게,서울특별시,서대문구,284,278,295
옷가게,서울특별시,마포구,608,611,633
옷가게,서울특별시,양천구,406,412,416
옷가게,서울특별시,강서구,532,537,560
옷가게,서울특별시,구로구,463,468,487
옷가게,서울특별시,금천구,298,300,324
옷가게,서울특별시,영등포구,532,532,549
옷가게,서울특별시,동작구,287,285,293
옷가게,서울특별시,관악구,408,411,461
옷가게,서울특별시,서초구,847,853,857
옷가게,서울특별시,강남구,1146,1155,1188
옷가게,서울특별시,송파구,860,867,873
옷가게,서울특별시,강동구,503,509,525
옷가게,전남광주통합특별시,목포시,440,452,484
옷가게,전남광주통합특별시,여수시,465,470,496
옷가게,전남광주통합특별시,순천시,504,504,550
옷가게,전남광주통합특별시,나주시,139,142,144
옷가게,전남광주통합특별시,광양시,185,188,200
옷가게,전남광주통합특별시,동구,584,589,599
옷가게,전남광주통합특별시,서구,556,560,599
옷가게,전남광주통합특별시,남구,292,294,300
옷가게,전남광주통합특별시,북구,587,587,625
옷가게,전남광주통합특별시,광산구,540,545,579
옷가게,전남광주통합특별시,담양군,62,64,59
옷가게,전남광주통합특별시,곡성군,22,22,20
옷가게,전남광주통합특별시,구례군,27,27,27
옷가게,전남광주통합특별시,고흥군,64,64,71
옷가게,전남광주통합특별시,보성군,40,40,38
옷가게,전남광주통합특별시,화순군,73,73,81
옷가게,전남광주통합특별시,장흥군,48,47,46
옷가게,전남광주통합특별시,강진군,41,41,44
옷가게,전남광주통합특별시,해남군,83,83,82
옷가게,전남광주통합특별시,영암군,40,39,39
옷가게,전남광주통합특별시,무안군,113,114,115
옷가게,전남광주통합특별시,함평군,21,21,24
옷가게,전남광주통합특별시,영광군,67,66,64
옷가게,전남광주통합특별시,장성군,32,32,31
옷가게,전남광주통합특별시,완도군,50,51,51
옷가게,전남광주통합특별시,진도군,20,20,18
옷가게,전남광주통합특별시,신안군,10,9,7
옷가게,부산광역시,중구,864,865,879
옷가게,부산광역시,서구,90,92,93
옷가게,부산광역시,동구,680,684,690
옷가게,부산광역시,영도구,97,99,103
옷가게,부산광역시,부산진구,1006,1013,1043
옷가게,부산광역시,동래구,352,349,369
옷가게,부산광역시,남구,344,346,362
옷가게,부산광역시,북구,273,273,288
옷가게,부산광역시,해운대구,580,580,602
옷가게,부산광역시,사하구,287,290,293
옷가게,부산광역시,금정구,334,342,345
옷가게,부산광역시,강서구,135,132,135
옷가게,부산광역시,연제구,198,200,211
옷가게,부산광역시,수영구,339,342,353
옷가게,부산광역시,사상구,507,512,534
옷가게,부산광역시,기장군,225,225,237
옷가게,대구광역시,중구,1988,1993,1979
옷가게,대구광역시,동구,373,373,379
옷가게,대구광역시,서구,258,259,255
옷가게,대구광역시,남구,310,308,306
옷가게,대구광역시,북구,463,469,480
옷가게,대구광역시,수성구,536,541,574
옷가게,대구광역시,달서구,578,587,617
옷가게,대구광역시,달성군,215,214,223
옷가게,대구광역시,군위군,15,15,13
옷가게,인천광역시,제물포구,360,360,370
옷가게,인천광역시,영종구,103,103,109
옷가게,인천광역시,미추홀구,672,670,671
옷가게,인천광역시,연수구,473,472,511
옷가게,인천광역시,남동구,537,530,542
옷가게,인천광역시,부평구,1091,1081,1098
옷가게,인천광역시,계양구,278,279,281
옷가게,인천광역시,서해구,508,506,524
옷가게,인천광역시,검단구,224,222,215
옷가게,인천광역시,강화군,79,81,83
옷가게,대전광역시,동구,493,491,485
옷가게,대전광역시,중구,598,606,629
옷가게,대전광역시,서구,661,662,698
옷가게,대전광역시,유성구,554,564,589
옷가게,대전광역시,대덕구,222,220,209
옷가게,울산광역시,중구,432,435,464
옷가게,울산광역시,남구,505,504,555
옷가게,울산광역시,동구,178,178,190
옷가게,울산광역시,북구,179,183,189
옷가게,울산광역시,울주군,200,199,203
옷가게,세종특별자치시,0,352,354,399
옷가게,경기도,수원시 장안구,248,248,260
옷가게,경기도,수원시 권선구,329,332,337
옷가게,경기도,수원시 팔달구,546,552,558
옷가게,경기도,수원시 영통구,281,280,322
옷가게,경기도,성남시 수정구,343,341,350
옷가게,경기도,성남시 중원구,278,279,287
옷가게,경기도,성남시 분당구,670,675,696
옷가게,경기도,의정부시,802,811,835
옷가게,경기도,안양시 만안구,345,348,366
옷가게,경기도,안양시 동안구,318,320,348
옷가게,경기도,부천시 원미구,648,655,680
옷가게,경기도,부천시 소사구,347,350,335
옷가게,경기도,부천시 오정구,164,164,180
옷가게,경기도,광명시,364,363,365
옷가게,경기도,평택시,903,908,955
옷가게,경기도,동두천시,179,180,183
옷가게,경기도,안산시 상록구,401,400,430
옷가게,경기도,안산시 단원구,429,437,483
옷가게,경기도,고양시 덕양구,493,500,524
옷가게,경기도,고양시 일산동구,535,543,563
옷가게,경기도,고양시 일산서구,413,418,420
옷가게,경기도,과천시,87,87,88
옷가게,경기도,구리시,337,338,368
옷가게,경기도,남양주시,1038,1045,1090
옷가게,경기도,오산시,261,263,275
옷가게,경기도,시흥시,612,619,625
옷가게,경기도,군포시,234,237,240
옷가게,경기도,의왕시,104,103,107
옷가게,경기도,하남시,397,394,404
옷가게,경기도,용인시 처인구,323,324,344
옷가게,경기도,용인시 기흥구,445,448,465
옷가게,경기도,용인시 수지구,314,318,333
옷가게,경기도,파주시,623,627,642
옷가게,경기도,이천시,295,296,312
옷가게,경기도,안성시,234,236,237
옷가게,경기도,김포시,750,751,787
옷가게,경기도,화성시,0,0,0
옷가게,경기도,화성시 만세구,209,209,212
옷가게,경기도,화성시 효행구,121,121,117
옷가게,경기도,화성시 병점구,114,116,120
옷가게,경기도,화성시 동탄구,427,427,447
옷가게,경기도,광주시,438,438,454
옷가게,경기도,양주시,334,334,352
옷가게,경기도,포천시,219,218,228
옷가게,경기도,여주시,151,154,166
옷가게,경기도,연천군,58,59,61
옷가게,경기도,가평군,89,89,85
옷가게,경기도,양평군,141,143,149
옷가게,충청북도,청주시 상당구,525,525,545
옷가게,충청북도,청주시 서원구,228,231,230
옷가게,충청북도,청주시 흥덕구,377,374,383
옷가게,충청북도,청주시 청원구,234,234,249
옷가게,충청북도,충주시,346,344,355
옷가게,충청북도,제천시,244,245,257
옷가게,충청북도,보은군,33,33,33
옷가게,충청북도,옥천군,72,71,65
옷가게,충청북도,영동군,59,60,54
옷가게,충청북도,증평군,78,79,74
옷가게,충청북도,진천군,114,115,118
옷가게,충청북도,괴산군,26,26,28
옷가게,충청북도,음성군,123,124,130
옷가게,충청북도,단양군,25,25,28
옷가게,충청남도,천안시 동남구,375,380,396
옷가게,충청남도,천안시 서북구,497,500,523
옷가게,충청남도,공주시,158,157,182
옷가게,충청남도,보령시,185,185,191
옷가게,충청남도,아산시,361,357,354
옷가게,충청남도,서산시,301,299,324
옷가게,충청남도,논산시,212,213,222
옷가게,충청남도,계룡시,57,57,55
옷가게,충청남도,당진시,216,216,242
옷가게,충청남도,금산군,69,69,76
옷가게,충청남도,부여군,85,87,89
옷가게,충청남도,서천군,77,77,83
옷가게,충청남도,청양군,23,24,27
옷가게,충청남도,홍성군,158,160,164
옷가게,충청남도,예산군,119,119,123
옷가게,충청남도,태안군,92,95,101
옷가게,경상북도,포항시 남구,314,317,338
옷가게,경상북도,포항시 북구,585,580,591
옷가게,경상북도,경주시,477,477,477
옷가게,경상북도,김천시,161,163,167
옷가게,경상북도,안동시,321,320,315
옷가게,경상북도,구미시,600,600,625
옷가게,경상북도,영주시,231,231,240
옷가게,경상북도,영천시,150,152,153
옷가게,경상북도,상주시,144,145,145
옷가게,경상북도,문경시,117,118,118
옷가게,경상북도,경산시,376,377,392
옷가게,경상북도,의성군,42,42,43
옷가게,경상북도,청송군,21,22,26
옷가게,경상북도,영양군,11,11,8
옷가게,경상북도,영덕군,43,43,44
옷가게,경상북도,청도군,43,44,42
옷가게,경상북도,고령군,21,21,22
옷가게,경상북도,성주군,41,41,43
옷가게,경상북도,칠곡군,135,135,143
옷가게,경상북도,예천군,48,50,49
옷가게,경상북도,봉화군,22,23,23
옷가게,경상북도,울진군,59,59,62
옷가게,경상북도,울릉군,7,7,7
옷가게,경상남도,창원시 의창구,276,281,292
옷가게,경상남도,창원시 성산구,433,430,449
옷가게,경상남도,창원시 마산합포구,469,470,486
옷가게,경상남도,창원시 마산회원구,261,262,276
옷가게,경상남도,창원시 진해구,243,245,263
옷가게,경상남도,진주시,624,628,660
옷가게,경상남도,통영시,245,246,260
옷가게,경상남도,사천시,189,189,186
옷가게,경상남도,김해시,737,741,764
옷가게,경상남도,밀양시,118,119,126
옷가게,경상남도,거제시,302,310,328
옷가게,경상남도,양산시,441,445,464
옷가게,경상남도,의령군,16,16,16
옷가게,경상남도,함안군,38,37,43
옷가게,경상남도,창녕군,68,66,63
옷가게,경상남도,고성군,72,71,65
옷가게,경상남도,남해군,37,39,41
옷가게,경상남도,하동군,61,62,66
옷가게,경상남도,산청군,19,19,21
옷가게,경상남도,함양군,52,50,52
옷가게,경상남도,거창군,109,108,114
옷가게,경상남도,합천군,33,33,33
옷가게,제주특별자치도,제주시,1228,1226,1264
옷가게,제주특별자치도,서귀포시,300,305,322
옷가게,강원특별자치도,춘천시,534,536,550
옷가게,강원특별자치도,원주시,622,621,658
옷가게,강원특별자치도,강릉시,437,438,456
옷가게,강원특별자치도,동해시,185,181,200
옷가게,강원특별자치도,태백시,98,99,97
옷가게,강원특별자치도,속초시,200,201,215
옷가게,강원특별자치도,삼척시,105,105,119
옷가게,강원특별자치도,홍천군,96,96,103
옷가게,강원특별자치도,횡성군,61,62,65
옷가게,강원특별자치도,영월군,45,46,50
옷가게,강원특별자치도,평창군,40,41,47
옷가게,강원특별자치도,정선군,40,41,41
옷가게,강원특별자치도,철원군,68,68,69
옷가게,강원특별자치도,화천군,14,14,13
옷가게,강원특별자치도,양구군,27,27,30
옷가게,강원특별자치도,인제군,38,38,38
옷가게,강원특별자치도,고성군,32,32,35
옷가게,강원특별자치도,양양군,40,40,37
옷가게,전북특별자치도,전주시 완산구,885,884,930
옷가게,전북특별자치도,전주시 덕진구,406,408,455
옷가게,전북특별자치도,군산시,477,480,507
옷가게,전북특별자치도,익산시,502,504,529
옷가게,전북특별자치도,정읍시,178,176,180
옷가게,전북특별자치도,남원시,156,157,152
옷가게,전북특별자치도,김제시,88,87,100
옷가게,전북특별자치도,완주군,66,68,66
옷가게,전북특별자치도,진안군,16,16,19
옷가게,전북특별자치도,무주군,25,24,30
옷가게,전북특별자치도,장수군,15,15,14
옷가게,전북특별자치도,임실군,15,15,16
옷가게,전북특별자치도,순창군,35,35,33
옷가게,전북특별자치도,고창군,61,62,67
옷가게,전북특별자치도,부안군,66,65,65
의료용품가게,서울특별시,종로구,43,44,50
의료용품가게,서울특별시,중구,37,35,40
의료용품가게,서울특별시,용산구,31,31,30
의료용품가게,서울특별시,성동구,39,39,32
의료용품가게,서울특별시,광진구,62,64,55
의료용품가게,서울특별시,동대문구,48,46,39
의료용품가게,서울특별시,중랑구,42,43,44
의료용품가게,서울특별시,성북구,37,38,34
의료용품가게,서울특별시,강북구,43,42,48
의료용품가게,서울특별시,도봉구,27,27,28
의료용품가게,서울특별시,노원구,67,68,64
의료용품가게,서울특별시,은평구,53,55,58
의료용품가게,서울특별시,서대문구,22,22,22
의료용품가게,서울특별시,마포구,45,45,45
의료용품가게,서울특별시,양천구,50,50,52
의료용품가게,서울특별시,강서구,94,94,88
의료용품가게,서울특별시,구로구,58,59,59
의료용품가게,서울특별시,금천구,64,64,55
의료용품가게,서울특별시,영등포구,81,82,81
의료용품가게,서울특별시,동작구,38,37,39
의료용품가게,서울특별시,관악구,45,44,44
의료용품가게,서울특별시,서초구,107,109,110
의료용품가게,서울특별시,강남구,154,157,159
의료용품가게,서울특별시,송파구,97,99,104
의료용품가게,서울특별시,강동구,97,100,99
의료용품가게,전남광주통합특별시,목포시,41,41,42
의료용품가게,전남광주통합특별시,여수시,40,41,44
의료용품가게,전남광주통합특별시,순천시,45,46,44
의료용품가게,전남광주통합특별시,나주시,19,18,17
의료용품가게,전남광주통합특별시,광양시,12,12,15
의료용품가게,전남광주통합특별시,동구,45,46,50
의료용품가게,전남광주통합특별시,서구,64,63,62
의료용품가게,전남광주통합특별시,남구,34,35,32
의료용품가게,전남광주통합특별시,북구,88,88,89
의료용품가게,전남광주통합특별시,광산구,61,62,62
의료용품가게,전남광주통합특별시,담양군,4,4,5
의료용품가게,전남광주통합특별시,곡성군,4,4,3
의료용품가게,전남광주통합특별시,고흥군,4,4,5
의료용품가게,전남광주통합특별시,보성군,3,3,3
의료용품가게,전남광주통합특별시,화순군,11,11,10
의료용품가게,전남광주통합특별시,장흥군,6,6,6
의료용품가게,전남광주통합특별시,강진군,8,8,8
의료용품가게,전남광주통합특별시,해남군,10,10,10
의료용품가게,전남광주통합특별시,영암군,5,5,3
의료용품가게,전남광주통합특별시,무안군,10,10,10
의료용품가게,전남광주통합특별시,함평군,0,0,0
의료용품가게,전남광주통합특별시,영광군,14,13,12
의료용품가게,전남광주통합특별시,장성군,3,3,0
의료용품가게,전남광주통합특별시,완도군,0,0,0
의료용품가게,전남광주통합특별시,신안군,0,0,0
의료용품가게,부산광역시,중구,27,27,28
의료용품가게,부산광역시,서구,11,11,9
의료용품가게,부산광역시,동구,32,32,30
의료용품가게,부산광역시,영도구,13,13,11
의료용품가게,부산광역시,부산진구,76,76,77
의료용품가게,부산광역시,동래구,74,73,75
의료용품가게,부산광역시,남구,39,39,37
의료용품가게,부산광역시,북구,42,44,41
의료용품가게,부산광역시,해운대구,67,67,69
의료용품가게,부산광역시,사하구,38,37,42
의료용품가게,부산광역시,금정구,50,50,52
의료용품가게,부산광역시,강서구,23,22,19
의료용품가게,부산광역시,연제구,43,43,45
의료용품가게,부산광역시,수영구,38,37,31
의료용품가게,부산광역시,사상구,40,40,39
의료용품가게,부산광역시,기장군,24,23,22
의료용품가게,대구광역시,중구,62,63,59
의료용품가게,대구광역시,동구,48,48,51
의료용품가게,대구광역시,서구,23,23,21
의료용품가게,대구광역시,남구,37,36,39
의료용품가게,대구광역시,북구,53,54,49
의료용품가게,대구광역시,수성구,72,72,68
의료용품가게,대구광역시,달서구,72,74,66
의료용품가게,대구광역시,달성군,11,11,12
의료용품가게,대구광역시,군위군,5,5,5
의료용품가게,인천광역시,제물포구,16,15,13
의료용품가게,인천광역시,영종구,4,4,6
의료용품가게,인천광역시,미추홀구,50,50,48
의료용품가게,인천광역시,연수구,31,30,29
의료용품가게,인천광역시,남동구,55,57,52
의료용품가게,인천광역시,부평구,78,78,77
의료용품가게,인천광역시,계양구,38,38,36
의료용품가게,인천광역시,서해구,43,43,43
의료용품가게,인천광역시,검단구,26,25,18
의료용품가게,인천광역시,강화군,11,11,10
의료용품가게,인천광역시,옹진군,0,0,0
의료용품가게,대전광역시,동구,44,45,47
의료용품가게,대전광역시,중구,45,45,41
의료용품가게,대전광역시,서구,87,86,84
의료용품가게,대전광역시,유성구,58,57,53
의료용품가게,대전광역시,대덕구,27,29,32
의료용품가게,울산광역시,중구,29,30,29
의료용품가게,울산광역시,남구,47,47,51
의료용품가게,울산광역시,동구,9,10,8
의료용품가게,울산광역시,북구,13,13,12
의료용품가게,울산광역시,울주군,17,16,17
의료용품가게,세종특별자치시,0,28,28,30
의료용품가게,경기도,수원시 장안구,36,35,41
의료용품가게,경기도,수원시 권선구,24,24,23
의료용품가게,경기도,수원시 팔달구,60,60,54
의료용품가게,경기도,수원시 영통구,31,31,27
의료용품가게,경기도,성남시 수정구,59,61,58
의료용품가게,경기도,성남시 중원구,34,32,31
의료용품가게,경기도,성남시 분당구,110,112,111
의료용품가게,경기도,의정부시,54,54,55
의료용품가게,경기도,안양시 만안구,34,35,36
의료용품가게,경기도,안양시 동안구,78,79,79
의료용품가게,경기도,부천시 원미구,104,104,111
의료용품가게,경기도,부천시 소사구,27,26,27
의료용품가게,경기도,부천시 오정구,8,8,8
의료용품가게,경기도,광명시,52,52,53
의료용품가게,경기도,평택시,52,50,52
의료용품가게,경기도,동두천시,12,12,12
의료용품가게,경기도,안산시 상록구,22,22,19
의료용품가게,경기도,안산시 단원구,39,42,41
의료용품가게,경기도,고양시 덕양구,77,74,67
의료용품가게,경기도,고양시 일산동구,64,64,59
의료용품가게,경기도,고양시 일산서구,36,36,35
의료용품가게,경기도,과천시,4,4,3
의료용품가게,경기도,구리시,39,40,33
의료용품가게,경기도,남양주시,85,88,79
의료용품가게,경기도,오산시,22,23,24
의료용품가게,경기도,시흥시,57,59,58
의료용품가게,경기도,군포시,41,41,32
의료용품가게,경기도,의왕시,9,9,7
의료용품가게,경기도,하남시,75,76,73
의료용품가게,경기도,용인시 처인구,38,39,39
의료용품가게,경기도,용인시 기흥구,50,49,49
의료용품가게,경기도,용인시 수지구,21,21,25
의료용품가게,경기도,파주시,45,45,38
의료용품가게,경기도,이천시,30,30,29
의료용품가게,경기도,안성시,14,14,12
의료용품가게,경기도,김포시,65,68,69
의료용품가게,경기도,화성시,0,0,0
의료용품가게,경기도,화성시 만세구,22,22,20
의료용품가게,경기도,화성시 효행구,9,9,7
의료용품가게,경기도,화성시 병점구,14,14,12
의료용품가게,경기도,화성시 동탄구,41,41,33
의료용품가게,경기도,광주시,33,33,33
의료용품가게,경기도,양주시,30,31,31
의료용품가게,경기도,포천시,13,13,15
의료용품가게,경기도,여주시,14,15,13
의료용품가게,경기도,연천군,0,0,0
의료용품가게,경기도,가평군,5,5,7
의료용품가게,경기도,양평군,10,11,9
의료용품가게,충청북도,청주시 상당구,40,38,42
의료용품가게,충청북도,청주시 서원구,27,27,26
의료용품가게,충청북도,청주시 흥덕구,27,28,26
의료용품가게,충청북도,청주시 청원구,23,23,26
의료용품가게,충청북도,충주시,35,35,33
의료용품가게,충청북도,제천시,21,21,18
의료용품가게,충청북도,보은군,4,4,3
의료용품가게,충청북도,옥천군,7,7,5
의료용품가게,충청북도,영동군,4,4,4
의료용품가게,충청북도,증평군,5,5,5
의료용품가게,충청북도,진천군,5,5,3
의료용품가게,충청북도,괴산군,3,3,3
의료용품가게,충청북도,음성군,11,11,8
의료용품가게,충청북도,단양군,4,4,3
의료용품가게,충청남도,천안시 동남구,49,49,44
의료용품가게,충청남도,천안시 서북구,44,46,46
의료용품가게,충청남도,공주시,13,13,12
의료용품가게,충청남도,보령시,15,15,15
의료용품가게,충청남도,아산시,27,28,30
의료용품가게,충청남도,서산시,22,21,23
의료용품가게,충청남도,논산시,27,26,27
의료용품가게,충청남도,계룡시,0,0,0
의료용품가게,충청남도,당진시,21,21,18
의료용품가게,충청남도,금산군,11,11,9
의료용품가게,충청남도,부여군,8,8,8
의료용품가게,충청남도,서천군,8,8,8
의료용품가게,충청남도,청양군,6,6,6
의료용품가게,충청남도,홍성군,20,20,21
의료용품가게,충청남도,예산군,12,12,12
의료용품가게,충청남도,태안군,5,6,9
의료용품가게,경상북도,포항시 남구,26,26,21
의료용품가게,경상북도,포항시 북구,45,46,42
의료용품가게,경상북도,경주시,22,22,20
의료용품가게,경상북도,김천시,14,14,14
의료용품가게,경상북도,안동시,36,36,39
의료용품가게,경상북도,구미시,40,40,39
의료용품가게,경상북도,영주시,25,25,25
의료용품가게,경상북도,영천시,11,11,10
의료용품가게,경상북도,상주시,19,20,18
의료용품가게,경상북도,문경시,11,11,8
의료용품가게,경상북도,경산시,27,30,29
의료용품가게,경상북도,의성군,5,5,4
의료용품가게,경상북도,청송군,3,3,3
의료용품가게,경상북도,영양군,0,0,0
의료용품가게,경상북도,영덕군,0,0,0
의료용품가게,경상북도,청도군,6,6,5
의료용품가게,경상북도,고령군,0,0,0
의료용품가게,경상북도,성주군,5,5,3
의료용품가게,경상북도,칠곡군,14,13,11
의료용품가게,경상북도,예천군,3,3,0
의료용품가게,경상북도,봉화군,4,4,4
의료용품가게,경상북도,울진군,6,6,6
의료용품가게,경상남도,창원시 의창구,34,33,29
의료용품가게,경상남도,창원시 성산구,26,26,28
의료용품가게,경상남도,창원시 마산합포구,23,22,20
의료용품가게,경상남도,창원시 마산회원구,21,20,21
의료용품가게,경상남도,창원시 진해구,17,18,19
의료용품가게,경상남도,진주시,63,64,63
의료용품가게,경상남도,통영시,14,14,14
의료용품가게,경상남도,사천시,21,21,20
의료용품가게,경상남도,김해시,66,68,69
의료용품가게,경상남도,밀양시,21,21,20
의료용품가게,경상남도,거제시,17,15,17
의료용품가게,경상남도,양산시,59,59,60
의료용품가게,경상남도,의령군,3,3,3
의료용품가게,경상남도,함안군,7,7,8
의료용품가게,경상남도,창녕군,17,17,15
의료용품가게,경상남도,고성군,7,7,6
의료용품가게,경상남도,남해군,6,6,6
의료용품가게,경상남도,하동군,9,9,7
의료용품가게,경상남도,산청군,0,0,0
의료용품가게,경상남도,함양군,3,4,4
의료용품가게,경상남도,거창군,10,10,11
의료용품가게,경상남도,합천군,7,7,7
의료용품가게,제주특별자치도,제주시,72,70,71
의료용품가게,제주특별자치도,서귀포시,15,14,13
의료용품가게,강원특별자치도,춘천시,43,44,45
의료용품가게,강원특별자치도,원주시,88,87,88
의료용품가게,강원특별자치도,강릉시,39,38,36
의료용품가게,강원특별자치도,동해시,11,11,11
의료용품가게,강원특별자치도,태백시,3,3,3
의료용품가게,강원특별자치도,속초시,15,15,16
의료용품가게,강원특별자치도,삼척시,6,8,7
의료용품가게,강원특별자치도,홍천군,3,3,0
의료용품가게,강원특별자치도,횡성군,4,4,5
의료용품가게,강원특별자치도,영월군,3,3,3
의료용품가게,강원특별자치도,평창군,3,3,3
의료용품가게,강원특별자치도,철원군,7,7,7
의료용품가게,강원특별자치도,화천군,0,0,0
의료용품가게,강원특별자치도,양구군,0,0,0
의료용품가게,강원특별자치도,인제군,0,0,0
의료용품가게,강원특별자치도,고성군,3,3,4
의료용품가게,강원특별자치도,양양군,3,3,3
의료용품가게,전북특별자치도,전주시 완산구,101,100,99
의료용품가게,전북특별자치도,전주시 덕진구,71,73,72
의료용품가게,전북특별자치도,군산시,37,38,36
의료용품가게,전북특별자치도,익산시,46,45,47
의료용품가게,전북특별자치도,정읍시,19,20,18
의료용품가게,전북특별자치도,남원시,19,19,21
의료용품가게,전북특별자치도,김제시,17,17,17
의료용품가게,전북특별자치도,완주군,11,11,11
의료용품가게,전북특별자치도,진안군,0,0,0
의료용품가게,전북특별자치도,무주군,5,5,5
의료용품가게,전북특별자치도,장수군,0,0,0
의료용품가게,전북특별자치도,임실군,0,0,0
의료용품가게,전북특별자치도,순창군,4,4,4
의료용품가게,전북특별자치도,고창군,6,6,6
의료용품가게,전북특별자치도,부안군,8,8,8
이륜자동차판매점,서울특별시,종로구,12,12,12
이륜자동차판매점,서울특별시,중구,30,30,33
이륜자동차판매점,서울특별시,용산구,23,23,26
이륜자동차판매점,서울특별시,성동구,16,16,20
이륜자동차판매점,서울특별시,광진구,20,20,20
이륜자동차판매점,서울특별시,동대문구,33,33,34
이륜자동차판매점,서울특별시,중랑구,28,29,32
이륜자동차판매점,서울특별시,성북구,34,34,36
이륜자동차판매점,서울특별시,강북구,17,16,20
이륜자동차판매점,서울특별시,도봉구,8,8,7
이륜자동차판매점,서울특별시,노원구,10,10,9
이륜자동차판매점,서울특별시,은평구,21,21,22
이륜자동차판매점,서울특별시,서대문구,13,13,12
이륜자동차판매점,서울특별시,마포구,13,12,12
이륜자동차판매점,서울특별시,양천구,15,15,18
이륜자동차판매점,서울특별시,강서구,18,18,18
이륜자동차판매점,서울특별시,구로구,15,15,16
이륜자동차판매점,서울특별시,금천구,12,12,12
이륜자동차판매점,서울특별시,영등포구,19,19,21
이륜자동차판매점,서울특별시,동작구,14,14,13
이륜자동차판매점,서울특별시,관악구,29,29,32
이륜자동차판매점,서울특별시,서초구,9,9,10
이륜자동차판매점,서울특별시,강남구,17,17,16
이륜자동차판매점,서울특별시,송파구,9,9,9
이륜자동차판매점,서울특별시,강동구,14,14,12
이륜자동차판매점,전남광주통합특별시,목포시,14,14,14
이륜자동차판매점,전남광주통합특별시,여수시,7,7,8
이륜자동차판매점,전남광주통합특별시,순천시,19,19,17
이륜자동차판매점,전남광주통합특별시,나주시,11,11,11
이륜자동차판매점,전남광주통합특별시,광양시,4,4,4
이륜자동차판매점,전남광주통합특별시,동구,8,8,7
이륜자동차판매점,전남광주통합특별시,서구,15,15,14
이륜자동차판매점,전남광주통합특별시,남구,13,13,15
이륜자동차판매점,전남광주통합특별시,북구,18,18,18
이륜자동차판매점,전남광주통합특별시,광산구,14,14,12
이륜자동차판매점,전남광주통합특별시,담양군,4,4,4
이륜자동차판매점,전남광주통합특별시,곡성군,4,4,4
이륜자동차판매점,전남광주통합특별시,구례군,3,3,3
이륜자동차판매점,전남광주통합특별시,고흥군,7,7,7
이륜자동차판매점,전남광주통합특별시,보성군,3,3,4
이륜자동차판매점,전남광주통합특별시,화순군,3,3,4
이륜자동차판매점,전남광주통합특별시,장흥군,6,6,6
이륜자동차판매점,전남광주통합특별시,강진군,4,4,4
이륜자동차판매점,전남광주통합특별시,해남군,9,9,9
이륜자동차판매점,전남광주통합특별시,영암군,7,7,8
이륜자동차판매점,전남광주통합특별시,무안군,5,5,6
이륜자동차판매점,전남광주통합특별시,함평군,5,5,5
이륜자동차판매점,전남광주통합특별시,영광군,7,7,8
이륜자동차판매점,전남광주통합특별시,장성군,0,0,0
이륜자동차판매점,전남광주통합특별시,완도군,3,3,3
이륜자동차판매점,전남광주통합특별시,진도군,3,3,3
이륜자동차판매점,전남광주통합특별시,신안군,0,0,0
이륜자동차판매점,부산광역시,중구,4,4,3
이륜자동차판매점,부산광역시,서구,4,4,5
이륜자동차판매점,부산광역시,동구,7,8,6
이륜자동차판매점,부산광역시,영도구,4,4,4
이륜자동차판매점,부산광역시,부산진구,32,32,31
이륜자동차판매점,부산광역시,동래구,17,17,16
이륜자동차판매점,부산광역시,남구,19,19,20
이륜자동차판매점,부산광역시,북구,15,15,13
이륜자동차판매점,부산광역시,해운대구,25,25,23
이륜자동차판매점,부산광역시,사하구,14,14,12
이륜자동차판매점,부산광역시,금정구,22,21,21
이륜자동차판매점,부산광역시,강서구,10,10,11
이륜자동차판매점,부산광역시,연제구,10,10,10
이륜자동차판매점,부산광역시,수영구,14,14,14
이륜자동차판매점,부산광역시,사상구,24,23,19
이륜자동차판매점,부산광역시,기장군,11,11,12
이륜자동차판매점,대구광역시,중구,22,22,21
이륜자동차판매점,대구광역시,동구,14,14,17
이륜자동차판매점,대구광역시,서구,24,23,20
이륜자동차판매점,대구광역시,남구,16,16,17
이륜자동차판매점,대구광역시,북구,24,24,24
이륜자동차판매점,대구광역시,수성구,12,12,14
이륜자동차판매점,대구광역시,달서구,29,31,28
이륜자동차판매점,대구광역시,달성군,13,13,16
이륜자동차판매점,대구광역시,군위군,7,7,7
이륜자동차판매점,인천광역시,제물포구,6,6,9
이륜자동차판매점,인천광역시,영종구,0,0,0
이륜자동차판매점,인천광역시,미추홀구,20,19,13
이륜자동차판매점,인천광역시,연수구,9,9,8
이륜자동차판매점,인천광역시,남동구,29,27,19
이륜자동차판매점,인천광역시,부평구,17,18,19
이륜자동차판매점,인천광역시,계양구,6,6,8
이륜자동차판매점,인천광역시,서해구,27,27,20
이륜자동차판매점,인천광역시,검단구,5,5,5
이륜자동차판매점,인천광역시,강화군,6,6,5
이륜자동차판매점,대전광역시,동구,14,14,13
이륜자동차판매점,대전광역시,중구,20,20,20
이륜자동차판매점,대전광역시,서구,18,17,18
이륜자동차판매점,대전광역시,유성구,12,12,12
이륜자동차판매점,대전광역시,대덕구,9,9,9
이륜자동차판매점,울산광역시,중구,14,14,13
이륜자동차판매점,울산광역시,남구,17,17,16
이륜자동차판매점,울산광역시,동구,31,31,29
이륜자동차판매점,울산광역시,북구,14,14,15
이륜자동차판매점,울산광역시,울주군,8,9,6
이륜자동차판매점,세종특별자치시,0,11,11,10
이륜자동차판매점,경기도,수원시 장안구,11,11,9
이륜자동차판매점,경기도,수원시 권선구,14,14,15
이륜자동차판매점,경기도,수원시 팔달구,10,10,11
이륜자동차판매점,경기도,수원시 영통구,7,7,6
이륜자동차판매점,경기도,성남시 수정구,12,12,12
이륜자동차판매점,경기도,성남시 중원구,12,12,11
이륜자동차판매점,경기도,성남시 분당구,0,0,0
이륜자동차판매점,경기도,의정부시,16,16,15
이륜자동차판매점,경기도,안양시 만안구,7,7,7
이륜자동차판매점,경기도,안양시 동안구,10,11,7
이륜자동차판매점,경기도,부천시 원미구,28,29,25
이륜자동차판매점,경기도,부천시 소사구,10,10,11
이륜자동차판매점,경기도,부천시 오정구,9,9,8
이륜자동차판매점,경기도,광명시,8,9,9
이륜자동차판매점,경기도,평택시,34,33,36
이륜자동차판매점,경기도,동두천시,0,0,0
이륜자동차판매점,경기도,안산시 상록구,13,12,12
이륜자동차판매점,경기도,안산시 단원구,8,8,10
이륜자동차판매점,경기도,고양시 덕양구,11,11,10
이륜자동차판매점,경기도,고양시 일산동구,11,11,9
이륜자동차판매점,경기도,고양시 일산서구,9,9,9
이륜자동차판매점,경기도,과천시,0,0,0
이륜자동차판매점,경기도,구리시,12,12,13
이륜자동차판매점,경기도,남양주시,25,25,28
이륜자동차판매점,경기도,오산시,8,9,9
이륜자동차판매점,경기도,시흥시,34,35,38
이륜자동차판매점,경기도,군포시,4,4,5
이륜자동차판매점,경기도,의왕시,0,0,0
이륜자동차판매점,경기도,하남시,12,12,12
이륜자동차판매점,경기도,용인시 처인구,21,21,20
이륜자동차판매점,경기도,용인시 기흥구,8,8,9
이륜자동차판매점,경기도,용인시 수지구,4,4,5
이륜자동차판매점,경기도,파주시,24,24,26
이륜자동차판매점,경기도,이천시,10,10,11
이륜자동차판매점,경기도,안성시,13,14,14
이륜자동차판매점,경기도,김포시,20,20,19
이륜자동차판매점,경기도,화성시 만세구,11,11,10
이륜자동차판매점,경기도,화성시 효행구,7,7,5
이륜자동차판매점,경기도,화성시 병점구,5,5,5
이륜자동차판매점,경기도,화성시 동탄구,7,7,8
이륜자동차판매점,경기도,광주시,15,15,15
이륜자동차판매점,경기도,양주시,18,18,18
이륜자동차판매점,경기도,포천시,14,14,15
이륜자동차판매점,경기도,여주시,6,7,7
이륜자동차판매점,경기도,연천군,0,0,0
이륜자동차판매점,경기도,가평군,5,4,4
이륜자동차판매점,경기도,양평군,9,9,9
이륜자동차판매점,충청북도,청주시 상당구,6,6,5
이륜자동차판매점,충청북도,청주시 서원구,7,7,9
이륜자동차판매점,충청북도,청주시 흥덕구,17,16,14
이륜자동차판매점,충청북도,청주시 청원구,12,12,12
이륜자동차판매점,충청북도,충주시,10,10,11
이륜자동차판매점,충청북도,제천시,7,7,7
이륜자동차판매점,충청북도,보은군,0,0,0
이륜자동차판매점,충청북도,옥천군,4,4,4
이륜자동차판매점,충청북도,영동군,6,6,6
이륜자동차판매점,충청북도,증평군,5,5,7
이륜자동차판매점,충청북도,진천군,4,4,4
이륜자동차판매점,충청북도,괴산군,0,0,0
이륜자동차판매점,충청북도,음성군,7,7,8
이륜자동차판매점,충청북도,단양군,0,0,0
이륜자동차판매점,충청남도,천안시 동남구,15,15,18
이륜자동차판매점,충청남도,천안시 서북구,28,29,26
이륜자동차판매점,충청남도,공주시,7,7,6
이륜자동차판매점,충청남도,보령시,6,6,5
이륜자동차판매점,충청남도,아산시,18,18,20
이륜자동차판매점,충청남도,서산시,7,7,5
이륜자동차판매점,충청남도,논산시,14,14,14
이륜자동차판매점,충청남도,계룡시,0,0,0
이륜자동차판매점,충청남도,당진시,11,10,10
이륜자동차판매점,충청남도,금산군,4,4,4
이륜자동차판매점,충청남도,부여군,5,5,5
이륜자동차판매점,충청남도,서천군,4,4,4
이륜자동차판매점,충청남도,청양군,4,4,4
이륜자동차판매점,충청남도,홍성군,8,8,8
이륜자동차판매점,충청남도,예산군,9,9,9
이륜자동차판매점,충청남도,태안군,5,5,5
이륜자동차판매점,경상북도,포항시 남구,18,18,17
이륜자동차판매점,경상북도,포항시 북구,18,17,17
이륜자동차판매점,경상북도,경주시,16,16,16
이륜자동차판매점,경상북도,김천시,13,13,14
이륜자동차판매점,경상북도,안동시,3,3,5
이륜자동차판매점,경상북도,구미시,18,17,20
이륜자동차판매점,경상북도,영주시,10,10,10
이륜자동차판매점,경상북도,영천시,12,12,12
이륜자동차판매점,경상북도,상주시,13,13,14
이륜자동차판매점,경상북도,문경시,10,10,10
이륜자동차판매점,경상북도,경산시,18,18,19
이륜자동차판매점,경상북도,의성군,9,9,10
이륜자동차판매점,경상북도,청송군,4,4,4
이륜자동차판매점,경상북도,영양군,0,0,0
이륜자동차판매점,경상북도,영덕군,6,6,6
이륜자동차판매점,경상북도,청도군,5,5,5
이륜자동차판매점,경상북도,고령군,3,3,3
이륜자동차판매점,경상북도,성주군,10,10,10
이륜자동차판매점,경상북도,칠곡군,6,6,5
이륜자동차판매점,경상북도,예천군,0,0,0
이륜자동차판매점,경상북도,봉화군,4,4,4
이륜자동차판매점,경상북도,울진군,0,0,0
이륜자동차판매점,경상북도,울릉군,0,0,0
이륜자동차판매점,경상남도,창원시 의창구,14,14,17
이륜자동차판매점,경상남도,창원시 성산구,13,13,13
이륜자동차판매점,경상남도,창원시 마산합포구,16,16,17
이륜자동차판매점,경상남도,창원시 마산회원구,15,15,15
이륜자동차판매점,경상남도,창원시 진해구,6,6,6
이륜자동차판매점,경상남도,진주시,23,24,23
이륜자동차판매점,경상남도,통영시,3,3,3
이륜자동차판매점,경상남도,사천시,7,7,7
이륜자동차판매점,경상남도,김해시,40,40,35
이륜자동차판매점,경상남도,밀양시,12,12,12
이륜자동차판매점,경상남도,거제시,15,15,14
이륜자동차판매점,경상남도,양산시,27,27,27
이륜자동차판매점,경상남도,의령군,0,0,0
이륜자동차판매점,경상남도,함안군,7,7,7
이륜자동차판매점,경상남도,창녕군,10,10,9
이륜자동차판매점,경상남도,고성군,6,6,6
이륜자동차판매점,경상남도,남해군,7,7,6
이륜자동차판매점,경상남도,하동군,6,6,6
이륜자동차판매점,경상남도,산청군,4,4,4
이륜자동차판매점,경상남도,함양군,3,3,3
이륜자동차판매점,경상남도,거창군,8,8,8
이륜자동차판매점,경상남도,합천군,5,5,5
이륜자동차판매점,제주특별자치도,제주시,38,38,38
이륜자동차판매점,제주특별자치도,서귀포시,7,7,9
이륜자동차판매점,강원특별자치도,춘천시,15,15,18
이륜자동차판매점,강원특별자치도,원주시,15,15,13
이륜자동차판매점,강원특별자치도,강릉시,13,13,14
이륜자동차판매점,강원특별자치도,동해시,5,5,5
이륜자동차판매점,강원특별자치도,태백시,0,0,0
이륜자동차판매점,강원특별자치도,속초시,4,4,3
이륜자동차판매점,강원특별자치도,삼척시,5,5,5
이륜자동차판매점,강원특별자치도,홍천군,8,8,7
이륜자동차판매점,강원특별자치도,횡성군,3,3,4
이륜자동차판매점,강원특별자치도,평창군,3,3,3
이륜자동차판매점,강원특별자치도,정선군,3,3,3
이륜자동차판매점,강원특별자치도,철원군,4,4,4
이륜자동차판매점,강원특별자치도,화천군,0,0,0
이륜자동차판매점,강원특별자치도,양구군,0,0,0
이륜자동차판매점,강원특별자치도,인제군,3,3,3
이륜자동차판매점,강원특별자치도,고성군,0,0,0
이륜자동차판매점,강원특별자치도,양양군,0,0,0
이륜자동차판매점,전북특별자치도,전주시 완산구,22,22,22
이륜자동차판매점,전북특별자치도,전주시 덕진구,22,21,22
이륜자동차판매점,전북특별자치도,군산시,7,7,7
이륜자동차판매점,전북특별자치도,익산시,24,24,23
이륜자동차판매점,전북특별자치도,정읍시,7,7,6
이륜자동차판매점,전북특별자치도,남원시,7,7,8
이륜자동차판매점,전북특별자치도,김제시,10,10,10
이륜자동차판매점,전북특별자치도,완주군,9,9,10
이륜자동차판매점,전북특별자치도,무주군,0,0,0
이륜자동차판매점,전북특별자치도,장수군,0,0,0
이륜자동차판매점,전북특별자치도,임실군,4,4,4
이륜자동차판매점,전북특별자치도,순창군,4,4,5
이륜자동차판매점,전북특별자치도,고창군,4,4,4
이륜자동차판매점,전북특별자치도,부안군,5,5,5
자전거판매점,서울특별시,종로구,4,4,4
자전거판매점,서울특별시,중구,4,4,5
자전거판매점,서울특별시,용산구,5,5,6
자전거판매점,서울특별시,성동구,14,14,14
자전거판매점,서울특별시,광진구,26,25,25
자전거판매점,서울특별시,동대문구,14,14,15
자전거판매점,서울특별시,중랑구,21,21,19
자전거판매점,서울특별시,성북구,8,8,9
자전거판매점,서울특별시,강북구,12,12,11
자전거판매점,서울특별시,도봉구,10,10,10
자전거판매점,서울특별시,노원구,24,24,23
자전거판매점,서울특별시,은평구,16,16,16
자전거판매점,서울특별시,서대문구,5,5,7
자전거판매점,서울특별시,마포구,23,23,21
자전거판매점,서울특별시,양천구,24,24,22
자전거판매점,서울특별시,강서구,17,17,19
자전거판매점,서울특별시,구로구,15,15,16
자전거판매점,서울특별시,금천구,4,4,4
자전거판매점,서울특별시,영등포구,20,20,20
자전거판매점,서울특별시,동작구,10,10,9
자전거판매점,서울특별시,관악구,11,11,9
자전거판매점,서울특별시,서초구,18,18,18
자전거판매점,서울특별시,강남구,12,12,12
자전거판매점,서울특별시,송파구,26,26,26
자전거판매점,서울특별시,강동구,35,35,35
자전거판매점,전남광주통합특별시,목포시,16,16,16
자전거판매점,전남광주통합특별시,여수시,10,10,9
자전거판매점,전남광주통합특별시,순천시,15,15,15
자전거판매점,전남광주통합특별시,나주시,9,9,9
자전거판매점,전남광주통합특별시,광양시,7,7,7
자전거판매점,전남광주통합특별시,동구,6,6,6
자전거판매점,전남광주통합특별시,서구,14,14,14
자전거판매점,전남광주통합특별시,남구,9,9,8
자전거판매점,전남광주통합특별시,북구,13,13,13
자전거판매점,전남광주통합특별시,광산구,15,16,15
자전거판매점,전남광주통합특별시,담양군,0,0,0
자전거판매점,전남광주통합특별시,곡성군,0,0,0
자전거판매점,전남광주통합특별시,구례군,0,0,0
자전거판매점,전남광주통합특별시,고흥군,0,0,0
자전거판매점,전남광주통합특별시,보성군,3,3,3
자전거판매점,전남광주통합특별시,화순군,3,3,3
자전거판매점,전남광주통합특별시,장흥군,0,0,0
자전거판매점,전남광주통합특별시,강진군,0,0,0
자전거판매점,전남광주통합특별시,해남군,0,0,0
자전거판매점,전남광주통합특별시,영암군,8,8,8
자전거판매점,전남광주통합특별시,함평군,0,0,0
자전거판매점,전남광주통합특별시,영광군,0,0,0
자전거판매점,전남광주통합특별시,장성군,0,0,0
자전거판매점,전남광주통합특별시,완도군,0,0,0
자전거판매점,전남광주통합특별시,신안군,0,0,0
자전거판매점,부산광역시,중구,0,0,0
자전거판매점,부산광역시,서구,0,0,0
자전거판매점,부산광역시,동구,0,0,0
자전거판매점,부산광역시,영도구,3,3,3
자전거판매점,부산광역시,부산진구,8,8,10
자전거판매점,부산광역시,동래구,15,15,15
자전거판매점,부산광역시,남구,10,10,11
자전거판매점,부산광역시,북구,3,3,4
자전거판매점,부산광역시,해운대구,6,6,6
자전거판매점,부산광역시,사하구,8,8,8
자전거판매점,부산광역시,금정구,8,8,9
자전거판매점,부산광역시,강서구,8,7,7
자전거판매점,부산광역시,연제구,12,11,11
자전거판매점,부산광역시,수영구,14,14,13
자전거판매점,부산광역시,사상구,10,9,10
자전거판매점,부산광역시,기장군,5,5,5
자전거판매점,대구광역시,중구,4,4,3
자전거판매점,대구광역시,동구,25,24,23
자전거판매점,대구광역시,서구,7,8,8
자전거판매점,대구광역시,남구,11,10,11
자전거판매점,대구광역시,북구,28,28,29
자전거판매점,대구광역시,수성구,15,15,17
자전거판매점,대구광역시,달서구,33,33,33
자전거판매점,대구광역시,달성군,18,18,18
자전거판매점,대구광역시,군위군,0,0,0
자전거판매점,인천광역시,제물포구,3,3,4
자전거판매점,인천광역시,영종구,6,6,6
자전거판매점,인천광역시,미추홀구,12,12,13
자전거판매점,인천광역시,연수구,14,14,14
자전거판매점,인천광역시,남동구,18,18,17
자전거판매점,인천광역시,부평구,12,12,12
자전거판매점,인천광역시,계양구,10,10,10
자전거판매점,인천광역시,서구,0,0,0
자전거판매점,인천광역시,서해구,25,25,23
자전거판매점,인천광역시,검단구,10,10,8
자전거판매점,인천광역시,강화군,0,0,0
자전거판매점,대전광역시,동구,12,12,13
자전거판매점,대전광역시,중구,10,10,10
자전거판매점,대전광역시,서구,24,24,26
자전거판매점,대전광역시,유성구,28,28,28
자전거판매점,대전광역시,대덕구,8,8,8
자전거판매점,울산광역시,중구,11,11,13
자전거판매점,울산광역시,남구,11,11,11
자전거판매점,울산광역시,동구,3,3,4
자전거판매점,울산광역시,북구,9,9,10
자전거판매점,울산광역시,울주군,7,7,8
자전거판매점,세종특별자치시,0,17,17,17
자전거판매점,경기도,수원시 장안구,12,11,12
자전거판매점,경기도,수원시 권선구,8,9,11
자전거판매점,경기도,수원시 팔달구,9,9,7
자전거판매점,경기도,수원시 영통구,10,10,12
자전거판매점,경기도,성남시 수정구,10,10,11
자전거판매점,경기도,성남시 중원구,8,8,7
자전거판매점,경기도,성남시 분당구,12,12,14
자전거판매점,경기도,의정부시,34,34,35
자전거판매점,경기도,안양시 만안구,14,13,16
자전거판매점,경기도,안양시 동안구,15,15,16
자전거판매점,경기도,부천시 원미구,21,21,22
자전거판매점,경기도,부천시 소사구,9,9,9
자전거판매점,경기도,부천시 오정구,5,5,5
자전거판매점,경기도,광명시,15,15,14
자전거판매점,경기도,평택시,28,28,28
자전거판매점,경기도,동두천시,6,6,7
자전거판매점,경기도,안산시 상록구,15,15,15
자전거판매점,경기도,안산시 단원구,17,17,18
자전거판매점,경기도,고양시 덕양구,28,28,30
자전거판매점,경기도,고양시 일산동구,15,15,14
자전거판매점,경기도,고양시 일산서구,17,17,17
자전거판매점,경기도,과천시,0,0,0
자전거판매점,경기도,구리시,16,16,16
자전거판매점,경기도,남양주시,45,45,44
자전거판매점,경기도,오산시,6,6,6
자전거판매점,경기도,시흥시,28,28,29
자전거판매점,경기도,군포시,13,13,14
자전거판매점,경기도,의왕시,3,3,0
자전거판매점,경기도,하남시,14,14,18
자전거판매점,경기도,용인시 처인구,14,14,14
자전거판매점,경기도,용인시 기흥구,10,10,10
자전거판매점,경기도,용인시 수지구,15,14,14
자전거판매점,경기도,파주시,18,18,17
자전거판매점,경기도,이천시,11,11,12
자전거판매점,경기도,안성시,10,11,11
자전거판매점,경기도,김포시,30,31,28
자전거판매점,경기도,화성시,0,0,0
자전거판매점,경기도,화성시 만세구,9,9,9
자전거판매점,경기도,화성시 효행구,4,4,3
자전거판매점,경기도,화성시 병점구,0,0,0
자전거판매점,경기도,화성시 동탄구,15,15,16
자전거판매점,경기도,광주시,15,15,16
자전거판매점,경기도,양주시,15,15,16
자전거판매점,경기도,포천시,6,6,4
자전거판매점,경기도,여주시,7,7,7
자전거판매점,경기도,연천군,3,3,3
자전거판매점,경기도,가평군,6,6,7
자전거판매점,경기도,양평군,3,3,3
자전거판매점,충청북도,청주시 상당구,10,10,9
자전거판매점,충청북도,청주시 서원구,7,7,8
자전거판매점,충청북도,청주시 흥덕구,14,14,12
자전거판매점,충청북도,청주시 청원구,10,10,10
자전거판매점,충청북도,충주시,9,9,9
자전거판매점,충청북도,제천시,10,10,11
자전거판매점,충청북도,보은군,4,4,4
자전거판매점,충청북도,영동군,3,3,3
자전거판매점,충청북도,증평군,0,0,0
자전거판매점,충청북도,진천군,5,5,5
자전거판매점,충청북도,괴산군,3,3,3
자전거판매점,충청북도,음성군,4,4,4
자전거판매점,충청북도,단양군,0,0,0
자전거판매점,충청남도,천안시 동남구,8,8,8
자전거판매점,충청남도,천안시 서북구,19,19,19
자전거판매점,충청남도,공주시,4,4,4
자전거판매점,충청남도,보령시,8,8,8
자전거판매점,충청남도,아산시,13,12,13
자전거판매점,충청남도,서산시,8,8,9
자전거판매점,충청남도,논산시,13,13,13
자전거판매점,충청남도,계룡시,0,0,0
자전거판매점,충청남도,당진시,5,5,5
자전거판매점,충청남도,금산군,4,4,4
자전거판매점,충청남도,부여군,6,6,6
자전거판매점,충청남도,서천군,8,8,8
자전거판매점,충청남도,청양군,0,0,0
자전거판매점,충청남도,홍성군,7,7,7
자전거판매점,충청남도,예산군,3,3,3
자전거판매점,충청남도,태안군,0,0,0
자전거판매점,경상북도,포항시 남구,15,15,15
자전거판매점,경상북도,포항시 북구,8,8,9
자전거판매점,경상북도,경주시,18,18,17
자전거판매점,경상북도,김천시,3,3,3
자전거판매점,경상북도,안동시,10,10,11
자전거판매점,경상북도,구미시,21,21,21
자전거판매점,경상북도,영주시,8,8,8
자전거판매점,경상북도,영천시,4,4,3
자전거판매점,경상북도,상주시,17,17,17
자전거판매점,경상북도,문경시,6,6,7
자전거판매점,경상북도,경산시,20,21,16
자전거판매점,경상북도,의성군,3,3,3
자전거판매점,경상북도,청송군,0,0,0
자전거판매점,경상북도,영양군,0,0,0
자전거판매점,경상북도,영덕군,4,4,4
자전거판매점,경상북도,청도군,0,0,0
자전거판매점,경상북도,고령군,0,0,0
자전거판매점,경상북도,성주군,4,4,4
자전거판매점,경상북도,칠곡군,0,0,0
자전거판매점,경상북도,예천군,0,0,0
자전거판매점,경상북도,봉화군,0,0,0
자전거판매점,경상북도,울진군,3,3,3
자전거판매점,경상남도,창원시 의창구,12,12,12
자전거판매점,경상남도,창원시 성산구,23,22,22
자전거판매점,경상남도,창원시 마산합포구,6,6,6
자전거판매점,경상남도,창원시 마산회원구,6,6,6
자전거판매점,경상남도,창원시 진해구,12,12,12
자전거판매점,경상남도,진주시,30,30,32
자전거판매점,경상남도,통영시,9,9,9
자전거판매점,경상남도,사천시,7,7,7
자전거판매점,경상남도,김해시,29,29,32
자전거판매점,경상남도,밀양시,6,6,5
자전거판매점,경상남도,거제시,13,13,14
자전거판매점,경상남도,양산시,17,17,16
자전거판매점,경상남도,함안군,4,4,4
자전거판매점,경상남도,창녕군,4,4,4
자전거판매점,경상남도,고성군,0,0,0
자전거판매점,경상남도,남해군,3,3,0
자전거판매점,경상남도,하동군,0,0,0
자전거판매점,경상남도,산청군,0,0,0
자전거판매점,경상남도,함양군,4,4,3
자전거판매점,경상남도,거창군,6,6,6
자전거판매점,경상남도,합천군,0,0,0
자전거판매점,제주특별자치도,제주시,29,29,28
자전거판매점,제주특별자치도,서귀포시,7,7,6
자전거판매점,강원특별자치도,춘천시,11,11,11
자전거판매점,강원특별자치도,원주시,22,22,22
자전거판매점,강원특별자치도,강릉시,13,13,13
자전거판매점,강원특별자치도,동해시,5,5,5
자전거판매점,강원특별자치도,태백시,3,3,3
자전거판매점,강원특별자치도,속초시,6,6,7
자전거판매점,강원특별자치도,삼척시,0,0,0
자전거판매점,강원특별자치도,홍천군,0,0,0
자전거판매점,강원특별자치도,횡성군,0,0,0
자전거판매점,강원특별자치도,영월군,0,0,0
자전거판매점,강원특별자치도,평창군,3,3,3
자전거판매점,강원특별자치도,철원군,4,4,4
자전거판매점,강원특별자치도,화천군,0,0,0
자전거판매점,강원특별자치도,양구군,0,0,0
자전거판매점,강원특별자치도,인제군,0,0,0
자전거판매점,강원특별자치도,고성군,0,0,0
자전거판매점,강원특별자치도,양양군,0,0,0
자전거판매점,전북특별자치도,전주시 완산구,18,18,19
자전거판매점,전북특별자치도,전주시 덕진구,22,22,24
자전거판매점,전북특별자치도,군산시,18,18,19
자전거판매점,전북특별자치도,익산시,22,22,22
자전거판매점,전북특별자치도,정읍시,8,8,7
자전거판매점,전북특별자치도,남원시,7,7,7
자전거판매점,전북특별자치도,김제시,5,5,5
자전거판매점,전북특별자치도,완주군,7,7,6
자전거판매점,전북특별자치도,진안군,0,0,0
자전거판매점,전북특별자치도,무주군,0,0,0
자전거판매점,전북특별자치도,장수군,0,0,0
자전거판매점,전북특별자치도,임실군,0,0,0
자전거판매점,전북특별자치도,순창군,3,3,3
자전거판매점,전북특별자치도,고창군,0,0,0
자전거판매점,전북특별자치도,부안군,0,0,0
장난감가게,서울특별시,종로구,24,24,18
장난감가게,서울특별시,중구,18,18,17
장난감가게,서울특별시,용산구,25,25,19
장난감가게,서울특별시,성동구,19,19,14
장난감가게,서울특별시,광진구,25,23,18
장난감가게,서울특별시,동대문구,23,22,18
장난감가게,서울특별시,중랑구,14,13,12
장난감가게,서울특별시,성북구,21,21,18
장난감가게,서울특별시,강북구,15,15,14
장난감가게,서울특별시,도봉구,15,14,11
장난감가게,서울특별시,노원구,22,22,21
장난감가게,서울특별시,은평구,16,13,8
장난감가게,서울특별시,서대문구,13,15,10
장난감가게,서울특별시,마포구,70,70,49
장난감가게,서울특별시,양천구,32,30,23
장난감가게,서울특별시,강서구,44,46,42
장난감가게,서울특별시,구로구,36,35,24
장난감가게,서울특별시,금천구,23,22,17
장난감가게,서울특별시,영등포구,34,33,23
장난감가게,서울특별시,동작구,19,19,12
장난감가게,서울특별시,관악구,32,29,26
장난감가게,서울특별시,서초구,57,58,42
장난감가게,서울특별시,강남구,46,44,39
장난감가게,서울특별시,송파구,36,34,33
장난감가게,서울특별시,강동구,27,26,17
장난감가게,전남광주통합특별시,목포시,25,25,26
장난감가게,전남광주통합특별시,여수시,21,21,18
장난감가게,전남광주통합특별시,순천시,15,15,17
장난감가게,전남광주통합특별시,나주시,4,4,4
장난감가게,전남광주통합특별시,광양시,4,0,0
장난감가게,전남광주통합특별시,동구,16,16,14
장난감가게,전남광주통합특별시,서구,20,19,13
장난감가게,전남광주통합특별시,남구,7,7,6
장난감가게,전남광주통합특별시,북구,23,23,19
장난감가게,전남광주통합특별시,광산구,16,15,13
장난감가게,전남광주통합특별시,담양군,0,0,0
장난감가게,전남광주통합특별시,곡성군,0,0,0
장난감가게,전남광주통합특별시,고흥군,4,4,4
장난감가게,전남광주통합특별시,보성군,0,0,0
장난감가게,전남광주통합특별시,화순군,3,3,3
장난감가게,전남광주통합특별시,장흥군,0,0,0
장난감가게,전남광주통합특별시,강진군,0,0,0
장난감가게,전남광주통합특별시,해남군,7,7,7
장난감가게,전남광주통합특별시,영암군,0,0,0
장난감가게,전남광주통합특별시,무안군,3,4,0
장난감가게,전남광주통합특별시,함평군,0,0,0
장난감가게,전남광주통합특별시,영광군,5,5,4
장난감가게,전남광주통합특별시,장성군,0,0,0
장난감가게,전남광주통합특별시,완도군,13,13,13
장난감가게,전남광주통합특별시,진도군,4,5,5
장난감가게,전남광주통합특별시,신안군,4,4,3
장난감가게,부산광역시,중구,15,15,17
장난감가게,부산광역시,동구,7,7,7
장난감가게,부산광역시,영도구,8,8,7
장난감가게,부산광역시,부산진구,41,40,27
장난감가게,부산광역시,동래구,22,22,16
장난감가게,부산광역시,남구,13,13,7
장난감가게,부산광역시,북구,7,7,5
장난감가게,부산광역시,해운대구,20,20,16
장난감가게,부산광역시,사하구,18,18,16
장난감가게,부산광역시,금정구,10,9,9
장난감가게,부산광역시,강서구,14,14,10
장난감가게,부산광역시,연제구,11,11,7
장난감가게,부산광역시,수영구,12,12,8
장난감가게,부산광역시,사상구,14,12,13
장난감가게,부산광역시,기장군,11,10,10
장난감가게,대구광역시,중구,47,45,31
장난감가게,대구광역시,동구,22,22,18
장난감가게,대구광역시,서구,9,8,6
장난감가게,대구광역시,남구,7,8,6
장난감가게,대구광역시,북구,20,19,17
장난감가게,대구광역시,수성구,17,16,16
장난감가게,대구광역시,달서구,25,26,30
장난감가게,대구광역시,달성군,13,13,11
장난감가게,대구광역시,군위군,0,0,0
장난감가게,인천광역시,제물포구,16,14,15
장난감가게,인천광역시,영종구,12,12,12
장난감가게,인천광역시,미추홀구,40,37,29
장난감가게,인천광역시,연수구,28,25,25
장난감가게,인천광역시,남동구,36,38,26
장난감가게,인천광역시,부평구,49,47,36
장난감가게,인천광역시,계양구,18,17,12
장난감가게,인천광역시,서해구,38,39,25
장난감가게,인천광역시,검단구,31,27,24
장난감가게,인천광역시,강화군,9,8,6
장난감가게,대전광역시,동구,8,8,11
장난감가게,대전광역시,중구,39,39,31
장난감가게,대전광역시,서구,31,32,33
장난감가게,대전광역시,유성구,23,23,24
장난감가게,대전광역시,대덕구,13,13,14
장난감가게,울산광역시,중구,19,19,12
장난감가게,울산광역시,남구,19,19,17
장난감가게,울산광역시,동구,7,7,8
장난감가게,울산광역시,북구,12,12,11
장난감가게,울산광역시,울주군,5,5,5
장난감가게,세종특별자치시,0,24,24,18
장난감가게,경기도,수원시 장안구,9,9,7
장난감가게,경기도,수원시 권선구,27,26,23
장난감가게,경기도,수원시 팔달구,27,27,21
장난감가게,경기도,수원시 영통구,24,24,23
장난감가게,경기도,성남시 수정구,17,16,15
장난감가게,경기도,성남시 중원구,21,21,19
장난감가게,경기도,성남시 분당구,39,39,39
장난감가게,경기도,의정부시,37,34,32
장난감가게,경기도,안양시 만안구,17,17,12
장난감가게,경기도,안양시 동안구,28,27,22
장난감가게,경기도,부천시 원미구,41,42,33
장난감가게,경기도,부천시 소사구,13,13,16
장난감가게,경기도,부천시 오정구,10,10,10
장난감가게,경기도,광명시,25,26,26
장난감가게,경기도,평택시,74,72,53
장난감가게,경기도,동두천시,4,4,4
장난감가게,경기도,안산시 상록구,19,20,18
장난감가게,경기도,안산시 단원구,38,39,31
장난감가게,경기도,고양시 덕양구,42,39,24
장난감가게,경기도,고양시 일산동구,43,43,40
장난감가게,경기도,고양시 일산서구,14,14,14
장난감가게,경기도,과천시,5,5,3
장난감가게,경기도,구리시,13,12,11
장난감가게,경기도,남양주시,70,71,54
장난감가게,경기도,오산시,24,22,14
장난감가게,경기도,시흥시,49,48,47
장난감가게,경기도,군포시,16,17,12
장난감가게,경기도,의왕시,9,9,9
장난감가게,경기도,하남시,24,22,17
장난감가게,경기도,용인시 처인구,21,21,19
장난감가게,경기도,용인시 기흥구,34,35,35
장난감가게,경기도,용인시 수지구,28,27,22
장난감가게,경기도,파주시,57,58,42
장난감가게,경기도,이천시,18,19,14
장난감가게,경기도,안성시,18,18,12
장난감가게,경기도,김포시,64,64,56
장난감가게,경기도,화성시,0,0,0
장난감가게,경기도,화성시 만세구,20,19,16
장난감가게,경기도,화성시 효행구,22,22,18
장난감가게,경기도,화성시 병점구,16,16,10
장난감가게,경기도,화성시 동탄구,29,28,29
장난감가게,경기도,광주시,46,45,37
장난감가게,경기도,양주시,22,22,20
장난감가게,경기도,포천시,16,16,14
장난감가게,경기도,여주시,9,10,11
장난감가게,경기도,연천군,0,0,0
장난감가게,경기도,가평군,4,4,4
장난감가게,경기도,양평군,16,15,16
장난감가게,충청북도,청주시 상당구,20,20,12
장난감가게,충청북도,청주시 서원구,17,16,10
장난감가게,충청북도,청주시 흥덕구,27,26,12
장난감가게,충청북도,청주시 청원구,9,8,6
장난감가게,충청북도,충주시,9,9,8
장난감가게,충청북도,제천시,12,12,9
장난감가게,충청북도,옥천군,4,5,4
장난감가게,충청북도,영동군,0,0,0
장난감가게,충청북도,증평군,0,0,0
장난감가게,충청북도,진천군,10,10,9
장난감가게,충청북도,음성군,5,5,5
장난감가게,충청북도,단양군,0,0,0
장난감가게,충청남도,천안시 동남구,27,27,19
장난감가게,충청남도,천안시 서북구,35,34,27
장난감가게,충청남도,공주시,5,5,4
장난감가게,충청남도,보령시,28,28,24
장난감가게,충청남도,아산시,29,28,19
장난감가게,충청남도,서산시,12,12,9
장난감가게,충청남도,논산시,15,15,12
장난감가게,충청남도,계룡시,3,3,4
장난감가게,충청남도,당진시,14,12,10
장난감가게,충청남도,금산군,3,3,0
장난감가게,충청남도,부여군,0,0,0
장난감가게,충청남도,서천군,11,11,10
장난감가게,충청남도,홍성군,7,7,8
장난감가게,충청남도,예산군,3,3,3
장난감가게,충청남도,태안군,12,12,13
장난감가게,경상북도,포항시 남구,21,21,16
장난감가게,경상북도,포항시 북구,17,17,17
장난감가게,경상북도,경주시,26,26,27
장난감가게,경상북도,김천시,4,4,5
장난감가게,경상북도,안동시,3,4,3
장난감가게,경상북도,구미시,29,28,20
장난감가게,경상북도,영주시,3,3,3
장난감가게,경상북도,영천시,4,4,4
장난감가게,경상북도,상주시,5,5,5
장난감가게,경상북도,문경시,0,0,0
장난감가게,경상북도,경산시,15,15,13
장난감가게,경상북도,영양군,0,0,0
장난감가게,경상북도,영덕군,4,4,4
장난감가게,경상북도,고령군,0,0,0
장난감가게,경상북도,성주군,0,0,0
장난감가게,경상북도,칠곡군,11,12,8
장난감가게,경상북도,예천군,3,0,0
장난감가게,경상북도,봉화군,0,0,0
장난감가게,경상북도,울진군,5,5,4
장난감가게,경상북도,울릉군,0,0,0
장난감가게,경상남도,창원시 의창구,9,9,10
장난감가게,경상남도,창원시 성산구,9,9,10
장난감가게,경상남도,창원시 마산합포구,10,10,11
장난감가게,경상남도,창원시 마산회원구,14,13,12
장난감가게,경상남도,창원시 진해구,11,11,11
장난감가게,경상남도,진주시,19,18,19
장난감가게,경상남도,통영시,15,14,11
장난감가게,경상남도,사천시,7,6,5
장난감가게,경상남도,김해시,28,29,28
장난감가게,경상남도,밀양시,4,4,4
장난감가게,경상남도,거제시,11,11,11
장난감가게,경상남도,양산시,23,22,21
장난감가게,경상남도,함안군,0,0,0
장난감가게,경상남도,창녕군,0,0,0
장난감가게,경상남도,고성군,5,5,5
장난감가게,경상남도,남해군,5,5,6
장난감가게,경상남도,하동군,0,0,0
장난감가게,경상남도,산청군,0,0,0
장난감가게,경상남도,함양군,0,0,0
장난감가게,경상남도,거창군,3,0,3
장난감가게,제주특별자치도,제주시,57,55,50
장난감가게,제주특별자치도,서귀포시,19,19,17
장난감가게,강원특별자치도,춘천시,17,17,17
장난감가게,강원특별자치도,원주시,41,40,26
장난감가게,강원특별자치도,강릉시,18,18,17
장난감가게,강원특별자치도,동해시,13,12,13
장난감가게,강원특별자치도,태백시,0,0,0
장난감가게,강원특별자치도,속초시,14,11,12
장난감가게,강원특별자치도,삼척시,4,4,6
장난감가게,강원특별자치도,홍천군,6,5,3
장난감가게,강원특별자치도,횡성군,3,3,0
장난감가게,강원특별자치도,영월군,5,5,4
장난감가게,강원특별자치도,평창군,0,0,0
장난감가게,강원특별자치도,정선군,3,3,3
장난감가게,강원특별자치도,철원군,5,5,5
장난감가게,강원특별자치도,화천군,0,0,0
장난감가게,강원특별자치도,양구군,0,0,0
장난감가게,강원특별자치도,인제군,0,0,0
장난감가게,강원특별자치도,고성군,5,5,5
장난감가게,강원특별자치도,양양군,5,5,6
장난감가게,전북특별자치도,전주시 완산구,28,30,30
장난감가게,전북특별자치도,전주시 덕진구,16,16,16
장난감가게,전북특별자치도,군산시,26,26,24
장난감가게,전북특별자치도,익산시,14,14,12
장난감가게,전북특별자치도,정읍시,7,7,5
장난감가게,전북특별자치도,남원시,0,0,0
장난감가게,전북특별자치도,김제시,6,6,5
장난감가게,전북특별자치도,완주군,7,7,6
장난감가게,전북특별자치도,진안군,0,0,0
장난감가게,전북특별자치도,무주군,0,0,0
장난감가게,전북특별자치도,장수군,0,0,0
장난감가게,전북특별자치도,순창군,0,0,0
장난감가게,전북특별자치도,고창군,0,0,0
장난감가게,전북특별자치도,부안군,8,8,6
정육점,서울특별시,종로구,46,48,50
정육점,서울특별시,중구,56,58,61
정육점,서울특별시,용산구,56,56,56
정육점,서울특별시,성동구,141,139,140
정육점,서울특별시,광진구,85,84,85
정육점,서울특별시,동대문구,142,142,136
정육점,서울특별시,중랑구,144,145,147
정육점,서울특별시,성북구,110,111,105
정육점,서울특별시,강북구,102,101,100
정육점,서울특별시,도봉구,98,98,96
정육점,서울특별시,노원구,104,106,112
정육점,서울특별시,은평구,128,127,129
정육점,서울특별시,서대문구,71,72,75
정육점,서울특별시,마포구,81,81,79
정육점,서울특별시,양천구,153,152,153
정육점,서울특별시,강서구,160,161,166
정육점,서울특별시,구로구,107,107,112
정육점,서울특별시,금천구,87,87,83
정육점,서울특별시,영등포구,102,102,105
정육점,서울특별시,동작구,88,91,97
정육점,서울특별시,관악구,132,132,140
정육점,서울특별시,서초구,83,83,80
정육점,서울특별시,강남구,109,110,115
정육점,서울특별시,송파구,171,167,176
정육점,서울특별시,강동구,138,136,140
정육점,전남광주통합특별시,목포시,133,130,131
정육점,전남광주통합특별시,여수시,145,146,145
정육점,전남광주통합특별시,순천시,110,112,103
정육점,전남광주통합특별시,나주시,62,60,58
정육점,전남광주통합특별시,광양시,66,67,66
정육점,전남광주통합특별시,동구,53,54,54
정육점,전남광주통합특별시,서구,153,152,157
정육점,전남광주통합특별시,남구,93,94,99
정육점,전남광주통합특별시,북구,193,192,204
정육점,전남광주통합특별시,광산구,176,178,182
정육점,전남광주통합특별시,담양군,21,21,20
정육점,전남광주통합특별시,곡성군,15,15,13
정육점,전남광주통합특별시,구례군,14,14,15
정육점,전남광주통합특별시,고흥군,28,28,29
정육점,전남광주통합특별시,보성군,26,24,31
정육점,전남광주통합특별시,화순군,29,29,28
정육점,전남광주통합특별시,장흥군,32,32,32
정육점,전남광주통합특별시,강진군,18,18,18
정육점,전남광주통합특별시,해남군,41,41,42
정육점,전남광주통합특별시,영암군,22,23,25
정육점,전남광주통합특별시,무안군,37,37,36
정육점,전남광주통합특별시,함평군,15,15,14
정육점,전남광주통합특별시,영광군,25,25,25
정육점,전남광주통합특별시,장성군,22,21,21
정육점,전남광주통합특별시,완도군,28,28,27
정육점,전남광주통합특별시,진도군,10,10,11
정육점,전남광주통합특별시,신안군,11,11,11
정육점,부산광역시,중구,17,17,17
정육점,부산광역시,서구,41,41,41
정육점,부산광역시,동구,30,30,31
정육점,부산광역시,영도구,43,44,43
정육점,부산광역시,부산진구,136,137,141
정육점,부산광역시,동래구,90,88,95
정육점,부산광역시,남구,83,85,77
정육점,부산광역시,북구,112,111,110
정육점,부산광역시,해운대구,121,120,121
정육점,부산광역시,사하구,91,92,100
정육점,부산광역시,금정구,88,88,90
정육점,부산광역시,강서구,53,53,57
정육점,부산광역시,연제구,79,80,80
정육점,부산광역시,수영구,64,64,68
정육점,부산광역시,사상구,102,102,102
정육점,부산광역시,기장군,71,71,75
정육점,대구광역시,중구,58,58,60
정육점,대구광역시,동구,196,198,197
정육점,대구광역시,서구,147,145,143
정육점,대구광역시,남구,104,101,93
정육점,대구광역시,북구,215,216,225
정육점,대구광역시,수성구,216,214,223
정육점,대구광역시,달서구,271,273,273
정육점,대구광역시,달성군,155,155,158
정육점,대구광역시,군위군,7,7,8
정육점,인천광역시,제물포구,48,47,47
정육점,인천광역시,영종구,24,25,27
정육점,인천광역시,미추홀구,173,175,185
정육점,인천광역시,연수구,117,113,120
정육점,인천광역시,남동구,166,167,171
정육점,인천광역시,부평구,192,193,197
정육점,인천광역시,계양구,122,122,126
정육점,인천광역시,서구,0,0,0
정육점,인천광역시,서해구,186,187,184
정육점,인천광역시,검단구,78,77,73
정육점,인천광역시,강화군,48,48,48
정육점,인천광역시,옹진군,8,8,7
정육점,대전광역시,동구,139,143,139
정육점,대전광역시,중구,144,142,146
정육점,대전광역시,서구,230,230,250
정육점,대전광역시,유성구,147,146,151
정육점,대전광역시,대덕구,114,114,112
정육점,울산광역시,중구,121,119,125
정육점,울산광역시,남구,182,181,189
정육점,울산광역시,동구,87,87,90
정육점,울산광역시,북구,87,89,89
정육점,울산광역시,울주군,142,145,148
정육점,세종특별자치시,0,118,121,119
정육점,경기도,수원시 장안구,91,91,96
정육점,경기도,수원시 권선구,116,118,124
정육점,경기도,수원시 팔달구,92,91,92
정육점,경기도,수원시 영통구,82,83,83
정육점,경기도,성남시 수정구,90,91,95
정육점,경기도,성남시 중원구,112,115,116
정육점,경기도,성남시 분당구,110,110,106
정육점,경기도,의정부시,188,183,190
정육점,경기도,안양시 만안구,110,112,107
정육점,경기도,안양시 동안구,101,101,102
정육점,경기도,부천시 원미구,146,145,143
정육점,경기도,부천시 소사구,84,87,91
정육점,경기도,부천시 오정구,81,81,82
정육점,경기도,광명시,105,106,104
정육점,경기도,평택시,216,213,213
정육점,경기도,동두천시,31,30,30
정육점,경기도,안산시 상록구,151,153,159
정육점,경기도,안산시 단원구,111,112,115
정육점,경기도,고양시 덕양구,147,146,154
정육점,경기도,고양시 일산동구,65,66,70
정육점,경기도,고양시 일산서구,68,70,70
정육점,경기도,과천시,16,16,17
정육점,경기도,구리시,76,76,80
정육점,경기도,남양주시,239,235,232
정육점,경기도,오산시,82,84,92
정육점,경기도,시흥시,207,209,206
정육점,경기도,군포시,67,69,69
정육점,경기도,의왕시,40,40,42
정육점,경기도,하남시,90,90,100
정육점,경기도,용인시 처인구,114,115,117
정육점,경기도,용인시 기흥구,112,111,115
정육점,경기도,용인시 수지구,59,59,69
정육점,경기도,파주시,149,150,152
정육점,경기도,이천시,105,107,114
정육점,경기도,안성시,89,89,90
정육점,경기도,김포시,167,169,167
정육점,경기도,화성시,0,0,0
정육점,경기도,화성시 만세구,103,104,102
정육점,경기도,화성시 효행구,71,72,67
정육점,경기도,화성시 병점구,41,41,39
정육점,경기도,화성시 동탄구,69,69,71
정육점,경기도,광주시,157,156,161
정육점,경기도,양주시,121,120,122
정육점,경기도,포천시,75,75,70
정육점,경기도,여주시,64,64,66
정육점,경기도,연천군,22,21,22
정육점,경기도,가평군,43,42,39
정육점,경기도,양평군,50,51,53
정육점,충청북도,청주시 상당구,95,94,90
정육점,충청북도,청주시 서원구,76,73,77
정육점,충청북도,청주시 흥덕구,109,109,113
정육점,충청북도,청주시 청원구,92,92,93
정육점,충청북도,충주시,110,110,116
정육점,충청북도,제천시,104,102,101
정육점,충청북도,보은군,21,21,21
정육점,충청북도,옥천군,38,38,36
정육점,충청북도,영동군,24,24,25
정육점,충청북도,증평군,21,22,22
정육점,충청북도,진천군,45,45,42
정육점,충청북도,괴산군,20,20,20
정육점,충청북도,음성군,106,107,106
정육점,충청북도,단양군,14,14,14
정육점,충청남도,천안시 동남구,131,130,126
정육점,충청남도,천안시 서북구,139,140,139
정육점,충청남도,공주시,65,66,68
정육점,충청남도,보령시,43,44,44
정육점,충청남도,아산시,130,133,138
정육점,충청남도,서산시,76,76,80
정육점,충청남도,논산시,85,84,76
정육점,충청남도,계룡시,11,11,12
정육점,충청남도,당진시,86,86,86
정육점,충청남도,금산군,43,44,43
정육점,충청남도,부여군,45,47,45
정육점,충청남도,서천군,37,37,37
정육점,충청남도,청양군,21,21,20
정육점,충청남도,홍성군,65,65,66
정육점,충청남도,예산군,70,70,69
정육점,충청남도,태안군,38,39,37
정육점,경상북도,포항시 남구,108,109,107
정육점,경상북도,포항시 북구,139,138,119
정육점,경상북도,경주시,162,157,156
정육점,경상북도,김천시,54,55,57
정육점,경상북도,안동시,129,130,127
정육점,경상북도,구미시,194,195,199
정육점,경상북도,영주시,83,85,85
정육점,경상북도,영천시,54,53,49
정육점,경상북도,상주시,45,45,43
정육점,경상북도,문경시,57,56,57
정육점,경상북도,경산시,127,129,126
정육점,경상북도,의성군,37,37,37
정육점,경상북도,청송군,15,15,15
정육점,경상북도,영양군,13,13,11
정육점,경상북도,영덕군,31,32,35
정육점,경상북도,청도군,24,25,24
정육점,경상북도,고령군,28,29,30
정육점,경상북도,성주군,19,19,22
정육점,경상북도,칠곡군,70,69,70
정육점,경상북도,예천군,58,57,54
정육점,경상북도,봉화군,24,24,23
정육점,경상북도,울진군,36,37,36
정육점,경상북도,울릉군,15,14,16
정육점,경상남도,창원시 의창구,139,138,131
정육점,경상남도,창원시 성산구,87,86,87
정육점,경상남도,창원시 마산합포구,101,100,100
정육점,경상남도,창원시 마산회원구,84,86,92
정육점,경상남도,창원시 진해구,73,73,69
정육점,경상남도,진주시,139,139,133
정육점,경상남도,통영시,36,37,39
정육점,경상남도,사천시,36,35,36
정육점,경상남도,김해시,209,207,200
정육점,경상남도,밀양시,55,55,54
정육점,경상남도,거제시,81,81,82
정육점,경상남도,양산시,157,156,152
정육점,경상남도,의령군,15,15,12
정육점,경상남도,함안군,24,25,21
정육점,경상남도,창녕군,35,35,35
정육점,경상남도,고성군,31,31,32
정육점,경상남도,남해군,13,13,12
정육점,경상남도,하동군,10,11,13
정육점,경상남도,산청군,22,22,24
정육점,경상남도,함양군,29,30,29
정육점,경상남도,거창군,30,30,24
정육점,경상남도,합천군,29,29,28
정육점,제주특별자치도,제주시,230,231,243
정육점,제주특별자치도,서귀포시,89,89,90
정육점,강원특별자치도,춘천시,88,89,94
정육점,강원특별자치도,원주시,183,184,189
정육점,강원특별자치도,강릉시,47,48,51
정육점,강원특별자치도,동해시,33,34,33
정육점,강원특별자치도,태백시,46,46,42
정육점,강원특별자치도,속초시,40,38,41
정육점,강원특별자치도,삼척시,31,31,30
정육점,강원특별자치도,홍천군,55,56,57
정육점,강원특별자치도,횡성군,58,61,61
정육점,강원특별자치도,영월군,36,35,34
정육점,강원특별자치도,평창군,42,41,41
정육점,강원특별자치도,정선군,40,40,38
정육점,강원특별자치도,철원군,26,24,27
정육점,강원특별자치도,화천군,15,15,14
정육점,강원특별자치도,양구군,15,15,15
정육점,강원특별자치도,인제군,19,17,17
정육점,강원특별자치도,고성군,20,20,18
정육점,강원특별자치도,양양군,16,16,17
정육점,전북특별자치도,전주시 완산구,190,193,203
정육점,전북특별자치도,전주시 덕진구,134,132,127
정육점,전북특별자치도,군산시,171,171,169
정육점,전북특별자치도,익산시,168,168,168
정육점,전북특별자치도,정읍시,94,94,93
정육점,전북특별자치도,남원시,65,66,65
정육점,전북특별자치도,김제시,59,59,62
정육점,전북특별자치도,완주군,65,63,62
정육점,전북특별자치도,진안군,16,16,19
정육점,전북특별자치도,무주군,16,16,19
정육점,전북특별자치도,장수군,10,10,10
정육점,전북특별자치도,임실군,16,16,15
정육점,전북특별자치도,순창군,17,16,18
정육점,전북특별자치도,고창군,26,26,29
정육점,전북특별자치도,부안군,40,40,39
주유소,서울특별시,종로구,6,6,7
주유소,서울특별시,중구,11,11,10
주유소,서울특별시,용산구,10,10,11
주유소,서울특별시,성동구,14,14,14
주유소,서울특별시,광진구,9,9,12
주유소,서울특별시,동대문구,15,15,16
주유소,서울특별시,중랑구,14,14,15
주유소,서울특별시,성북구,19,20,19
주유소,서울특별시,강북구,6,6,6
주유소,서울특별시,도봉구,12,12,14
주유소,서울특별시,노원구,13,13,13
주유소,서울특별시,은평구,13,13,13
주유소,서울특별시,서대문구,13,13,11
주유소,서울특별시,마포구,12,12,12
주유소,서울특별시,양천구,23,23,21
주유소,서울특별시,강서구,22,21,23
주유소,서울특별시,구로구,17,17,16
주유소,서울특별시,금천구,11,11,10
주유소,서울특별시,영등포구,25,26,25
주유소,서울특별시,동작구,7,7,7
주유소,서울특별시,관악구,14,14,14
주유소,서울특별시,서초구,26,26,28
주유소,서울특별시,강남구,37,37,35
주유소,서울특별시,송파구,23,23,25
주유소,서울특별시,강동구,11,11,12
주유소,전남광주통합특별시,목포시,47,45,47
주유소,전남광주통합특별시,여수시,93,93,90
주유소,전남광주통합특별시,순천시,81,82,80
주유소,전남광주통합특별시,나주시,59,59,58
주유소,전남광주통합특별시,광양시,57,57,60
주유소,전남광주통합특별시,동구,7,7,7
주유소,전남광주통합특별시,서구,36,36,38
주유소,전남광주통합특별시,남구,25,25,27
주유소,전남광주통합특별시,북구,60,60,58
주유소,전남광주통합특별시,광산구,109,111,111
주유소,전남광주통합특별시,담양군,19,19,20
주유소,전남광주통합특별시,곡성군,17,18,16
주유소,전남광주통합특별시,구례군,15,15,15
주유소,전남광주통합특별시,고흥군,40,40,38
주유소,전남광주통합특별시,보성군,33,33,34
주유소,전남광주통합특별시,화순군,31,31,30
주유소,전남광주통합특별시,장흥군,20,20,21
주유소,전남광주통합특별시,강진군,24,24,22
주유소,전남광주통합특별시,해남군,34,34,33
주유소,전남광주통합특별시,영암군,43,42,43
주유소,전남광주통합특별시,무안군,29,29,29
주유소,전남광주통합특별시,함평군,17,17,19
주유소,전남광주통합특별시,영광군,31,31,33
주유소,전남광주통합특별시,장성군,31,31,31
주유소,전남광주통합특별시,완도군,22,22,22
주유소,전남광주통합특별시,진도군,17,17,18
주유소,전남광주통합특별시,신안군,15,15,9
주유소,부산광역시,중구,3,3,3
주유소,부산광역시,서구,12,12,9
주유소,부산광역시,동구,11,11,9
주유소,부산광역시,영도구,9,9,9
주유소,부산광역시,부산진구,21,21,22
주유소,부산광역시,동래구,20,19,20
주유소,부산광역시,남구,25,26,27
주유소,부산광역시,북구,20,19,20
주유소,부산광역시,해운대구,25,26,25
주유소,부산광역시,사하구,26,26,26
주유소,부산광역시,금정구,12,12,13
주유소,부산광역시,강서구,44,43,45
주유소,부산광역시,연제구,17,17,14
주유소,부산광역시,수영구,10,10,10
주유소,부산광역시,사상구,39,40,43
주유소,부산광역시,기장군,41,40,39
주유소,대구광역시,중구,7,7,8
주유소,대구광역시,동구,44,47,47
주유소,대구광역시,서구,37,39,40
주유소,대구광역시,남구,16,16,16
주유소,대구광역시,북구,64,64,62
주유소,대구광역시,수성구,38,38,39
주유소,대구광역시,달서구,60,58,58
주유소,대구광역시,달성군,59,59,60
주유소,대구광역시,군위군,25,23,23
주유소,인천광역시,제물포구,27,26,25
주유소,인천광역시,영종구,13,13,13
주유소,인천광역시,미추홀구,27,27,24
주유소,인천광역시,연수구,23,23,25
주유소,인천광역시,남동구,41,42,40
주유소,인천광역시,부평구,35,35,36
주유소,인천광역시,계양구,24,23,24
주유소,인천광역시,서해구,44,41,43
주유소,인천광역시,검단구,18,18,17
주유소,인천광역시,강화군,20,20,19
주유소,인천광역시,옹진군,8,8,8
주유소,대전광역시,동구,38,40,38
주유소,대전광역시,중구,36,36,35
주유소,대전광역시,서구,38,39,42
주유소,대전광역시,유성구,52,55,55
주유소,대전광역시,대덕구,58,57,58
주유소,울산광역시,중구,24,23,24
주유소,울산광역시,남구,51,51,53
주유소,울산광역시,동구,8,8,8
주유소,울산광역시,북구,32,32,34
주유소,울산광역시,울주군,101,103,104
주유소,세종특별자치시,0,62,64,67
주유소,경기도,수원시 장안구,20,20,20
주유소,경기도,수원시 권선구,41,41,41
주유소,경기도,수원시 팔달구,11,11,10
주유소,경기도,수원시 영통구,21,21,20
주유소,경기도,성남시 수정구,13,12,12
주유소,경기도,성남시 중원구,20,19,18
주유소,경기도,성남시 분당구,19,19,19
주유소,경기도,의정부시,34,33,35
주유소,경기도,안양시 만안구,15,15,12
주유소,경기도,안양시 동안구,12,12,12
주유소,경기도,부천시 원미구,18,18,20
주유소,경기도,부천시 소사구,8,8,7
주유소,경기도,부천시 오정구,17,19,19
주유소,경기도,광명시,26,26,25
주유소,경기도,평택시,127,128,127
주유소,경기도,동두천시,18,18,17
주유소,경기도,안산시 상록구,32,33,31
주유소,경기도,안산시 단원구,32,33,35
주유소,경기도,고양시 덕양구,70,67,67
주유소,경기도,고양시 일산동구,40,39,40
주유소,경기도,고양시 일산서구,25,26,26
주유소,경기도,과천시,3,3,3
주유소,경기도,구리시,12,12,13
주유소,경기도,남양주시,89,88,86
주유소,경기도,오산시,30,29,29
주유소,경기도,시흥시,74,73,76
주유소,경기도,군포시,12,12,12
주유소,경기도,의왕시,19,18,18
주유소,경기도,하남시,33,31,32
주유소,경기도,용인시 처인구,118,118,112
주유소,경기도,용인시 기흥구,71,71,69
주유소,경기도,용인시 수지구,15,13,13
주유소,경기도,파주시,112,110,113
주유소,경기도,이천시,85,85,84
주유소,경기도,안성시,98,101,99
주유소,경기도,김포시,89,88,85
주유소,경기도,화성시,0,0,0
주유소,경기도,화성시 만세구,132,131,136
주유소,경기도,화성시 효행구,64,65,60
주유소,경기도,화성시 병점구,17,17,15
주유소,경기도,화성시 동탄구,13,13,12
주유소,경기도,광주시,69,69,72
주유소,경기도,양주시,75,74,76
주유소,경기도,포천시,108,108,108
주유소,경기도,여주시,75,74,75
주유소,경기도,연천군,18,18,19
주유소,경기도,가평군,40,40,40
주유소,경기도,양평군,64,65,65
주유소,충청북도,청주시 상당구,41,42,43
주유소,충청북도,청주시 서원구,57,59,56
주유소,충청북도,청주시 흥덕구,60,59,60
주유소,충청북도,청주시 청원구,51,52,54
주유소,충청북도,충주시,91,90,90
주유소,충청북도,제천시,73,73,77
주유소,충청북도,보은군,27,27,26
주유소,충청북도,옥천군,30,30,30
주유소,충청북도,영동군,31,29,29
주유소,충청북도,증평군,16,16,17
주유소,충청북도,진천군,65,63,65
주유소,충청북도,괴산군,40,39,39
주유소,충청북도,음성군,80,80,79
주유소,충청북도,단양군,27,29,30
주유소,충청남도,천안시 동남구,83,84,80
주유소,충청남도,천안시 서북구,78,78,71
주유소,충청남도,공주시,73,73,76
주유소,충청남도,보령시,48,48,49
주유소,충청남도,아산시,117,116,122
주유소,충청남도,서산시,84,84,83
주유소,충청남도,논산시,77,76,77
주유소,충청남도,계룡시,6,6,5
주유소,충청남도,당진시,105,105,102
주유소,충청남도,금산군,34,34,34
주유소,충청남도,부여군,44,44,42
주유소,충청남도,서천군,34,34,34
주유소,충청남도,청양군,28,28,27
주유소,충청남도,홍성군,55,54,56
주유소,충청남도,예산군,60,60,62
주유소,충청남도,태안군,38,38,41
주유소,경상북도,포항시 남구,81,81,81
주유소,경상북도,포항시 북구,69,68,74
주유소,경상북도,경주시,141,137,138
주유소,경상북도,김천시,67,67,69
주유소,경상북도,안동시,53,54,56
주유소,경상북도,구미시,99,98,101
주유소,경상북도,영주시,44,44,45
주유소,경상북도,영천시,87,86,86
주유소,경상북도,상주시,52,53,55
주유소,경상북도,문경시,34,34,36
주유소,경상북도,경산시,89,88,83
주유소,경상북도,의성군,34,35,33
주유소,경상북도,청송군,16,16,17
주유소,경상북도,영양군,9,9,9
주유소,경상북도,영덕군,21,21,24
주유소,경상북도,청도군,25,24,24
주유소,경상북도,고령군,26,27,27
주유소,경상북도,성주군,31,31,31
주유소,경상북도,칠곡군,80,80,80
주유소,경상북도,예천군,32,32,31
주유소,경상북도,봉화군,22,22,23
주유소,경상북도,울진군,25,25,26
주유소,경상북도,울릉군,0,0,0
주유소,경상남도,창원시 의창구,38,39,40
주유소,경상남도,창원시 성산구,25,24,25
주유소,경상남도,창원시 마산합포구,30,30,32
주유소,경상남도,창원시 마산회원구,41,41,41
주유소,경상남도,창원시 진해구,25,25,25
주유소,경상남도,진주시,91,90,93
주유소,경상남도,통영시,24,25,25
주유소,경상남도,사천시,52,51,54
주유소,경상남도,김해시,154,155,156
주유소,경상남도,밀양시,59,59,57
주유소,경상남도,거제시,48,48,48
주유소,경상남도,양산시,73,74,73
주유소,경상남도,의령군,15,15,15
주유소,경상남도,함안군,57,56,54
주유소,경상남도,창녕군,52,54,52
주유소,경상남도,고성군,29,29,31
주유소,경상남도,남해군,17,17,18
주유소,경상남도,하동군,28,28,28
주유소,경상남도,산청군,29,30,29
주유소,경상남도,함양군,22,22,24
주유소,경상남도,거창군,31,28,29
주유소,경상남도,합천군,26,26,28
주유소,제주특별자치도,제주시,118,118,117
주유소,제주특별자치도,서귀포시,58,59,59
주유소,강원특별자치도,춘천시,76,75,73
주유소,강원특별자치도,원주시,101,99,99
주유소,강원특별자치도,강릉시,72,72,71
주유소,강원특별자치도,동해시,35,35,33
주유소,강원특별자치도,태백시,15,15,15
주유소,강원특별자치도,속초시,19,18,18
주유소,강원특별자치도,삼척시,27,27,28
주유소,강원특별자치도,홍천군,48,49,47
주유소,강원특별자치도,횡성군,24,24,25
주유소,강원특별자치도,영월군,24,24,25
주유소,강원특별자치도,평창군,41,41,43
주유소,강원특별자치도,정선군,26,26,26
주유소,강원특별자치도,철원군,24,25,26
주유소,강원특별자치도,화천군,15,15,15
주유소,강원특별자치도,양구군,11,11,11
주유소,강원특별자치도,인제군,26,26,26
주유소,강원특별자치도,고성군,17,18,19
주유소,강원특별자치도,양양군,15,15,16
주유소,전북특별자치도,전주시 완산구,70,73,72
주유소,전북특별자치도,전주시 덕진구,82,82,79
주유소,전북특별자치도,군산시,91,90,93
주유소,전북특별자치도,익산시,126,125,127
주유소,전북특별자치도,정읍시,64,64,65
주유소,전북특별자치도,남원시,56,55,51
주유소,전북특별자치도,김제시,65,66,68
주유소,전북특별자치도,완주군,63,62,62
주유소,전북특별자치도,진안군,15,15,15
주유소,전북특별자치도,무주군,24,24,24
주유소,전북특별자치도,장수군,8,8,9
주유소,전북특별자치도,임실군,22,23,20
주유소,전북특별자치도,순창군,15,15,17
주유소,전북특별자치도,고창군,42,42,43
주유소,전북특별자치도,부안군,36,36,37
중고차판매점,서울특별시,종로구,0,0,0
중고차판매점,서울특별시,중구,4,4,3
중고차판매점,서울특별시,용산구,0,0,0
중고차판매점,서울특별시,성동구,119,118,118
중고차판매점,서울특별시,광진구,4,4,5
중고차판매점,서울특별시,동대문구,7,8,8
중고차판매점,서울특별시,중랑구,7,8,9
중고차판매점,서울특별시,성북구,0,0,0
중고차판매점,서울특별시,강북구,3,3,4
중고차판매점,서울특별시,도봉구,3,3,3
중고차판매점,서울특별시,노원구,5,5,4
중고차판매점,서울특별시,은평구,4,4,5
중고차판매점,서울특별시,서대문구,4,4,4
중고차판매점,서울특별시,마포구,4,4,5
중고차판매점,서울특별시,양천구,44,45,41
중고차판매점,서울특별시,강서구,140,141,136
중고차판매점,서울특별시,구로구,4,4,3
중고차판매점,서울특별시,금천구,4,4,5
중고차판매점,서울특별시,영등포구,7,7,8
중고차판매점,서울특별시,동작구,3,3,3
중고차판매점,서울특별시,관악구,4,4,3
중고차판매점,서울특별시,서초구,53,52,51
중고차판매점,서울특별시,강남구,51,52,59
중고차판매점,서울특별시,송파구,8,9,7
중고차판매점,서울특별시,강동구,4,4,4
중고차판매점,전남광주통합특별시,목포시,27,27,29
중고차판매점,전남광주통합특별시,여수시,32,33,35
중고차판매점,전남광주통합특별시,순천시,66,66,68
중고차판매점,전남광주통합특별시,나주시,11,11,11
중고차판매점,전남광주통합특별시,광양시,25,25,25
중고차판매점,전남광주통합특별시,동구,7,7,7
중고차판매점,전남광주통합특별시,서구,166,166,167
중고차판매점,전남광주통합특별시,남구,8,8,9
중고차판매점,전남광주통합특별시,북구,17,17,17
중고차판매점,전남광주통합특별시,광산구,27,27,30
중고차판매점,전남광주통합특별시,담양군,3,3,3
중고차판매점,전남광주통합특별시,곡성군,0,0,0
중고차판매점,전남광주통합특별시,고흥군,3,3,3
중고차판매점,전남광주통합특별시,보성군,0,0,0
중고차판매점,전남광주통합특별시,화순군,3,3,4
중고차판매점,전남광주통합특별시,장흥군,4,4,4
중고차판매점,전남광주통합특별시,강진군,0,0,0
중고차판매점,전남광주통합특별시,해남군,0,0,0
중고차판매점,전남광주통합특별시,영암군,0,0,0
중고차판매점,전남광주통합특별시,무안군,0,0,0
중고차판매점,전남광주통합특별시,영광군,0,0,0
중고차판매점,전남광주통합특별시,장성군,5,5,7
중고차판매점,전남광주통합특별시,완도군,4,4,4
중고차판매점,전남광주통합특별시,진도군,0,0,0
중고차판매점,부산광역시,서구,0,0,0
중고차판매점,부산광역시,동구,0,0,0
중고차판매점,부산광역시,부산진구,3,3,4
중고차판매점,부산광역시,동래구,4,4,5
중고차판매점,부산광역시,남구,43,42,48
중고차판매점,부산광역시,해운대구,23,23,26
중고차판매점,부산광역시,사하구,30,30,28
중고차판매점,부산광역시,금정구,16,16,0
중고차판매점,부산광역시,강서구,9,9,9
중고차판매점,부산광역시,연제구,66,66,70
중고차판매점,부산광역시,사상구,59,59,61
중고차판매점,부산광역시,기장군,57,57,67
중고차판매점,대구광역시,동구,167,167,168
중고차판매점,대구광역시,서구,90,90,90
중고차판매점,대구광역시,남구,0,0,0
중고차판매점,대구광역시,북구,64,64,64
중고차판매점,대구광역시,수성구,4,4,5
중고차판매점,대구광역시,달서구,137,138,137
중고차판매점,대구광역시,달성군,19,18,16
중고차판매점,대구광역시,군위군,0,0,0
중고차판매점,인천광역시,제물포구,19,19,19
중고차판매점,인천광역시,영종구,3,3,0
중고차판매점,인천광역시,미추홀구,50,49,47
중고차판매점,인천광역시,연수구,75,74,48
중고차판매점,인천광역시,남동구,30,30,32
중고차판매점,인천광역시,부평구,31,30,25
중고차판매점,인천광역시,계양구,5,5,5
중고차판매점,인천광역시,서구,0,0,0
중고차판매점,인천광역시,서해구,97,98,90
중고차판매점,인천광역시,검단구,11,11,8
중고차판매점,대전광역시,동구,3,3,5
중고차판매점,대전광역시,중구,0,0,0
중고차판매점,대전광역시,서구,36,35,34
중고차판매점,대전광역시,유성구,141,138,139
중고차판매점,대전광역시,대덕구,32,33,37
중고차판매점,울산광역시,중구,0,0,0
중고차판매점,울산광역시,남구,0,0,0
중고차판매점,울산광역시,동구,3,3,3
중고차판매점,울산광역시,북구,135,136,137
중고차판매점,울산광역시,울주군,0,0,0
중고차판매점,세종특별자치시,0,6,6,6
중고차판매점,경기도,수원시 장안구,4,4,5
중고차판매점,경기도,수원시 권선구,250,250,255
중고차판매점,경기도,수원시 팔달구,3,0,0
중고차판매점,경기도,수원시 영통구,4,4,5
중고차판매점,경기도,성남시 수정구,3,3,3
중고차판매점,경기도,성남시 중원구,4,4,3
중고차판매점,경기도,성남시 분당구,9,9,9
중고차판매점,경기도,의정부시,19,19,23
중고차판매점,경기도,안양시 만안구,4,4,3
중고차판매점,경기도,안양시 동안구,8,8,9
중고차판매점,경기도,부천시 원미구,51,52,59
중고차판매점,경기도,부천시 소사구,0,0,0
중고차판매점,경기도,부천시 오정구,45,45,42
중고차판매점,경기도,광명시,42,41,41
중고차판매점,경기도,평택시,73,71,63
중고차판매점,경기도,동두천시,6,6,7
중고차판매점,경기도,안산시 상록구,4,4,3
중고차판매점,경기도,안산시 단원구,65,64,63
중고차판매점,경기도,고양시 덕양구,7,5,5
중고차판매점,경기도,고양시 일산동구,25,24,23
중고차판매점,경기도,고양시 일산서구,21,21,18
중고차판매점,경기도,과천시,0,0,0
중고차판매점,경기도,구리시,7,7,7
중고차판매점,경기도,남양주시,14,14,14
중고차판매점,경기도,오산시,7,7,8
중고차판매점,경기도,시흥시,32,31,29
중고차판매점,경기도,군포시,0,0,0
중고차판매점,경기도,의왕시,0,0,0
중고차판매점,경기도,하남시,0,0,0
중고차판매점,경기도,용인시 처인구,15,15,11
중고차판매점,경기도,용인시 기흥구,60,60,59
중고차판매점,경기도,용인시 수지구,0,0,0
중고차판매점,경기도,파주시,26,27,31
중고차판매점,경기도,이천시,30,28,27
중고차판매점,경기도,안성시,16,16,14
중고차판매점,경기도,김포시,63,64,58
중고차판매점,경기도,화성시 만세구,51,50,47
중고차판매점,경기도,화성시 효행구,9,8,6
중고차판매점,경기도,화성시 병점구,6,7,0
중고차판매점,경기도,화성시 동탄구,10,10,6
중고차판매점,경기도,광주시,17,17,17
중고차판매점,경기도,양주시,26,26,22
중고차판매점,경기도,포천시,25,25,24
중고차판매점,경기도,여주시,8,8,7
중고차판매점,경기도,연천군,4,4,4
중고차판매점,경기도,가평군,0,0,0
중고차판매점,경기도,양평군,5,6,6
중고차판매점,충청북도,청주시 상당구,36,37,34
중고차판매점,충청북도,청주시 서원구,8,8,11
중고차판매점,충청북도,청주시 흥덕구,6,5,7
중고차판매점,충청북도,청주시 청원구,59,61,59
중고차판매점,충청북도,충주시,23,23,22
중고차판매점,충청북도,제천시,18,18,18
중고차판매점,충청북도,보은군,0,0,0
중고차판매점,충청북도,옥천군,7,7,7
중고차판매점,충청북도,영동군,0,0,0
중고차판매점,충청북도,증평군,0,0,0
중고차판매점,충청북도,진천군,0,0,0
중고차판매점,충청북도,괴산군,0,0,0
중고차판매점,충청북도,음성군,9,9,12
중고차판매점,충청남도,천안시 동남구,47,48,50
중고차판매점,충청남도,천안시 서북구,57,58,59
중고차판매점,충청남도,공주시,4,4,5
중고차판매점,충청남도,보령시,8,8,10
중고차판매점,충청남도,아산시,76,75,69
중고차판매점,충청남도,서산시,17,17,17
중고차판매점,충청남도,논산시,10,10,9
중고차판매점,충청남도,계룡시,0,0,0
중고차판매점,충청남도,당진시,12,12,12
중고차판매점,충청남도,금산군,3,3,3
중고차판매점,충청남도,부여군,3,3,3
중고차판매점,충청남도,서천군,0,0,0
중고차판매점,충청남도,홍성군,8,8,8
중고차판매점,충청남도,예산군,6,6,5
중고차판매점,충청남도,태안군,0,0,0
중고차판매점,경상북도,포항시 남구,28,28,28
중고차판매점,경상북도,포항시 북구,19,20,19
중고차판매점,경상북도,경주시,35,35,36
중고차판매점,경상북도,김천시,9,9,9
중고차판매점,경상북도,안동시,23,23,24
중고차판매점,경상북도,구미시,57,58,58
중고차판매점,경상북도,영주시,10,11,11
중고차판매점,경상북도,영천시,23,23,27
중고차판매점,경상북도,상주시,9,9,7
중고차판매점,경상북도,문경시,5,5,5
중고차판매점,경상북도,경산시,25,26,23
중고차판매점,경상북도,의성군,3,3,3
중고차판매점,경상북도,청송군,0,0,0
중고차판매점,경상북도,영양군,0,0,0
중고차판매점,경상북도,영덕군,0,0,0
중고차판매점,경상북도,청도군,0,0,0
중고차판매점,경상북도,고령군,0,0,0
중고차판매점,경상북도,성주군,0,0,0
중고차판매점,경상북도,칠곡군,29,29,27
중고차판매점,경상북도,울진군,0,0,0
중고차판매점,경상남도,창원시 의창구,52,52,50
중고차판매점,경상남도,창원시 성산구,30,30,26
중고차판매점,경상남도,창원시 마산합포구,12,13,10
중고차판매점,경상남도,창원시 마산회원구,63,62,66
중고차판매점,경상남도,창원시 진해구,6,6,7
중고차판매점,경상남도,진주시,42,42,42
중고차판매점,경상남도,통영시,4,4,0
중고차판매점,경상남도,사천시,30,30,29
중고차판매점,경상남도,김해시,73,72,75
중고차판매점,경상남도,밀양시,11,12,10
중고차판매점,경상남도,거제시,6,6,7
중고차판매점,경상남도,양산시,23,24,25
중고차판매점,경상남도,함안군,3,3,4
중고차판매점,경상남도,창녕군,0,0,0
중고차판매점,경상남도,고성군,7,7,7
중고차판매점,경상남도,남해군,0,0,0
중고차판매점,경상남도,하동군,0,0,0
중고차판매점,경상남도,산청군,0,0,0
중고차판매점,경상남도,함양군,0,0,0
중고차판매점,경상남도,거창군,3,3,3
중고차판매점,경상남도,합천군,0,0,0
중고차판매점,제주특별자치도,제주시,59,59,53
중고차판매점,제주특별자치도,서귀포시,6,6,8
중고차판매점,강원특별자치도,춘천시,22,22,26
중고차판매점,강원특별자치도,원주시,81,81,82
중고차판매점,강원특별자치도,강릉시,19,19,19
중고차판매점,강원특별자치도,동해시,8,8,8
중고차판매점,강원특별자치도,태백시,4,4,4
중고차판매점,강원특별자치도,속초시,6,6,5
중고차판매점,강원특별자치도,삼척시,0,0,0
중고차판매점,강원특별자치도,홍천군,7,7,7
중고차판매점,강원특별자치도,횡성군,0,0,0
중고차판매점,강원특별자치도,영월군,0,0,0
중고차판매점,강원특별자치도,평창군,0,0,0
중고차판매점,강원특별자치도,철원군,6,6,5
중고차판매점,강원특별자치도,화천군,0,0,0
중고차판매점,강원특별자치도,양구군,0,0,0
중고차판매점,강원특별자치도,양양군,0,0,0
중고차판매점,전북특별자치도,전주시 완산구,22,21,20
중고차판매점,전북특별자치도,전주시 덕진구,127,128,125
중고차판매점,전북특별자치도,군산시,25,25,25
중고차판매점,전북특별자치도,익산시,36,36,36
중고차판매점,전북특별자치도,정읍시,13,13,13
중고차판매점,전북특별자치도,남원시,9,9,10
중고차판매점,전북특별자치도,김제시,7,7,7
중고차판매점,전북특별자치도,완주군,7,7,7
중고차판매점,전북특별자치도,무주군,0,0,0
중고차판매점,전북특별자치도,순창군,0,0,0
중고차판매점,전북특별자치도,고창군,3,3,3
중고차판매점,전북특별자치도,부안군,0,0,0
채소가게,서울특별시,종로구,25,24,26
채소가게,서울특별시,중구,26,26,27
채소가게,서울특별시,용산구,28,29,32
채소가게,서울특별시,성동구,34,34,36
채소가게,서울특별시,광진구,55,57,57
채소가게,서울특별시,동대문구,194,196,195
채소가게,서울특별시,중랑구,96,96,103
채소가게,서울특별시,성북구,58,57,54
채소가게,서울특별시,강북구,90,89,84
채소가게,서울특별시,도봉구,70,69,65
채소가게,서울특별시,노원구,87,89,79
채소가게,서울특별시,은평구,78,78,81
채소가게,서울특별시,서대문구,64,63,71
채소가게,서울특별시,마포구,53,55,56
채소가게,서울특별시,양천구,83,81,79
채소가게,서울특별시,강서구,106,106,99
채소가게,서울특별시,구로구,88,89,90
채소가게,서울특별시,금천구,52,54,58
채소가게,서울특별시,영등포구,77,75,74
채소가게,서울특별시,동작구,50,50,54
채소가게,서울특별시,관악구,93,99,107
채소가게,서울특별시,서초구,31,33,31
채소가게,서울특별시,강남구,73,73,76
채소가게,서울특별시,송파구,124,127,129
채소가게,서울특별시,강동구,89,89,92
채소가게,전남광주통합특별시,목포시,97,96,84
채소가게,전남광주통합특별시,여수시,115,116,118
채소가게,전남광주통합특별시,순천시,94,93,87
채소가게,전남광주통합특별시,나주시,47,47,45
채소가게,전남광주통합특별시,광양시,47,47,48
채소가게,전남광주통합특별시,동구,36,35,30
채소가게,전남광주통합특별시,서구,99,98,87
채소가게,전남광주통합특별시,남구,53,53,47
채소가게,전남광주통합특별시,북구,119,120,113
채소가게,전남광주통합특별시,광산구,92,91,81
채소가게,전남광주통합특별시,담양군,28,28,30
채소가게,전남광주통합특별시,곡성군,20,20,21
채소가게,전남광주통합특별시,구례군,54,54,49
채소가게,전남광주통합특별시,고흥군,58,56,51
채소가게,전남광주통합특별시,보성군,40,39,34
채소가게,전남광주통합특별시,화순군,30,30,27
채소가게,전남광주통합특별시,장흥군,19,19,23
채소가게,전남광주통합특별시,강진군,37,38,36
채소가게,전남광주통합특별시,해남군,127,127,127
채소가게,전남광주통합특별시,영암군,43,41,37
채소가게,전남광주통합특별시,무안군,62,61,64
채소가게,전남광주통합특별시,함평군,27,27,19
채소가게,전남광주통합특별시,영광군,33,33,29
채소가게,전남광주통합특별시,장성군,25,25,25
채소가게,전남광주통합특별시,완도군,20,20,20
채소가게,전남광주통합특별시,진도군,36,34,32
채소가게,전남광주통합특별시,신안군,46,46,47
채소가게,부산광역시,중구,8,9,9
채소가게,부산광역시,서구,48,47,49
채소가게,부산광역시,동구,27,27,22
채소가게,부산광역시,영도구,23,24,22
채소가게,부산광역시,부산진구,216,213,219
채소가게,부산광역시,동래구,64,64,55
채소가게,부산광역시,남구,63,62,59
채소가게,부산광역시,북구,76,76,67
채소가게,부산광역시,해운대구,67,67,61
채소가게,부산광역시,사하구,61,61,57
채소가게,부산광역시,금정구,60,61,54
채소가게,부산광역시,강서구,44,44,38
채소가게,부산광역시,연제구,32,34,31
채소가게,부산광역시,수영구,56,57,53
채소가게,부산광역시,사상구,109,107,113
채소가게,부산광역시,기장군,52,51,45
채소가게,대구광역시,중구,44,44,35
채소가게,대구광역시,동구,73,73,68
채소가게,대구광역시,서구,37,36,32
채소가게,대구광역시,남구,45,46,42
채소가게,대구광역시,북구,171,173,176
채소가게,대구광역시,수성구,73,73,69
채소가게,대구광역시,달서구,94,92,84
채소가게,대구광역시,달성군,55,55,57
채소가게,대구광역시,군위군,14,14,16
채소가게,인천광역시,제물포구,35,34,32
채소가게,인천광역시,영종구,24,24,20
채소가게,인천광역시,미추홀구,101,100,100
채소가게,인천광역시,연수구,64,64,59
채소가게,인천광역시,남동구,156,153,138
채소가게,인천광역시,부평구,158,156,149
채소가게,인천광역시,계양구,66,66,65
채소가게,인천광역시,서해구,75,72,73
채소가게,인천광역시,검단구,29,27,29
채소가게,인천광역시,강화군,206,205,190
채소가게,인천광역시,옹진군,7,7,7
채소가게,대전광역시,동구,81,81,81
채소가게,대전광역시,중구,70,71,72
채소가게,대전광역시,서구,120,119,112
채소가게,대전광역시,유성구,77,78,75
채소가게,대전광역시,대덕구,79,79,72
채소가게,울산광역시,중구,52,51,51
채소가게,울산광역시,남구,43,44,45
채소가게,울산광역시,동구,28,29,28
채소가게,울산광역시,북구,17,17,19
채소가게,울산광역시,울주군,55,54,53
채소가게,세종특별자치시,0,84,84,80
채소가게,경기도,수원시 장안구,50,49,46
채소가게,경기도,수원시 권선구,64,63,71
채소가게,경기도,수원시 팔달구,80,81,81
채소가게,경기도,수원시 영통구,43,44,41
채소가게,경기도,성남시 수정구,48,47,50
채소가게,경기도,성남시 중원구,113,112,108
채소가게,경기도,성남시 분당구,46,44,44
채소가게,경기도,의정부시,134,135,127
채소가게,경기도,안양시 만안구,75,76,71
채소가게,경기도,안양시 동안구,54,54,50
채소가게,경기도,부천시 원미구,106,105,100
채소가게,경기도,부천시 소사구,57,55,55
채소가게,경기도,부천시 오정구,46,47,42
채소가게,경기도,광명시,77,75,69
채소가게,경기도,평택시,154,152,141
채소가게,경기도,동두천시,34,33,28
채소가게,경기도,안산시 상록구,66,60,61
채소가게,경기도,안산시 단원구,69,69,69
채소가게,경기도,고양시 덕양구,88,88,81
채소가게,경기도,고양시 일산동구,33,33,31
채소가게,경기도,고양시 일산서구,45,45,47
채소가게,경기도,과천시,11,11,11
채소가게,경기도,구리시,49,49,49
채소가게,경기도,남양주시,220,218,205
채소가게,경기도,오산시,34,34,33
채소가게,경기도,시흥시,152,151,144
채소가게,경기도,군포시,50,50,47
채소가게,경기도,의왕시,31,32,26
채소가게,경기도,하남시,83,86,77
채소가게,경기도,용인시 처인구,84,84,82
채소가게,경기도,용인시 기흥구,36,37,38
채소가게,경기도,용인시 수지구,21,22,27
채소가게,경기도,파주시,97,96,92
채소가게,경기도,이천시,48,48,46
채소가게,경기도,안성시,65,64,60
채소가게,경기도,김포시,142,140,132
채소가게,경기도,화성시,0,0,0
채소가게,경기도,화성시 만세구,80,80,68
채소가게,경기도,화성시 효행구,32,32,29
채소가게,경기도,화성시 병점구,16,15,19
채소가게,경기도,화성시 동탄구,22,23,16
채소가게,경기도,광주시,127,127,117
채소가게,경기도,양주시,75,76,68
채소가게,경기도,포천시,73,72,67
채소가게,경기도,여주시,75,74,67
채소가게,경기도,연천군,21,22,19
채소가게,경기도,가평군,45,45,40
채소가게,경기도,양평군,46,46,43
채소가게,충청북도,청주시 상당구,90,93,86
채소가게,충청북도,청주시 서원구,46,44,40
채소가게,충청북도,청주시 흥덕구,75,72,60
채소가게,충청북도,청주시 청원구,36,37,33
채소가게,충청북도,충주시,118,117,115
채소가게,충청북도,제천시,80,79,71
채소가게,충청북도,보은군,15,15,14
채소가게,충청북도,옥천군,41,38,33
채소가게,충청북도,영동군,22,22,18
채소가게,충청북도,증평군,11,11,12
채소가게,충청북도,진천군,30,31,30
채소가게,충청북도,괴산군,59,59,61
채소가게,충청북도,음성군,28,28,30
채소가게,충청북도,단양군,49,49,47
채소가게,충청남도,천안시 동남구,89,90,86
채소가게,충청남도,천안시 서북구,57,60,61
채소가게,충청남도,공주시,60,60,54
채소가게,충청남도,보령시,50,50,50
채소가게,충청남도,아산시,80,81,79
채소가게,충청남도,서산시,100,102,100
채소가게,충청남도,논산시,88,88,88
채소가게,충청남도,계룡시,12,12,11
채소가게,충청남도,당진시,75,75,73
채소가게,충청남도,금산군,44,45,49
채소가게,충청남도,부여군,56,55,52
채소가게,충청남도,서천군,35,34,33
채소가게,충청남도,청양군,46,46,47
채소가게,충청남도,홍성군,53,53,50
채소가게,충청남도,예산군,37,38,34
채소가게,충청남도,태안군,107,108,98
채소가게,경상북도,포항시 남구,54,54,52
채소가게,경상북도,포항시 북구,152,152,147
채소가게,경상북도,경주시,85,84,82
채소가게,경상북도,김천시,34,34,33
채소가게,경상북도,안동시,102,104,91
채소가게,경상북도,구미시,73,73,66
채소가게,경상북도,영주시,84,84,84
채소가게,경상북도,영천시,37,37,42
채소가게,경상북도,상주시,48,48,51
채소가게,경상북도,문경시,44,44,42
채소가게,경상북도,경산시,66,66,62
채소가게,경상북도,의성군,67,65,68
채소가게,경상북도,청송군,40,40,44
채소가게,경상북도,영양군,77,75,73
채소가게,경상북도,영덕군,46,46,47
채소가게,경상북도,청도군,59,57,44
채소가게,경상북도,고령군,40,40,42
채소가게,경상북도,성주군,24,22,19
채소가게,경상북도,칠곡군,46,46,40
채소가게,경상북도,예천군,31,31,29
채소가게,경상북도,봉화군,60,60,59
채소가게,경상북도,울진군,42,42,42
채소가게,경상북도,울릉군,24,25,25
채소가게,경상남도,창원시 의창구,63,62,61
채소가게,경상남도,창원시 성산구,35,35,36
채소가게,경상남도,창원시 마산합포구,58,58,51
채소가게,경상남도,창원시 마산회원구,41,40,41
채소가게,경상남도,창원시 진해구,29,28,30
채소가게,경상남도,진주시,145,143,129
채소가게,경상남도,통영시,35,35,33
채소가게,경상남도,사천시,61,61,54
채소가게,경상남도,김해시,144,141,140
채소가게,경상남도,밀양시,55,57,58
채소가게,경상남도,거제시,72,72,69
채소가게,경상남도,양산시,68,67,61
채소가게,경상남도,의령군,14,14,12
채소가게,경상남도,함안군,31,32,24
채소가게,경상남도,창녕군,46,47,49
채소가게,경상남도,고성군,28,28,27
채소가게,경상남도,남해군,35,35,37
채소가게,경상남도,하동군,120,120,128
채소가게,경상남도,산청군,76,76,80
채소가게,경상남도,함양군,43,42,39
채소가게,경상남도,거창군,35,37,34
채소가게,경상남도,합천군,30,30,29
채소가게,제주특별자치도,제주시,298,295,286
채소가게,제주특별자치도,서귀포시,147,149,147
채소가게,강원특별자치도,춘천시,88,89,78
채소가게,강원특별자치도,원주시,155,151,153
채소가게,강원특별자치도,강릉시,61,62,69
채소가게,강원특별자치도,동해시,31,31,33
채소가게,강원특별자치도,태백시,26,26,27
채소가게,강원특별자치도,속초시,21,20,15
채소가게,강원특별자치도,삼척시,45,45,46
채소가게,강원특별자치도,홍천군,71,71,76
채소가게,강원특별자치도,횡성군,83,82,76
채소가게,강원특별자치도,영월군,91,92,86
채소가게,강원특별자치도,평창군,72,71,72
채소가게,강원특별자치도,정선군,82,81,75
채소가게,강원특별자치도,철원군,22,22,22
채소가게,강원특별자치도,화천군,28,27,25
채소가게,강원특별자치도,양구군,30,30,30
채소가게,강원특별자치도,인제군,64,65,63
채소가게,강원특별자치도,고성군,15,15,15
채소가게,강원특별자치도,양양군,49,49,47
채소가게,전북특별자치도,전주시 완산구,121,123,111
채소가게,전북특별자치도,전주시 덕진구,117,120,112
채소가게,전북특별자치도,군산시,112,110,112
채소가게,전북특별자치도,익산시,100,101,103
채소가게,전북특별자치도,정읍시,72,72,64
채소가게,전북특별자치도,남원시,66,68,67
채소가게,전북특별자치도,김제시,38,38,37
채소가게,전북특별자치도,완주군,89,89,85
채소가게,전북특별자치도,진안군,55,53,53
채소가게,전북특별자치도,무주군,20,20,21
채소가게,전북특별자치도,장수군,18,17,15
채소가게,전북특별자치도,임실군,21,20,17
채소가게,전북특별자치도,순창군,18,18,20
채소가게,전북특별자치도,고창군,34,34,33
채소가게,전북특별자치도,부안군,24,25,25
철물점,서울특별시,종로구,32,33,35
철물점,서울특별시,중구,44,44,45
철물점,서울특별시,용산구,30,30,31
철물점,서울특별시,성동구,27,27,29
철물점,서울특별시,광진구,52,52,56
철물점,서울특별시,동대문구,52,52,52
철물점,서울특별시,중랑구,77,77,79
철물점,서울특별시,성북구,54,54,55
철물점,서울특별시,강북구,45,44,45
철물점,서울특별시,도봉구,41,41,38
철물점,서울특별시,노원구,51,50,49
철물점,서울특별시,은평구,63,62,67
철물점,서울특별시,서대문구,38,38,35
철물점,서울특별시,마포구,49,49,45
철물점,서울특별시,양천구,53,54,53
철물점,서울특별시,강서구,68,69,66
철물점,서울특별시,구로구,62,62,61
철물점,서울특별시,금천구,39,37,38
철물점,서울특별시,영등포구,60,60,67
철물점,서울특별시,동작구,36,36,39
철물점,서울특별시,관악구,67,67,68
철물점,서울특별시,서초구,39,39,36
철물점,서울특별시,강남구,60,60,58
철물점,서울특별시,송파구,77,77,77
철물점,서울특별시,강동구,67,66,60
철물점,전남광주통합특별시,목포시,60,60,57
철물점,전남광주통합특별시,여수시,50,50,50
철물점,전남광주통합특별시,순천시,58,57,60
철물점,전남광주통합특별시,나주시,27,27,24
철물점,전남광주통합특별시,광양시,33,34,34
철물점,전남광주통합특별시,동구,22,21,23
철물점,전남광주통합특별시,서구,70,69,75
철물점,전남광주통합특별시,남구,30,30,32
철물점,전남광주통합특별시,북구,90,91,94
철물점,전남광주통합특별시,광산구,64,65,68
철물점,전남광주통합특별시,담양군,17,16,14
철물점,전남광주통합특별시,곡성군,15,15,14
철물점,전남광주통합특별시,구례군,6,6,7
철물점,전남광주통합특별시,고흥군,24,24,22
철물점,전남광주통합특별시,보성군,26,26,26
철물점,전남광주통합특별시,화순군,18,18,21
철물점,전남광주통합특별시,장흥군,12,12,13
철물점,전남광주통합특별시,강진군,16,16,16
철물점,전남광주통합특별시,해남군,25,25,24
철물점,전남광주통합특별시,영암군,20,20,20
철물점,전남광주통합특별시,무안군,29,29,26
철물점,전남광주통합특별시,함평군,8,8,9
철물점,전남광주통합특별시,영광군,13,13,13
철물점,전남광주통합특별시,장성군,11,10,8
철물점,전남광주통합특별시,완도군,17,17,18
철물점,전남광주통합특별시,진도군,7,7,7
철물점,전남광주통합특별시,신안군,12,12,13
철물점,부산광역시,중구,13,13,13
철물점,부산광역시,서구,17,17,16
철물점,부산광역시,동구,38,38,39
철물점,부산광역시,영도구,23,23,24
철물점,부산광역시,부산진구,65,65,70
철물점,부산광역시,동래구,52,53,53
철물점,부산광역시,남구,41,42,38
철물점,부산광역시,북구,43,43,47
철물점,부산광역시,해운대구,62,61,63
철물점,부산광역시,사하구,54,56,60
철물점,부산광역시,금정구,43,42,42
철물점,부산광역시,강서구,28,28,26
철물점,부산광역시,연제구,41,41,44
철물점,부산광역시,수영구,38,37,37
철물점,부산광역시,사상구,56,56,49
철물점,부산광역시,기장군,28,28,27
철물점,대구광역시,중구,35,35,38
철물점,대구광역시,동구,29,29,28
철물점,대구광역시,서구,34,34,39
철물점,대구광역시,남구,13,13,13
철물점,대구광역시,북구,102,103,105
철물점,대구광역시,수성구,39,39,40
철물점,대구광역시,달서구,57,57,57
철물점,대구광역시,달성군,30,30,29
철물점,대구광역시,군위군,8,8,9
철물점,인천광역시,제물포구,34,34,39
철물점,인천광역시,영종구,10,10,8
철물점,인천광역시,미추홀구,73,73,73
철물점,인천광역시,연수구,30,31,30
철물점,인천광역시,남동구,96,98,95
철물점,인천광역시,부평구,94,93,92
철물점,인천광역시,계양구,51,51,55
철물점,인천광역시,서해구,55,53,51
철물점,인천광역시,검단구,29,30,31
철물점,인천광역시,강화군,22,22,22
철물점,인천광역시,옹진군,6,6,7
철물점,대전광역시,동구,54,55,58
철물점,대전광역시,중구,42,43,48
철물점,대전광역시,서구,67,66,62
철물점,대전광역시,유성구,44,46,42
철물점,대전광역시,대덕구,70,71,70
철물점,울산광역시,중구,39,39,40
철물점,울산광역시,남구,42,42,43
철물점,울산광역시,동구,33,33,34
철물점,울산광역시,북구,18,18,18
철물점,울산광역시,울주군,35,35,35
철물점,세종특별자치시,0,36,36,37
철물점,경기도,수원시 장안구,41,41,41
철물점,경기도,수원시 권선구,51,51,55
철물점,경기도,수원시 팔달구,37,38,37
철물점,경기도,수원시 영통구,18,20,19
철물점,경기도,성남시 수정구,23,23,23
철물점,경기도,성남시 중원구,31,31,30
철물점,경기도,성남시 분당구,36,36,38
철물점,경기도,의정부시,75,74,66
철물점,경기도,안양시 만안구,47,47,46
철물점,경기도,안양시 동안구,42,42,42
철물점,경기도,부천시 원미구,60,58,56
철물점,경기도,부천시 소사구,27,27,28
철물점,경기도,부천시 오정구,33,33,34
철물점,경기도,광명시,49,48,48
철물점,경기도,평택시,124,126,132
철물점,경기도,동두천시,17,16,19
철물점,경기도,안산시 상록구,49,50,52
철물점,경기도,안산시 단원구,59,59,61
철물점,경기도,고양시 덕양구,65,66,70
철물점,경기도,고양시 일산동구,45,44,44
철물점,경기도,고양시 일산서구,32,32,27
철물점,경기도,과천시,4,4,5
철물점,경기도,구리시,29,28,29
철물점,경기도,남양주시,91,92,89
철물점,경기도,오산시,35,35,29
철물점,경기도,시흥시,79,78,82
철물점,경기도,군포시,33,33,33
철물점,경기도,의왕시,18,18,16
철물점,경기도,하남시,36,35,37
철물점,경기도,용인시 처인구,54,56,56
철물점,경기도,용인시 기흥구,22,24,27
철물점,경기도,용인시 수지구,16,16,17
철물점,경기도,파주시,75,75,74
철물점,경기도,이천시,52,53,54
철물점,경기도,안성시,45,46,42
철물점,경기도,김포시,83,84,84
철물점,경기도,화성시,0,0,0
철물점,경기도,화성시 만세구,65,65,66
철물점,경기도,화성시 효행구,25,25,25
철물점,경기도,화성시 병점구,16,16,15
철물점,경기도,화성시 동탄구,17,17,14
철물점,경기도,광주시,81,81,85
철물점,경기도,양주시,52,52,44
철물점,경기도,포천시,69,68,63
철물점,경기도,여주시,37,37,38
철물점,경기도,연천군,23,23,24
철물점,경기도,가평군,23,23,21
철물점,경기도,양평군,27,27,28
철물점,충청북도,청주시 상당구,41,41,43
철물점,충청북도,청주시 서원구,31,31,33
철물점,충청북도,청주시 흥덕구,52,51,50
철물점,충청북도,청주시 청원구,37,37,36
철물점,충청북도,충주시,60,61,62
철물점,충청북도,제천시,29,30,29
철물점,충청북도,보은군,14,14,14
철물점,충청북도,옥천군,9,9,10
철물점,충청북도,영동군,9,9,9
철물점,충청북도,증평군,6,6,7
철물점,충청북도,진천군,18,17,16
철물점,충청북도,괴산군,10,10,10
철물점,충청북도,음성군,33,34,35
철물점,충청북도,단양군,13,13,12
철물점,충청남도,천안시 동남구,55,55,49
철물점,충청남도,천안시 서북구,36,36,35
철물점,충청남도,공주시,30,29,26
철물점,충청남도,보령시,27,27,27
철물점,충청남도,아산시,61,60,57
철물점,충청남도,서산시,47,47,40
철물점,충청남도,논산시,42,42,41
철물점,충청남도,계룡시,6,6,6
철물점,충청남도,당진시,53,53,53
철물점,충청남도,금산군,19,19,19
철물점,충청남도,부여군,23,24,21
철물점,충청남도,서천군,13,13,14
철물점,충청남도,청양군,11,11,10
철물점,충청남도,홍성군,28,28,29
철물점,충청남도,예산군,27,27,29
철물점,충청남도,태안군,28,28,25
철물점,경상북도,포항시 남구,34,34,35
철물점,경상북도,포항시 북구,45,45,46
철물점,경상북도,경주시,63,62,60
철물점,경상북도,김천시,32,32,32
철물점,경상북도,안동시,33,31,32
철물점,경상북도,구미시,46,46,49
철물점,경상북도,영주시,39,39,39
철물점,경상북도,영천시,21,21,20
철물점,경상북도,상주시,29,29,30
철물점,경상북도,문경시,15,15,15
철물점,경상북도,경산시,38,38,39
철물점,경상북도,의성군,15,15,16
철물점,경상북도,청송군,12,12,12
철물점,경상북도,영양군,7,6,6
철물점,경상북도,영덕군,9,9,9
철물점,경상북도,청도군,14,14,13
철물점,경상북도,고령군,7,7,8
철물점,경상북도,성주군,9,8,7
철물점,경상북도,칠곡군,36,36,34
철물점,경상북도,예천군,7,7,7
철물점,경상북도,봉화군,13,13,13
철물점,경상북도,울진군,18,18,12
철물점,경상남도,창원시 의창구,46,46,44
철물점,경상남도,창원시 성산구,31,31,31
철물점,경상남도,창원시 마산합포구,30,30,30
철물점,경상남도,창원시 마산회원구,30,30,30
철물점,경상남도,창원시 진해구,28,27,28
철물점,경상남도,진주시,55,56,51
철물점,경상남도,통영시,24,24,24
철물점,경상남도,사천시,31,31,35
철물점,경상남도,김해시,116,115,108
철물점,경상남도,밀양시,26,26,28
철물점,경상남도,거제시,27,27,28
철물점,경상남도,양산시,46,45,44
철물점,경상남도,의령군,5,5,5
철물점,경상남도,함안군,11,11,11
철물점,경상남도,창녕군,10,10,9
철물점,경상남도,고성군,19,19,19
철물점,경상남도,남해군,13,14,15
철물점,경상남도,하동군,19,19,21
철물점,경상남도,산청군,5,5,5
철물점,경상남도,함양군,15,15,14
철물점,경상남도,거창군,14,14,16
철물점,경상남도,합천군,6,6,7
철물점,제주특별자치도,제주시,93,93,91
철물점,제주특별자치도,서귀포시,34,36,35
철물점,강원특별자치도,춘천시,65,65,69
철물점,강원특별자치도,원주시,80,80,83
철물점,강원특별자치도,강릉시,52,54,56
철물점,강원특별자치도,동해시,23,22,23
철물점,강원특별자치도,태백시,16,16,18
철물점,강원특별자치도,속초시,29,29,28
철물점,강원특별자치도,삼척시,15,15,17
철물점,강원특별자치도,홍천군,36,37,34
철물점,강원특별자치도,횡성군,20,20,20
철물점,강원특별자치도,영월군,10,10,10
철물점,강원특별자치도,평창군,23,22,24
철물점,강원특별자치도,정선군,17,17,17
철물점,강원특별자치도,철원군,21,21,22
철물점,강원특별자치도,화천군,12,12,12
철물점,강원특별자치도,양구군,13,12,12
철물점,강원특별자치도,인제군,20,20,21
철물점,강원특별자치도,고성군,9,9,10
철물점,강원특별자치도,양양군,11,11,11
철물점,전북특별자치도,전주시 완산구,59,58,59
철물점,전북특별자치도,전주시 덕진구,61,61,56
철물점,전북특별자치도,군산시,55,54,51
철물점,전북특별자치도,익산시,69,69,68
철물점,전북특별자치도,정읍시,30,30,30
철물점,전북특별자치도,남원시,37,38,37
철물점,전북특별자치도,김제시,17,17,17
철물점,전북특별자치도,완주군,22,22,21
철물점,전북특별자치도,진안군,7,7,8
철물점,전북특별자치도,무주군,6,6,7
철물점,전북특별자치도,장수군,11,11,10
철물점,전북특별자치도,임실군,11,12,12
철물점,전북특별자치도,순창군,8,8,8
철물점,전북특별자치도,고창군,26,26,26
철물점,전북특별자치도,부안군,21,21,21
침구ㆍ커튼가게,서울특별시,종로구,81,83,85
침구ㆍ커튼가게,서울특별시,중구,43,41,40
침구ㆍ커튼가게,서울특별시,용산구,27,25,26
침구ㆍ커튼가게,서울특별시,성동구,26,27,28
침구ㆍ커튼가게,서울특별시,광진구,32,32,38
침구ㆍ커튼가게,서울특별시,동대문구,37,34,38
침구ㆍ커튼가게,서울특별시,중랑구,34,34,40
침구ㆍ커튼가게,서울특별시,성북구,47,45,45
침구ㆍ커튼가게,서울특별시,강북구,36,35,39
침구ㆍ커튼가게,서울특별시,도봉구,29,29,27
침구ㆍ커튼가게,서울특별시,노원구,40,39,39
침구ㆍ커튼가게,서울특별시,은평구,53,52,56
침구ㆍ커튼가게,서울특별시,서대문구,30,28,28
침구ㆍ커튼가게,서울특별시,마포구,33,33,37
침구ㆍ커튼가게,서울특별시,양천구,42,41,45
침구ㆍ커튼가게,서울특별시,강서구,61,61,62
침구ㆍ커튼가게,서울특별시,구로구,39,40,37
침구ㆍ커튼가게,서울특별시,금천구,29,29,34
침구ㆍ커튼가게,서울특별시,영등포구,48,48,44
침구ㆍ커튼가게,서울특별시,동작구,31,31,30
침구ㆍ커튼가게,서울특별시,관악구,42,43,44
침구ㆍ커튼가게,서울특별시,서초구,87,86,82
침구ㆍ커튼가게,서울특별시,강남구,56,56,56
침구ㆍ커튼가게,서울특별시,송파구,70,68,60
침구ㆍ커튼가게,서울특별시,강동구,60,57,57
침구ㆍ커튼가게,전남광주통합특별시,목포시,78,79,80
침구ㆍ커튼가게,전남광주통합특별시,여수시,65,65,68
침구ㆍ커튼가게,전남광주통합특별시,순천시,67,68,68
침구ㆍ커튼가게,전남광주통합특별시,나주시,17,17,21
침구ㆍ커튼가게,전남광주통합특별시,광양시,41,41,43
침구ㆍ커튼가게,전남광주통합특별시,동구,33,33,33
침구ㆍ커튼가게,전남광주통합특별시,서구,152,152,155
침구ㆍ커튼가게,전남광주통합특별시,남구,34,34,38
침구ㆍ커튼가게,전남광주통합특별시,북구,78,77,78
침구ㆍ커튼가게,전남광주통합특별시,광산구,54,52,56
침구ㆍ커튼가게,전남광주통합특별시,담양군,14,14,12
침구ㆍ커튼가게,전남광주통합특별시,곡성군,7,7,6
침구ㆍ커튼가게,전남광주통합특별시,구례군,13,13,13
침구ㆍ커튼가게,전남광주통합특별시,고흥군,20,20,21
침구ㆍ커튼가게,전남광주통합특별시,보성군,12,12,12
침구ㆍ커튼가게,전남광주통합특별시,화순군,8,8,9
침구ㆍ커튼가게,전남광주통합특별시,장흥군,5,5,5
침구ㆍ커튼가게,전남광주통합특별시,강진군,15,15,14
침구ㆍ커튼가게,전남광주통합특별시,해남군,19,18,15
침구ㆍ커튼가게,전남광주통합특별시,영암군,6,6,6
침구ㆍ커튼가게,전남광주통합특별시,무안군,6,7,7
침구ㆍ커튼가게,전남광주통합특별시,함평군,3,3,4
침구ㆍ커튼가게,전남광주통합특별시,영광군,15,15,15
침구ㆍ커튼가게,전남광주통합특별시,장성군,9,9,9
침구ㆍ커튼가게,전남광주통합특별시,완도군,7,8,8
침구ㆍ커튼가게,전남광주통합특별시,진도군,6,6,8
침구ㆍ커튼가게,전남광주통합특별시,신안군,0,0,0
침구ㆍ커튼가게,부산광역시,중구,46,46,44
침구ㆍ커튼가게,부산광역시,서구,20,20,20
침구ㆍ커튼가게,부산광역시,동구,147,147,157
침구ㆍ커튼가게,부산광역시,영도구,17,17,18
침구ㆍ커튼가게,부산광역시,부산진구,46,47,47
침구ㆍ커튼가게,부산광역시,동래구,42,44,47
침구ㆍ커튼가게,부산광역시,남구,35,34,33
침구ㆍ커튼가게,부산광역시,북구,27,27,26
침구ㆍ커튼가게,부산광역시,해운대구,59,58,62
침구ㆍ커튼가게,부산광역시,사하구,41,39,37
침구ㆍ커튼가게,부산광역시,금정구,52,51,47
침구ㆍ커튼가게,부산광역시,강서구,18,17,14
침구ㆍ커튼가게,부산광역시,연제구,37,36,36
침구ㆍ커튼가게,부산광역시,수영구,26,26,29
침구ㆍ커튼가게,부산광역시,사상구,38,38,41
침구ㆍ커튼가게,부산광역시,기장군,25,23,24
침구ㆍ커튼가게,대구광역시,중구,176,175,177
침구ㆍ커튼가게,대구광역시,동구,53,53,57
침구ㆍ커튼가게,대구광역시,서구,70,71,76
침구ㆍ커튼가게,대구광역시,남구,35,34,38
침구ㆍ커튼가게,대구광역시,북구,76,75,72
침구ㆍ커튼가게,대구광역시,수성구,61,62,62
침구ㆍ커튼가게,대구광역시,달서구,86,86,84
침구ㆍ커튼가게,대구광역시,달성군,51,50,49
침구ㆍ커튼가게,대구광역시,군위군,0,0,0
침구ㆍ커튼가게,인천광역시,제물포구,39,39,43
침구ㆍ커튼가게,인천광역시,영종구,13,14,13
침구ㆍ커튼가게,인천광역시,미추홀구,53,53,47
침구ㆍ커튼가게,인천광역시,연수구,59,59,60
침구ㆍ커튼가게,인천광역시,남동구,64,65,66
침구ㆍ커튼가게,인천광역시,부평구,82,81,76
침구ㆍ커튼가게,인천광역시,계양구,40,39,33
침구ㆍ커튼가게,인천광역시,서해구,47,49,44
침구ㆍ커튼가게,인천광역시,검단구,33,32,26
침구ㆍ커튼가게,인천광역시,강화군,13,13,12
침구ㆍ커튼가게,인천광역시,옹진군,0,0,0
침구ㆍ커튼가게,대전광역시,동구,128,129,130
침구ㆍ커튼가게,대전광역시,중구,56,56,61
침구ㆍ커튼가게,대전광역시,서구,86,85,88
침구ㆍ커튼가게,대전광역시,유성구,66,65,64
침구ㆍ커튼가게,대전광역시,대덕구,41,42,45
침구ㆍ커튼가게,울산광역시,중구,80,80,82
침구ㆍ커튼가게,울산광역시,남구,47,47,46
침구ㆍ커튼가게,울산광역시,동구,20,20,21
침구ㆍ커튼가게,울산광역시,북구,26,25,26
침구ㆍ커튼가게,울산광역시,울주군,34,33,38
침구ㆍ커튼가게,세종특별자치시,0,64,63,70
침구ㆍ커튼가게,경기도,수원시 장안구,28,27,30
침구ㆍ커튼가게,경기도,수원시 권선구,42,42,44
침구ㆍ커튼가게,경기도,수원시 팔달구,69,68,75
침구ㆍ커튼가게,경기도,수원시 영통구,50,49,43
침구ㆍ커튼가게,경기도,성남시 수정구,30,27,20
침구ㆍ커튼가게,경기도,성남시 중원구,39,39,45
침구ㆍ커튼가게,경기도,성남시 분당구,57,57,60
침구ㆍ커튼가게,경기도,의정부시,65,66,69
침구ㆍ커튼가게,경기도,안양시 만안구,26,25,26
침구ㆍ커튼가게,경기도,안양시 동안구,27,28,28
침구ㆍ커튼가게,경기도,부천시 원미구,59,57,57
침구ㆍ커튼가게,경기도,부천시 소사구,28,28,29
침구ㆍ커튼가게,경기도,부천시 오정구,26,26,24
침구ㆍ커튼가게,경기도,광명시,53,53,50
침구ㆍ커튼가게,경기도,평택시,104,104,108
침구ㆍ커튼가게,경기도,동두천시,20,19,20
침구ㆍ커튼가게,경기도,안산시 상록구,60,61,59
침구ㆍ커튼가게,경기도,안산시 단원구,53,51,60
침구ㆍ커튼가게,경기도,고양시 덕양구,54,53,54
침구ㆍ커튼가게,경기도,고양시 일산동구,50,50,54
침구ㆍ커튼가게,경기도,고양시 일산서구,41,39,43
침구ㆍ커튼가게,경기도,과천시,8,8,10
침구ㆍ커튼가게,경기도,구리시,26,25,28
침구ㆍ커튼가게,경기도,남양주시,121,116,119
침구ㆍ커튼가게,경기도,오산시,29,28,28
침구ㆍ커튼가게,경기도,시흥시,71,73,70
침구ㆍ커튼가게,경기도,군포시,21,21,23
침구ㆍ커튼가게,경기도,의왕시,14,13,11
침구ㆍ커튼가게,경기도,하남시,40,41,44
침구ㆍ커튼가게,경기도,용인시 처인구,53,51,51
침구ㆍ커튼가게,경기도,용인시 기흥구,38,36,43
침구ㆍ커튼가게,경기도,용인시 수지구,41,41,40
침구ㆍ커튼가게,경기도,파주시,76,76,80
침구ㆍ커튼가게,경기도,이천시,42,39,44
침구ㆍ커튼가게,경기도,안성시,42,42,43
침구ㆍ커튼가게,경기도,김포시,67,64,63
침구ㆍ커튼가게,경기도,화성시 만세구,39,39,35
침구ㆍ커튼가게,경기도,화성시 효행구,22,22,20
침구ㆍ커튼가게,경기도,화성시 병점구,18,18,20
침구ㆍ커튼가게,경기도,화성시 동탄구,46,45,37
침구ㆍ커튼가게,경기도,광주시,51,51,59
침구ㆍ커튼가게,경기도,양주시,43,42,46
침구ㆍ커튼가게,경기도,포천시,33,33,39
침구ㆍ커튼가게,경기도,여주시,18,18,19
침구ㆍ커튼가게,경기도,연천군,7,7,7
침구ㆍ커튼가게,경기도,가평군,8,8,7
침구ㆍ커튼가게,경기도,양평군,28,27,25
침구ㆍ커튼가게,충청북도,청주시 상당구,50,50,51
침구ㆍ커튼가게,충청북도,청주시 서원구,26,26,27
침구ㆍ커튼가게,충청북도,청주시 흥덕구,50,50,44
침구ㆍ커튼가게,충청북도,청주시 청원구,36,36,36
침구ㆍ커튼가게,충청북도,충주시,54,52,48
침구ㆍ커튼가게,충청북도,제천시,49,50,54
침구ㆍ커튼가게,충청북도,보은군,5,5,4
침구ㆍ커튼가게,충청북도,옥천군,17,17,17
침구ㆍ커튼가게,충청북도,영동군,15,15,15
침구ㆍ커튼가게,충청북도,증평군,9,9,9
침구ㆍ커튼가게,충청북도,진천군,16,15,15
침구ㆍ커튼가게,충청북도,괴산군,7,7,7
침구ㆍ커튼가게,충청북도,음성군,17,17,18
침구ㆍ커튼가게,충청북도,단양군,6,6,6
침구ㆍ커튼가게,충청남도,천안시 동남구,59,59,60
침구ㆍ커튼가게,충청남도,천안시 서북구,70,69,62
침구ㆍ커튼가게,충청남도,공주시,26,25,26
침구ㆍ커튼가게,충청남도,보령시,24,24,25
침구ㆍ커튼가게,충청남도,아산시,50,49,47
침구ㆍ커튼가게,충청남도,서산시,48,48,49
침구ㆍ커튼가게,충청남도,논산시,35,35,34
침구ㆍ커튼가게,충청남도,계룡시,9,8,9
침구ㆍ커튼가게,충청남도,당진시,44,44,42
침구ㆍ커튼가게,충청남도,금산군,14,14,14
침구ㆍ커튼가게,충청남도,부여군,13,13,14
침구ㆍ커튼가게,충청남도,서천군,12,12,12
침구ㆍ커튼가게,충청남도,청양군,6,6,6
침구ㆍ커튼가게,충청남도,홍성군,36,37,41
침구ㆍ커튼가게,충청남도,예산군,30,30,29
침구ㆍ커튼가게,충청남도,태안군,24,24,24
침구ㆍ커튼가게,경상북도,포항시 남구,43,42,43
침구ㆍ커튼가게,경상북도,포항시 북구,79,78,74
침구ㆍ커튼가게,경상북도,경주시,64,63,66
침구ㆍ커튼가게,경상북도,김천시,28,28,29
침구ㆍ커튼가게,경상북도,안동시,43,43,47
침구ㆍ커튼가게,경상북도,구미시,76,78,80
침구ㆍ커튼가게,경상북도,영주시,47,47,46
침구ㆍ커튼가게,경상북도,영천시,23,23,25
침구ㆍ커튼가게,경상북도,상주시,26,26,27
침구ㆍ커튼가게,경상북도,문경시,26,25,27
침구ㆍ커튼가게,경상북도,경산시,60,61,58
침구ㆍ커튼가게,경상북도,의성군,12,12,12
침구ㆍ커튼가게,경상북도,청송군,7,7,8
침구ㆍ커튼가게,경상북도,영양군,5,5,4
침구ㆍ커튼가게,경상북도,영덕군,12,12,11
침구ㆍ커튼가게,경상북도,청도군,5,5,5
침구ㆍ커튼가게,경상북도,고령군,4,4,4
침구ㆍ커튼가게,경상북도,성주군,5,5,5
침구ㆍ커튼가게,경상북도,칠곡군,28,28,29
침구ㆍ커튼가게,경상북도,예천군,7,7,8
침구ㆍ커튼가게,경상북도,봉화군,6,6,6
침구ㆍ커튼가게,경상북도,울진군,14,14,16
침구ㆍ커튼가게,경상북도,울릉군,4,4,4
침구ㆍ커튼가게,경상남도,창원시 의창구,21,21,23
침구ㆍ커튼가게,경상남도,창원시 성산구,45,43,42
침구ㆍ커튼가게,경상남도,창원시 마산합포구,45,46,47
침구ㆍ커튼가게,경상남도,창원시 마산회원구,32,32,32
침구ㆍ커튼가게,경상남도,창원시 진해구,29,27,25
침구ㆍ커튼가게,경상남도,진주시,102,102,103
침구ㆍ커튼가게,경상남도,통영시,42,42,45
침구ㆍ커튼가게,경상남도,사천시,31,30,30
침구ㆍ커튼가게,경상남도,김해시,77,78,80
침구ㆍ커튼가게,경상남도,밀양시,19,19,21
침구ㆍ커튼가게,경상남도,거제시,38,37,40
침구ㆍ커튼가게,경상남도,양산시,55,54,57
침구ㆍ커튼가게,경상남도,의령군,7,7,7
침구ㆍ커튼가게,경상남도,함안군,11,11,11
침구ㆍ커튼가게,경상남도,창녕군,12,12,11
침구ㆍ커튼가게,경상남도,고성군,11,11,12
침구ㆍ커튼가게,경상남도,남해군,9,9,9
침구ㆍ커튼가게,경상남도,하동군,14,14,14
침구ㆍ커튼가게,경상남도,산청군,5,5,5
침구ㆍ커튼가게,경상남도,함양군,5,5,4
침구ㆍ커튼가게,경상남도,거창군,16,16,16
침구ㆍ커튼가게,경상남도,합천군,8,8,8
침구ㆍ커튼가게,제주특별자치도,제주시,155,156,156
침구ㆍ커튼가게,제주특별자치도,서귀포시,61,61,61
침구ㆍ커튼가게,강원특별자치도,춘천시,56,55,51
침구ㆍ커튼가게,강원특별자치도,원주시,81,82,84
침구ㆍ커튼가게,강원특별자치도,강릉시,45,42,50
침구ㆍ커튼가게,강원특별자치도,동해시,32,30,34
침구ㆍ커튼가게,강원특별자치도,태백시,13,13,11
침구ㆍ커튼가게,강원특별자치도,속초시,28,27,26
침구ㆍ커튼가게,강원특별자치도,삼척시,18,18,18
침구ㆍ커튼가게,강원특별자치도,홍천군,13,12,12
침구ㆍ커튼가게,강원특별자치도,횡성군,13,13,13
침구ㆍ커튼가게,강원특별자치도,영월군,7,7,8
침구ㆍ커튼가게,강원특별자치도,평창군,8,8,9
침구ㆍ커튼가게,강원특별자치도,정선군,6,6,6
침구ㆍ커튼가게,강원특별자치도,철원군,10,10,12
침구ㆍ커튼가게,강원특별자치도,화천군,3,3,3
침구ㆍ커튼가게,강원특별자치도,양구군,0,0,0
침구ㆍ커튼가게,강원특별자치도,인제군,5,5,4
침구ㆍ커튼가게,강원특별자치도,고성군,7,7,7
침구ㆍ커튼가게,강원특별자치도,양양군,0,0,0
침구ㆍ커튼가게,전북특별자치도,전주시 완산구,115,115,122
침구ㆍ커튼가게,전북특별자치도,전주시 덕진구,49,50,45
침구ㆍ커튼가게,전북특별자치도,군산시,74,74,79
침구ㆍ커튼가게,전북특별자치도,익산시,69,67,65
침구ㆍ커튼가게,전북특별자치도,정읍시,34,34,37
침구ㆍ커튼가게,전북특별자치도,남원시,28,28,28
침구ㆍ커튼가게,전북특별자치도,김제시,13,13,15
침구ㆍ커튼가게,전북특별자치도,완주군,11,11,14
침구ㆍ커튼가게,전북특별자치도,진안군,4,4,3
침구ㆍ커튼가게,전북특별자치도,무주군,5,5,5
침구ㆍ커튼가게,전북특별자치도,장수군,7,7,7
침구ㆍ커튼가게,전북특별자치도,임실군,9,9,8
침구ㆍ커튼가게,전북특별자치도,순창군,6,6,4
침구ㆍ커튼가게,전북특별자치도,고창군,8,8,9
침구ㆍ커튼가게,전북특별자치도,부안군,19,18,18
컴퓨터판매점,서울특별시,종로구,21,21,24
컴퓨터판매점,서울특별시,중구,17,16,19
컴퓨터판매점,서울특별시,용산구,114,115,126
컴퓨터판매점,서울특별시,성동구,29,30,25
컴퓨터판매점,서울특별시,광진구,67,67,63
컴퓨터판매점,서울특별시,동대문구,28,29,29
컴퓨터판매점,서울특별시,중랑구,31,31,29
컴퓨터판매점,서울특별시,성북구,25,25,23
컴퓨터판매점,서울특별시,강북구,34,34,33
컴퓨터판매점,서울특별시,도봉구,14,15,17
컴퓨터판매점,서울특별시,노원구,34,35,38
컴퓨터판매점,서울특별시,은평구,37,36,39
컴퓨터판매점,서울특별시,서대문구,15,15,12
컴퓨터판매점,서울특별시,마포구,45,45,45
컴퓨터판매점,서울특별시,양천구,31,32,33
컴퓨터판매점,서울특별시,강서구,79,75,71
컴퓨터판매점,서울특별시,구로구,67,67,66
컴퓨터판매점,서울특별시,금천구,89,89,89
컴퓨터판매점,서울특별시,영등포구,83,85,84
컴퓨터판매점,서울특별시,동작구,25,25,25
컴퓨터판매점,서울특별시,관악구,28,27,27
컴퓨터판매점,서울특별시,서초구,77,78,80
컴퓨터판매점,서울특별시,강남구,96,95,93
컴퓨터판매점,서울특별시,송파구,66,66,69
컴퓨터판매점,서울특별시,강동구,45,44,39
컴퓨터판매점,전남광주통합특별시,목포시,31,32,34
컴퓨터판매점,전남광주통합특별시,여수시,23,23,23
컴퓨터판매점,전남광주통합특별시,순천시,33,33,35
컴퓨터판매점,전남광주통합특별시,나주시,13,13,14
컴퓨터판매점,전남광주통합특별시,광양시,15,15,16
컴퓨터판매점,전남광주통합특별시,동구,11,11,10
컴퓨터판매점,전남광주통합특별시,서구,54,54,52
컴퓨터판매점,전남광주통합특별시,남구,19,19,22
컴퓨터판매점,전남광주통합특별시,북구,54,54,54
컴퓨터판매점,전남광주통합특별시,광산구,42,42,43
컴퓨터판매점,전남광주통합특별시,담양군,4,4,5
컴퓨터판매점,전남광주통합특별시,고흥군,4,4,4
컴퓨터판매점,전남광주통합특별시,화순군,6,6,6
컴퓨터판매점,전남광주통합특별시,장흥군,0,0,0
컴퓨터판매점,전남광주통합특별시,강진군,3,3,3
컴퓨터판매점,전남광주통합특별시,해남군,7,7,7
컴퓨터판매점,전남광주통합특별시,영암군,3,0,3
컴퓨터판매점,전남광주통합특별시,무안군,5,5,5
컴퓨터판매점,전남광주통합특별시,함평군,0,0,0
컴퓨터판매점,전남광주통합특별시,영광군,4,4,3
컴퓨터판매점,전남광주통합특별시,장성군,3,3,0
컴퓨터판매점,전남광주통합특별시,완도군,5,5,4
컴퓨터판매점,전남광주통합특별시,진도군,0,0,0
컴퓨터판매점,부산광역시,중구,5,5,6
컴퓨터판매점,부산광역시,서구,8,8,9
컴퓨터판매점,부산광역시,동구,7,8,10
컴퓨터판매점,부산광역시,영도구,4,4,5
컴퓨터판매점,부산광역시,부산진구,27,27,28
컴퓨터판매점,부산광역시,동래구,30,30,26
컴퓨터판매점,부산광역시,남구,24,24,22
컴퓨터판매점,부산광역시,북구,10,8,10
컴퓨터판매점,부산광역시,해운대구,33,33,31
컴퓨터판매점,부산광역시,사하구,20,20,21
컴퓨터판매점,부산광역시,금정구,13,13,14
컴퓨터판매점,부산광역시,강서구,11,11,9
컴퓨터판매점,부산광역시,연제구,18,19,21
컴퓨터판매점,부산광역시,수영구,14,14,15
컴퓨터판매점,부산광역시,사상구,26,24,22
컴퓨터판매점,부산광역시,기장군,13,13,11
컴퓨터판매점,대구광역시,중구,15,15,14
컴퓨터판매점,대구광역시,동구,22,22,24
컴퓨터판매점,대구광역시,서구,20,20,21
컴퓨터판매점,대구광역시,남구,10,10,11
컴퓨터판매점,대구광역시,북구,82,81,85
컴퓨터판매점,대구광역시,수성구,30,31,35
컴퓨터판매점,대구광역시,달서구,47,47,48
컴퓨터판매점,대구광역시,달성군,11,11,12
컴퓨터판매점,대구광역시,군위군,0,0,0
컴퓨터판매점,인천광역시,제물포구,15,15,15
컴퓨터판매점,인천광역시,영종구,12,12,11
컴퓨터판매점,인천광역시,미추홀구,30,30,32
컴퓨터판매점,인천광역시,연수구,37,38,43
컴퓨터판매점,인천광역시,남동구,44,43,44
컴퓨터판매점,인천광역시,부평구,40,40,43
컴퓨터판매점,인천광역시,계양구,24,26,25
컴퓨터판매점,인천광역시,서해구,54,55,39
컴퓨터판매점,인천광역시,검단구,18,18,15
컴퓨터판매점,인천광역시,강화군,9,9,9
컴퓨터판매점,대전광역시,동구,24,24,26
컴퓨터판매점,대전광역시,중구,18,19,17
컴퓨터판매점,대전광역시,서구,101,103,91
컴퓨터판매점,대전광역시,유성구,61,58,52
컴퓨터판매점,대전광역시,대덕구,41,40,38
컴퓨터판매점,울산광역시,중구,16,16,17
컴퓨터판매점,울산광역시,남구,32,32,39
컴퓨터판매점,울산광역시,동구,12,13,14
컴퓨터판매점,울산광역시,북구,8,9,10
컴퓨터판매점,울산광역시,울주군,16,16,14
컴퓨터판매점,세종특별자치시,0,88,86,87
컴퓨터판매점,경기도,수원시 장안구,21,23,23
컴퓨터판매점,경기도,수원시 권선구,33,33,31
컴퓨터판매점,경기도,수원시 팔달구,27,26,28
컴퓨터판매점,경기도,수원시 영통구,43,44,45
컴퓨터판매점,경기도,성남시 수정구,27,27,27
컴퓨터판매점,경기도,성남시 중원구,34,33,32
컴퓨터판매점,경기도,성남시 분당구,50,51,57
컴퓨터판매점,경기도,의정부시,59,58,61
컴퓨터판매점,경기도,안양시 만안구,23,23,19
컴퓨터판매점,경기도,안양시 동안구,55,55,52
컴퓨터판매점,경기도,부천시 원미구,45,47,45
컴퓨터판매점,경기도,부천시 소사구,21,21,19
컴퓨터판매점,경기도,부천시 오정구,13,13,13
컴퓨터판매점,경기도,광명시,45,46,44
컴퓨터판매점,경기도,평택시,89,89,79
컴퓨터판매점,경기도,동두천시,12,12,11
컴퓨터판매점,경기도,안산시 상록구,27,27,30
컴퓨터판매점,경기도,안산시 단원구,41,41,38
컴퓨터판매점,경기도,고양시 덕양구,72,71,64
컴퓨터판매점,경기도,고양시 일산동구,47,48,47
컴퓨터판매점,경기도,고양시 일산서구,33,36,33
컴퓨터판매점,경기도,과천시,12,13,10
컴퓨터판매점,경기도,구리시,27,29,22
컴퓨터판매점,경기도,남양주시,80,78,74
컴퓨터판매점,경기도,오산시,16,16,17
컴퓨터판매점,경기도,시흥시,63,63,58
컴퓨터판매점,경기도,군포시,21,21,21
컴퓨터판매점,경기도,의왕시,11,11,13
컴퓨터판매점,경기도,하남시,59,56,53
컴퓨터판매점,경기도,용인시 처인구,30,30,28
컴퓨터판매점,경기도,용인시 기흥구,57,57,61
컴퓨터판매점,경기도,용인시 수지구,32,32,35
컴퓨터판매점,경기도,파주시,50,51,50
컴퓨터판매점,경기도,이천시,22,22,21
컴퓨터판매점,경기도,안성시,23,23,22
컴퓨터판매점,경기도,김포시,82,82,85
컴퓨터판매점,경기도,화성시,0,0,0
컴퓨터판매점,경기도,화성시 만세구,22,23,22
컴퓨터판매점,경기도,화성시 효행구,18,19,17
컴퓨터판매점,경기도,화성시 병점구,18,18,16
컴퓨터판매점,경기도,화성시 동탄구,54,53,50
컴퓨터판매점,경기도,광주시,45,44,48
컴퓨터판매점,경기도,양주시,45,44,41
컴퓨터판매점,경기도,포천시,19,18,19
컴퓨터판매점,경기도,여주시,7,7,7
컴퓨터판매점,경기도,연천군,8,7,7
컴퓨터판매점,경기도,가평군,10,10,8
컴퓨터판매점,경기도,양평군,14,14,13
컴퓨터판매점,충청북도,청주시 상당구,16,17,15
컴퓨터판매점,충청북도,청주시 서원구,30,30,31
컴퓨터판매점,충청북도,청주시 흥덕구,32,31,29
컴퓨터판매점,충청북도,청주시 청원구,29,29,29
컴퓨터판매점,충청북도,충주시,16,16,19
컴퓨터판매점,충청북도,제천시,18,18,18
컴퓨터판매점,충청북도,보은군,3,3,3
컴퓨터판매점,충청북도,옥천군,5,5,5
컴퓨터판매점,충청북도,영동군,9,9,9
컴퓨터판매점,충청북도,증평군,6,6,6
컴퓨터판매점,충청북도,진천군,7,7,7
컴퓨터판매점,충청북도,괴산군,0,0,0
컴퓨터판매점,충청북도,음성군,12,12,13
컴퓨터판매점,충청북도,단양군,0,0,0
컴퓨터판매점,충청남도,천안시 동남구,34,34,38
컴퓨터판매점,충청남도,천안시 서북구,57,57,56
컴퓨터판매점,충청남도,공주시,11,11,10
컴퓨터판매점,충청남도,보령시,11,11,10
컴퓨터판매점,충청남도,아산시,24,24,19
컴퓨터판매점,충청남도,서산시,20,20,21
컴퓨터판매점,충청남도,논산시,18,18,19
컴퓨터판매점,충청남도,계룡시,7,7,6
컴퓨터판매점,충청남도,당진시,18,18,18
컴퓨터판매점,충청남도,금산군,9,8,8
컴퓨터판매점,충청남도,부여군,8,8,6
컴퓨터판매점,충청남도,서천군,0,0,0
컴퓨터판매점,충청남도,청양군,4,4,4
컴퓨터판매점,충청남도,홍성군,17,17,18
컴퓨터판매점,충청남도,예산군,10,10,9
컴퓨터판매점,충청남도,태안군,9,9,10
컴퓨터판매점,경상북도,포항시 남구,31,32,32
컴퓨터판매점,경상북도,포항시 북구,32,32,31
컴퓨터판매점,경상북도,경주시,30,30,30
컴퓨터판매점,경상북도,김천시,23,23,24
컴퓨터판매점,경상북도,안동시,15,15,15
컴퓨터판매점,경상북도,구미시,47,47,50
컴퓨터판매점,경상북도,영주시,10,10,9
컴퓨터판매점,경상북도,영천시,5,5,5
컴퓨터판매점,경상북도,상주시,12,12,12
컴퓨터판매점,경상북도,문경시,6,6,8
컴퓨터판매점,경상북도,경산시,35,34,33
컴퓨터판매점,경상북도,의성군,8,8,8
컴퓨터판매점,경상북도,청송군,0,0,0
컴퓨터판매점,경상북도,영덕군,4,4,4
컴퓨터판매점,경상북도,청도군,3,3,3
컴퓨터판매점,경상북도,고령군,3,3,4
컴퓨터판매점,경상북도,성주군,5,5,5
컴퓨터판매점,경상북도,칠곡군,16,16,15
컴퓨터판매점,경상북도,예천군,4,4,5
컴퓨터판매점,경상북도,봉화군,0,0,0
컴퓨터판매점,경상북도,울진군,8,8,9
컴퓨터판매점,경상남도,창원시 의창구,26,26,26
컴퓨터판매점,경상남도,창원시 성산구,23,23,23
컴퓨터판매점,경상남도,창원시 마산합포구,25,25,26
컴퓨터판매점,경상남도,창원시 마산회원구,18,18,16
컴퓨터판매점,경상남도,창원시 진해구,16,16,18
컴퓨터판매점,경상남도,진주시,32,32,30
컴퓨터판매점,경상남도,통영시,9,9,9
컴퓨터판매점,경상남도,사천시,9,9,9
컴퓨터판매점,경상남도,김해시,65,66,71
컴퓨터판매점,경상남도,밀양시,9,9,9
컴퓨터판매점,경상남도,거제시,19,20,19
컴퓨터판매점,경상남도,양산시,38,38,37
컴퓨터판매점,경상남도,의령군,0,0,0
컴퓨터판매점,경상남도,함안군,9,9,7
컴퓨터판매점,경상남도,창녕군,5,5,6
컴퓨터판매점,경상남도,고성군,5,5,5
컴퓨터판매점,경상남도,남해군,3,3,4
컴퓨터판매점,경상남도,산청군,0,0,0
컴퓨터판매점,경상남도,함양군,7,7,6
컴퓨터판매점,경상남도,거창군,9,9,10
컴퓨터판매점,경상남도,합천군,9,9,8
컴퓨터판매점,제주특별자치도,제주시,84,88,87
컴퓨터판매점,제주특별자치도,서귀포시,12,12,11
컴퓨터판매점,강원특별자치도,춘천시,40,40,39
컴퓨터판매점,강원특별자치도,원주시,61,61,57
컴퓨터판매점,강원특별자치도,강릉시,24,24,24
컴퓨터판매점,강원특별자치도,동해시,12,13,11
컴퓨터판매점,강원특별자치도,태백시,6,4,4
컴퓨터판매점,강원특별자치도,속초시,7,8,10
컴퓨터판매점,강원특별자치도,삼척시,7,7,6
컴퓨터판매점,강원특별자치도,홍천군,4,4,5
컴퓨터판매점,강원특별자치도,횡성군,3,3,3
컴퓨터판매점,강원특별자치도,영월군,4,4,5
컴퓨터판매점,강원특별자치도,평창군,7,7,7
컴퓨터판매점,강원특별자치도,정선군,0,0,0
컴퓨터판매점,강원특별자치도,철원군,5,5,4
컴퓨터판매점,강원특별자치도,화천군,0,0,0
컴퓨터판매점,강원특별자치도,양구군,0,0,0
컴퓨터판매점,강원특별자치도,인제군,4,4,4
컴퓨터판매점,강원특별자치도,고성군,0,0,0
컴퓨터판매점,강원특별자치도,양양군,0,0,0
컴퓨터판매점,전북특별자치도,전주시 완산구,64,64,61
컴퓨터판매점,전북특별자치도,전주시 덕진구,61,61,63
컴퓨터판매점,전북특별자치도,군산시,30,27,27
컴퓨터판매점,전북특별자치도,익산시,45,46,44
컴퓨터판매점,전북특별자치도,정읍시,8,8,7
컴퓨터판매점,전북특별자치도,남원시,15,15,14
컴퓨터판매점,전북특별자치도,김제시,0,0,0
컴퓨터판매점,전북특별자치도,완주군,11,11,11
컴퓨터판매점,전북특별자치도,진안군,0,0,0
컴퓨터판매점,전북특별자치도,무주군,3,3,4
컴퓨터판매점,전북특별자치도,장수군,3,3,3
컴퓨터판매점,전북특별자치도,임실군,0,0,0
컴퓨터판매점,전북특별자치도,순창군,0,0,0
컴퓨터판매점,전북특별자치도,고창군,4,4,6
컴퓨터판매점,전북특별자치도,부안군,3,3,4
통신판매업,서울특별시,종로구,4065,4053,3905
통신판매업,서울특별시,중구,4388,4370,4275
통신판매업,서울특별시,용산구,4670,4639,4569
통신판매업,서울특별시,성동구,5945,5932,5880
통신판매업,서울특별시,광진구,6338,6318,6054
통신판매업,서울특별시,동대문구,6801,6757,6391
통신판매업,서울특별시,중랑구,5995,5996,5894
통신판매업,서울특별시,성북구,6331,6313,6137
통신판매업,서울특별시,강북구,3903,3866,3947
통신판매업,서울특별시,도봉구,4045,4024,3970
통신판매업,서울특별시,노원구,5847,5813,5764
통신판매업,서울특별시,은평구,6196,6136,6077
통신판매업,서울특별시,서대문구,4703,4660,4556
통신판매업,서울특별시,마포구,7966,7898,8034
통신판매업,서울특별시,양천구,5463,5404,5184
통신판매업,서울특별시,강서구,9589,9550,9250
통신판매업,서울특별시,구로구,6392,6344,6226
통신판매업,서울특별시,금천구,5860,5847,5333
통신판매업,서울특별시,영등포구,7450,7407,7320
통신판매업,서울특별시,동작구,5106,5091,4895
통신판매업,서울특별시,관악구,7175,7152,6745
통신판매업,서울특별시,서초구,9383,9271,8819
통신판매업,서울특별시,강남구,14916,14723,13833
통신판매업,서울특별시,송파구,11499,11434,11281
통신판매업,서울특별시,강동구,7139,7099,6848
통신판매업,전남광주통합특별시,목포시,1488,1490,1486
통신판매업,전남광주통합특별시,여수시,1761,1737,1637
통신판매업,전남광주통합특별시,순천시,1917,1906,1841
통신판매업,전남광주통합특별시,나주시,1084,1095,997
통신판매업,전남광주통합특별시,광양시,992,975,918
통신판매업,전남광주통합특별시,동구,1170,1163,1170
통신판매업,전남광주통합특별시,서구,3261,3247,3138
통신판매업,전남광주통합특별시,남구,1868,1861,1848
통신판매업,전남광주통합특별시,북구,3737,3697,3669
통신판매업,전남광주통합특별시,광산구,3849,3866,3761
통신판매업,전남광주통합특별시,담양군,319,325,332
통신판매업,전남광주통합특별시,곡성군,136,139,131
통신판매업,전남광주통합특별시,구례군,149,148,138
통신판매업,전남광주통합특별시,고흥군,262,261,256
통신판매업,전남광주통합특별시,보성군,186,180,172
통신판매업,전남광주통합특별시,화순군,363,363,361
통신판매업,전남광주통합특별시,장흥군,152,150,140
통신판매업,전남광주통합특별시,강진군,149,152,150
통신판매업,전남광주통합특별시,해남군,417,412,417
통신판매업,전남광주통합특별시,영암군,284,284,276
통신판매업,전남광주통합특별시,무안군,630,628,585
통신판매업,전남광주통합특별시,함평군,147,149,140
통신판매업,전남광주통합특별시,영광군,261,265,257
통신판매업,전남광주통합특별시,장성군,260,255,232
통신판매업,전남광주통합특별시,완도군,230,226,223
통신판매업,전남광주통합특별시,진도군,173,173,169
통신판매업,전남광주통합특별시,신안군,229,235,221
통신판매업,부산광역시,중구,576,572,582
통신판매업,부산광역시,서구,845,844,817
통신판매업,부산광역시,동구,1075,1068,1056
통신판매업,부산광역시,영도구,689,684,681
통신판매업,부산광역시,부산진구,4750,4708,4508
통신판매업,부산광역시,동래구,2805,2781,2749
통신판매업,부산광역시,남구,2950,2918,2831
통신판매업,부산광역시,북구,2382,2358,2280
통신판매업,부산광역시,해운대구,5425,5382,5271
통신판매업,부산광역시,사하구,2505,2479,2466
통신판매업,부산광역시,금정구,2016,2014,1993
통신판매업,부산광역시,강서구,2298,2307,2137
통신판매업,부산광역시,연제구,2222,2229,2260
통신판매업,부산광역시,수영구,2739,2764,2752
통신판매업,부산광역시,사상구,1755,1743,1776
통신판매업,부산광역시,기장군,2105,2080,2080
통신판매업,대구광역시,중구,2440,2411,2254
통신판매업,대구광역시,동구,3869,3761,3687
통신판매업,대구광역시,서구,1770,1773,1694
통신판매업,대구광역시,남구,2061,2067,1874
통신판매업,대구광역시,북구,4438,4420,4323
통신판매업,대구광역시,수성구,5349,5299,5212
통신판매업,대구광역시,달서구,5649,5612,5295
통신판매업,대구광역시,달성군,2815,2804,2802
통신판매업,대구광역시,군위군,123,124,135
통신판매업,인천광역시,제물포구,1320,1331,1342
통신판매업,인천광역시,영종구,2339,2310,2128
통신판매업,인천광역시,미추홀구,5795,5740,5564
통신판매업,인천광역시,연수구,9348,9336,8571
통신판매업,인천광역시,남동구,7233,7222,7193
통신판매업,인천광역시,부평구,8235,8179,8175
통신판매업,인천광역시,계양구,3775,3748,3676
통신판매업,인천광역시,서구,4,15,20
통신판매업,인천광역시,서해구,8041,7891,7196
통신판매업,인천광역시,검단구,5200,5120,4474
통신판매업,인천광역시,강화군,620,603,572
통신판매업,인천광역시,옹진군,105,106,89
통신판매업,대전광역시,동구,2106,2083,1914
통신판매업,대전광역시,중구,2431,2424,2291
통신판매업,대전광역시,서구,6393,6397,6180
통신판매업,대전광역시,유성구,5006,4962,4445
통신판매업,대전광역시,대덕구,1598,1599,1559
통신판매업,울산광역시,중구,1438,1421,1412
통신판매업,울산광역시,남구,2510,2491,2484
통신판매업,울산광역시,동구,870,862,833
통신판매업,울산광역시,북구,1474,1475,1488
통신판매업,울산광역시,울주군,1501,1478,1467
통신판매업,세종특별자치시,0,4436,4441,4310
통신판매업,경기도,수원시 장안구,3171,3177,3001
통신판매업,경기도,수원시 권선구,5057,5070,4866
통신판매업,경기도,수원시 팔달구,3109,3075,3038
통신판매업,경기도,수원시 영통구,4953,4950,4924
통신판매업,경기도,성남시 수정구,3150,3117,3076
통신판매업,경기도,성남시 중원구,2553,2558,2572
통신판매업,경기도,성남시 분당구,7649,7587,7289
통신판매업,경기도,의정부시,7490,7444,7067
통신판매업,경기도,안양시 만안구,3366,3355,3377
통신판매업,경기도,안양시 동안구,5362,5373,5184
통신판매업,경기도,부천시 원미구,7473,7397,7160
통신판매업,경기도,부천시 소사구,3558,3550,3424
통신판매업,경기도,부천시 오정구,1825,1835,1751
통신판매업,경기도,광명시,4298,4268,3965
통신판매업,경기도,평택시,8313,8257,7804
통신판매업,경기도,동두천시,991,981,939
통신판매업,경기도,안산시 상록구,4596,4617,4589
통신판매업,경기도,안산시 단원구,5318,5330,5457
통신판매업,경기도,고양시 덕양구,9103,9026,8485
통신판매업,경기도,고양시 일산동구,6714,6705,6473
통신판매업,경기도,고양시 일산서구,5177,5152,5155
통신판매업,경기도,과천시,1114,1092,1025
통신판매업,경기도,구리시,3396,3337,3112
통신판매업,경기도,남양주시,16982,16909,15768
통신판매업,경기도,오산시,3351,3279,3029
통신판매업,경기도,시흥시,8718,8665,8311
통신판매업,경기도,군포시,3250,3256,3399
통신판매업,경기도,의왕시,2137,2111,1990
통신판매업,경기도,하남시,6869,6823,6652
통신판매업,경기도,용인시 처인구,5001,4921,4661
통신판매업,경기도,용인시 기흥구,9320,9326,10519
통신판매업,경기도,용인시 수지구,8137,8087,6907
통신판매업,경기도,파주시,12801,12681,11255
통신판매업,경기도,이천시,2469,2481,2167
통신판매업,경기도,안성시,2311,2282,1976
통신판매업,경기도,김포시,16998,17034,14650
통신판매업,경기도,화성시,0,0,0
통신판매업,경기도,화성시 만세구,3224,3210,3011
통신판매업,경기도,화성시 효행구,2049,2047,1925
통신판매업,경기도,화성시 병점구,3236,3157,2281
통신판매업,경기도,화성시 동탄구,9623,9551,8637
통신판매업,경기도,광주시,7182,7131,6784
통신판매업,경기도,양주시,6667,6643,5694
통신판매업,경기도,포천시,2127,2130,1869
통신판매업,경기도,여주시,1144,1140,1046
통신판매업,경기도,연천군,324,316,277
통신판매업,경기도,가평군,659,648,607
통신판매업,경기도,양평군,3033,3051,2520
통신판매업,충청북도,청주시 상당구,2003,1996,1809
통신판매업,충청북도,청주시 서원구,1662,1654,1543
통신판매업,충청북도,청주시 흥덕구,3226,3165,2774
통신판매업,충청북도,청주시 청원구,1862,1863,1696
통신판매업,충청북도,충주시,1504,1496,1451
통신판매업,충청북도,제천시,808,795,729
통신판매업,충청북도,보은군,155,153,154
통신판매업,충청북도,옥천군,330,329,302
통신판매업,충청북도,영동군,250,247,238
통신판매업,충청북도,증평군,288,279,260
통신판매업,충청북도,진천군,654,649,599
통신판매업,충청북도,괴산군,265,266,235
통신판매업,충청북도,음성군,758,749,634
통신판매업,충청북도,단양군,124,125,121
통신판매업,충청남도,천안시 동남구,3121,3093,2945
통신판매업,충청남도,천안시 서북구,5361,5377,4943
통신판매업,충청남도,공주시,701,684,609
통신판매업,충청남도,보령시,564,557,524
통신판매업,충청남도,아산시,3779,3758,3492
통신판매업,충청남도,서산시,1224,1218,1185
통신판매업,충청남도,논산시,736,729,687
통신판매업,충청남도,계룡시,407,394,359
통신판매업,충청남도,당진시,1384,1371,1237
통신판매업,충청남도,금산군,410,414,392
통신판매업,충청남도,부여군,340,339,336
통신판매업,충청남도,서천군,203,203,191
통신판매업,충청남도,청양군,147,147,137
통신판매업,충청남도,홍성군,648,630,572
통신판매업,충청남도,예산군,486,482,451
통신판매업,충청남도,태안군,411,407,372
통신판매업,경상북도,포항시 남구,1438,1430,1374
통신판매업,경상북도,포항시 북구,2311,2311,2114
통신판매업,경상북도,경주시,1585,1569,1486
통신판매업,경상북도,김천시,1090,1082,1036
통신판매업,경상북도,안동시,970,969,933
통신판매업,경상북도,구미시,3659,3623,3471
통신판매업,경상북도,영주시,648,633,650
통신판매업,경상북도,영천시,755,749,693
통신판매업,경상북도,상주시,491,493,491
통신판매업,경상북도,문경시,373,370,370
통신판매업,경상북도,경산시,3143,3132,3020
통신판매업,경상북도,의성군,254,254,262
통신판매업,경상북도,청송군,160,153,158
통신판매업,경상북도,영양군,82,78,77
통신판매업,경상북도,영덕군,167,162,152
통신판매업,경상북도,청도군,290,293,292
통신판매업,경상북도,고령군,244,243,225
통신판매업,경상북도,성주군,330,331,336
통신판매업,경상북도,칠곡군,1003,1001,926
통신판매업,경상북도,예천군,339,340,332
통신판매업,경상북도,봉화군,156,158,157
통신판매업,경상북도,울진군,229,234,233
통신판매업,경상북도,울릉군,46,44,34
통신판매업,경상남도,창원시 의창구,1674,1662,1638
통신판매업,경상남도,창원시 성산구,1981,1965,1918
통신판매업,경상남도,창원시 마산합포구,1282,1280,1244
통신판매업,경상남도,창원시 마산회원구,1208,1192,1133
통신판매업,경상남도,창원시 진해구,1297,1288,1230
통신판매업,경상남도,진주시,2377,2366,2256
통신판매업,경상남도,통영시,762,763,718
통신판매업,경상남도,사천시,691,677,645
통신판매업,경상남도,김해시,5808,5659,5326
통신판매업,경상남도,밀양시,699,691,677
통신판매업,경상남도,거제시,1638,1612,1564
통신판매업,경상남도,양산시,3993,3957,3902
통신판매업,경상남도,의령군,80,79,80
통신판매업,경상남도,함안군,307,305,287
통신판매업,경상남도,창녕군,284,284,274
통신판매업,경상남도,고성군,199,198,182
통신판매업,경상남도,남해군,222,219,202
통신판매업,경상남도,하동군,206,205,198
통신판매업,경상남도,산청군,184,186,183
통신판매업,경상남도,함양군,175,175,170
통신판매업,경상남도,거창군,324,317,304
통신판매업,경상남도,합천군,133,132,127
통신판매업,제주특별자치도,제주시,4748,4710,4490
통신판매업,제주특별자치도,서귀포시,1934,1901,1782
통신판매업,강원특별자치도,춘천시,2397,2390,2198
통신판매업,강원특별자치도,원주시,4414,4375,3854
통신판매업,강원특별자치도,강릉시,1484,1460,1420
통신판매업,강원특별자치도,동해시,516,518,461
통신판매업,강원특별자치도,태백시,150,147,170
통신판매업,강원특별자치도,속초시,608,601,579
통신판매업,강원특별자치도,삼척시,239,236,219
통신판매업,강원특별자치도,홍천군,427,432,400
통신판매업,강원특별자치도,횡성군,336,330,304
통신판매업,강원특별자치도,영월군,201,193,169
통신판매업,강원특별자치도,평창군,277,279,246
통신판매업,강원특별자치도,정선군,139,143,128
통신판매업,강원특별자치도,철원군,219,216,201
통신판매업,강원특별자치도,화천군,112,111,108
통신판매업,강원특별자치도,양구군,121,119,106
통신판매업,강원특별자치도,인제군,173,174,155
통신판매업,강원특별자치도,고성군,170,167,136
통신판매업,강원특별자치도,양양군,231,240,279
통신판매업,전북특별자치도,전주시 완산구,2992,3003,2914
통신판매업,전북특별자치도,전주시 덕진구,2947,2981,2857
통신판매업,전북특별자치도,군산시,1938,1911,1699
통신판매업,전북특별자치도,익산시,1819,1805,1707
통신판매업,전북특별자치도,정읍시,590,579,535
통신판매업,전북특별자치도,남원시,355,352,354
통신판매업,전북특별자치도,김제시,439,433,392
통신판매업,전북특별자치도,완주군,710,711,677
통신판매업,전북특별자치도,진안군,105,103,98
통신판매업,전북특별자치도,무주군,125,126,117
통신판매업,전북특별자치도,장수군,96,94,92
통신판매업,전북특별자치도,임실군,106,105,99
통신판매업,전북특별자치도,순창군,136,136,128
통신판매업,전북특별자치도,고창군,276,277,263
통신판매업,전북특별자치도,부안군,268,267,239
편의점,서울특별시,종로구,248,247,251
편의점,서울특별시,중구,310,309,308
편의점,서울특별시,용산구,225,228,236
편의점,서울특별시,성동구,262,263,254
편의점,서울특별시,광진구,312,315,326
편의점,서울특별시,동대문구,316,316,316
편의점,서울특별시,중랑구,298,302,294
편의점,서울특별시,성북구,285,290,290
편의점,서울특별시,강북구,230,235,239
편의점,서울특별시,도봉구,225,225,234
편의점,서울특별시,노원구,300,300,307
편의점,서울특별시,은평구,316,316,330
편의점,서울특별시,서대문구,256,260,268
편의점,서울특별시,마포구,449,453,457
편의점,서울특별시,양천구,249,253,262
편의점,서울특별시,강서구,481,482,495
편의점,서울특별시,구로구,316,323,331
편의점,서울특별시,금천구,274,276,283
편의점,서울특별시,영등포구,419,425,433
편의점,서울특별시,동작구,277,281,282
편의점,서울특별시,관악구,368,369,378
편의점,서울특별시,서초구,400,404,405
편의점,서울특별시,강남구,671,676,712
편의점,서울특별시,송파구,496,492,492
편의점,서울특별시,강동구,332,332,331
편의점,전남광주통합특별시,목포시,224,226,222
편의점,전남광주통합특별시,여수시,344,339,352
편의점,전남광주통합특별시,순천시,241,242,252
편의점,전남광주통합특별시,나주시,114,112,114
편의점,전남광주통합특별시,광양시,144,143,149
편의점,전남광주통합특별시,동구,134,135,137
편의점,전남광주통합특별시,서구,285,283,285
편의점,전남광주통합특별시,남구,149,151,150
편의점,전남광주통합특별시,북구,355,355,357
편의점,전남광주통합특별시,광산구,384,382,393
편의점,전남광주통합특별시,담양군,29,30,31
편의점,전남광주통합특별시,곡성군,22,22,22
편의점,전남광주통합특별시,구례군,17,17,17
편의점,전남광주통합특별시,고흥군,52,52,52
편의점,전남광주통합특별시,보성군,25,25,25
편의점,전남광주통합특별시,화순군,36,36,37
편의점,전남광주통합특별시,장흥군,27,28,25
편의점,전남광주통합특별시,강진군,23,23,25
편의점,전남광주통합특별시,해남군,68,67,66
편의점,전남광주통합특별시,영암군,59,59,62
편의점,전남광주통합특별시,무안군,87,87,93
편의점,전남광주통합특별시,함평군,13,13,13
편의점,전남광주통합특별시,영광군,40,39,42
편의점,전남광주통합특별시,장성군,28,28,29
편의점,전남광주통합특별시,완도군,48,49,46
편의점,전남광주통합특별시,진도군,23,22,23
편의점,전남광주통합특별시,신안군,17,17,19
편의점,부산광역시,중구,78,78,79
편의점,부산광역시,서구,95,97,102
편의점,부산광역시,동구,93,91,87
편의점,부산광역시,영도구,87,87,85
편의점,부산광역시,부산진구,379,379,375
편의점,부산광역시,동래구,194,192,206
편의점,부산광역시,남구,192,195,199
편의점,부산광역시,북구,152,150,150
편의점,부산광역시,해운대구,315,314,315
편의점,부산광역시,사하구,237,236,249
편의점,부산광역시,금정구,182,181,184
편의점,부산광역시,강서구,196,197,200
편의점,부산광역시,연제구,147,147,144
편의점,부산광역시,수영구,167,166,172
편의점,부산광역시,사상구,180,180,185
편의점,부산광역시,기장군,176,176,174
편의점,대구광역시,중구,156,157,153
편의점,대구광역시,동구,273,277,284
편의점,대구광역시,서구,149,148,150
편의점,대구광역시,남구,155,154,153
편의점,대구광역시,북구,352,349,366
편의점,대구광역시,수성구,297,294,308
편의점,대구광역시,달서구,447,449,467
편의점,대구광역시,달성군,239,240,239
편의점,대구광역시,군위군,16,16,16
편의점,인천광역시,제물포구,130,128,136
편의점,인천광역시,영종구,199,200,197
편의점,인천광역시,미추홀구,405,412,417
편의점,인천광역시,연수구,364,367,365
편의점,인천광역시,남동구,446,450,482
편의점,인천광역시,부평구,427,428,441
편의점,인천광역시,계양구,241,238,254
편의점,인천광역시,서구,0,0,0
편의점,인천광역시,서해구,373,372,391
편의점,인천광역시,검단구,199,198,188
편의점,인천광역시,강화군,118,117,121
편의점,인천광역시,옹진군,34,35,37
편의점,대전광역시,동구,222,224,216
편의점,대전광역시,중구,209,208,219
편의점,대전광역시,서구,451,448,462
편의점,대전광역시,유성구,384,383,392
편의점,대전광역시,대덕구,168,161,175
편의점,울산광역시,중구,166,166,169
편의점,울산광역시,남구,338,343,361
편의점,울산광역시,동구,156,154,161
편의점,울산광역시,북구,173,176,172
편의점,울산광역시,울주군,243,243,247
편의점,세종특별자치시,0,304,304,321
편의점,경기도,수원시 장안구,215,217,233
편의점,경기도,수원시 권선구,331,333,340
편의점,경기도,수원시 팔달구,255,257,265
편의점,경기도,수원시 영통구,298,297,309
편의점,경기도,성남시 수정구,222,222,226
편의점,경기도,성남시 중원구,189,190,199
편의점,경기도,성남시 분당구,359,359,362
편의점,경기도,의정부시,425,430,436
편의점,경기도,안양시 만안구,197,194,204
편의점,경기도,안양시 동안구,259,255,257
편의점,경기도,부천시 원미구,351,354,381
편의점,경기도,부천시 소사구,176,178,182
편의점,경기도,부천시 오정구,133,134,140
편의점,경기도,광명시,186,186,182
편의점,경기도,평택시,873,874,908
편의점,경기도,동두천시,101,99,101
편의점,경기도,안산시 상록구,316,317,313
편의점,경기도,안산시 단원구,372,373,384
편의점,경기도,고양시 덕양구,394,398,404
편의점,경기도,고양시 일산동구,287,289,305
편의점,경기도,고양시 일산서구,197,198,204
편의점,경기도,과천시,76,75,81
편의점,경기도,구리시,167,169,177
편의점,경기도,남양주시,623,634,644
편의점,경기도,오산시,285,283,280
편의점,경기도,시흥시,554,553,563
편의점,경기도,군포시,200,202,202
편의점,경기도,의왕시,117,116,115
편의점,경기도,하남시,266,270,288
편의점,경기도,용인시 처인구,437,438,449
편의점,경기도,용인시 기흥구,338,345,365
편의점,경기도,용인시 수지구,219,221,218
편의점,경기도,파주시,540,549,563
편의점,경기도,이천시,352,354,367
편의점,경기도,안성시,320,323,324
편의점,경기도,김포시,488,495,509
편의점,경기도,화성시,0,0,0
편의점,경기도,화성시 만세구,483,482,498
편의점,경기도,화성시 효행구,198,201,202
편의점,경기도,화성시 병점구,133,136,132
편의점,경기도,화성시 동탄구,344,353,325
편의점,경기도,광주시,424,430,443
편의점,경기도,양주시,315,316,328
편의점,경기도,포천시,276,275,278
편의점,경기도,여주시,178,180,182
편의점,경기도,연천군,60,62,68
편의점,경기도,가평군,128,129,136
편의점,경기도,양평군,148,150,156
편의점,충청북도,청주시 상당구,194,193,199
편의점,충청북도,청주시 서원구,188,187,189
편의점,충청북도,청주시 흥덕구,379,379,378
편의점,충청북도,청주시 청원구,257,260,256
편의점,충청북도,충주시,256,257,255
편의점,충청북도,제천시,130,129,129
편의점,충청북도,보은군,23,23,26
편의점,충청북도,옥천군,54,54,53
편의점,충청북도,영동군,35,36,35
편의점,충청북도,증평군,51,50,51
편의점,충청북도,진천군,163,164,167
편의점,충청북도,괴산군,31,30,28
편의점,충청북도,음성군,190,189,187
편의점,충청북도,단양군,27,27,27
편의점,충청남도,천안시 동남구,368,370,374
편의점,충청남도,천안시 서북구,572,573,572
편의점,충청남도,공주시,114,115,118
편의점,충청남도,보령시,151,153,160
편의점,충청남도,아산시,513,512,509
편의점,충청남도,서산시,241,240,241
편의점,충청남도,논산시,117,119,124
편의점,충청남도,계룡시,31,31,32
편의점,충청남도,당진시,269,269,270
편의점,충청남도,금산군,42,42,44
편의점,충청남도,부여군,49,50,54
편의점,충청남도,서천군,42,42,48
편의점,충청남도,청양군,28,28,26
편의점,충청남도,홍성군,108,108,108
편의점,충청남도,예산군,101,103,104
편의점,충청남도,태안군,122,122,128
편의점,경상북도,포항시 남구,248,248,254
편의점,경상북도,포항시 북구,258,259,261
편의점,경상북도,경주시,332,332,330
편의점,경상북도,김천시,127,127,128
편의점,경상북도,안동시,140,137,139
편의점,경상북도,구미시,479,478,461
편의점,경상북도,영주시,80,80,81
편의점,경상북도,영천시,95,95,92
편의점,경상북도,상주시,63,63,62
편의점,경상북도,문경시,63,63,60
편의점,경상북도,경산시,307,310,325
편의점,경상북도,의성군,25,27,27
편의점,경상북도,청송군,16,16,16
편의점,경상북도,영양군,5,5,4
편의점,경상북도,영덕군,33,36,41
편의점,경상북도,청도군,28,28,29
편의점,경상북도,고령군,33,33,35
편의점,경상북도,성주군,38,38,40
편의점,경상북도,칠곡군,151,151,149
편의점,경상북도,예천군,30,30,27
편의점,경상북도,봉화군,12,12,14
편의점,경상북도,울진군,54,53,51
편의점,경상북도,울릉군,13,13,13
편의점,경상남도,창원시 의창구,207,205,214
편의점,경상남도,창원시 성산구,238,239,239
편의점,경상남도,창원시 마산합포구,171,174,179
편의점,경상남도,창원시 마산회원구,143,146,152
편의점,경상남도,창원시 진해구,207,211,205
편의점,경상남도,진주시,306,308,322
편의점,경상남도,통영시,143,144,154
편의점,경상남도,사천시,123,125,128
편의점,경상남도,김해시,540,547,564
편의점,경상남도,밀양시,97,98,104
편의점,경상남도,거제시,306,303,310
편의점,경상남도,양산시,350,348,350
편의점,경상남도,의령군,17,16,16
편의점,경상남도,함안군,61,61,65
편의점,경상남도,창녕군,58,60,56
편의점,경상남도,고성군,59,59,56
편의점,경상남도,남해군,60,60,61
편의점,경상남도,하동군,37,38,37
편의점,경상남도,산청군,18,18,20
편의점,경상남도,함양군,29,30,30
편의점,경상남도,거창군,56,58,58
편의점,경상남도,합천군,24,23,21
편의점,제주특별자치도,제주시,898,896,929
편의점,제주특별자치도,서귀포시,390,398,407
편의점,강원특별자치도,춘천시,354,353,361
편의점,강원특별자치도,원주시,457,465,480
편의점,강원특별자치도,강릉시,332,330,340
편의점,강원특별자치도,동해시,123,125,128
편의점,강원특별자치도,태백시,56,56,56
편의점,강원특별자치도,속초시,164,164,171
편의점,강원특별자치도,삼척시,95,95,97
편의점,강원특별자치도,홍천군,71,71,70
편의점,강원특별자치도,횡성군,53,54,53
편의점,강원특별자치도,영월군,41,41,40
편의점,강원특별자치도,평창군,77,77,83
편의점,강원특별자치도,정선군,65,66,64
편의점,강원특별자치도,철원군,53,53,54
편의점,강원특별자치도,화천군,28,28,28
편의점,강원특별자치도,양구군,22,22,20
편의점,강원특별자치도,인제군,53,54,53
편의점,강원특별자치도,고성군,72,71,68
편의점,강원특별자치도,양양군,84,82,81
편의점,전북특별자치도,전주시 완산구,286,285,303
편의점,전북특별자치도,전주시 덕진구,337,336,344
편의점,전북특별자치도,군산시,266,268,261
편의점,전북특별자치도,익산시,226,226,232
편의점,전북특별자치도,정읍시,97,98,97
편의점,전북특별자치도,남원시,58,57,58
편의점,전북특별자치도,김제시,79,78,75
편의점,전북특별자치도,완주군,94,94,95
편의점,전북특별자치도,진안군,13,13,12
편의점,전북특별자치도,무주군,33,34,34
편의점,전북특별자치도,장수군,16,16,18
편의점,전북특별자치도,임실군,23,21,21
편의점,전북특별자치도,순창군,15,15,14
편의점,전북특별자치도,고창군,51,53,51
편의점,전북특별자치도,부안군,60,60,60
화장품가게,서울특별시,종로구,123,126,117
화장품가게,서울특별시,중구,211,214,220
화장품가게,서울특별시,용산구,129,129,137
화장품가게,서울특별시,성동구,173,174,187
화장품가게,서울특별시,광진구,213,215,231
화장품가게,서울특별시,동대문구,181,183,192
화장품가게,서울특별시,중랑구,214,213,233
화장품가게,서울특별시,성북구,168,169,189
화장품가게,서울특별시,강북구,137,139,141
화장품가게,서울특별시,도봉구,132,135,134
화장품가게,서울특별시,노원구,223,224,252
화장품가게,서울특별시,은평구,236,234,251
화장품가게,서울특별시,서대문구,133,138,135
화장품가게,서울특별시,마포구,281,280,281
화장품가게,서울특별시,양천구,190,191,196
화장품가게,서울특별시,강서구,387,392,398
화장품가게,서울특별시,구로구,234,237,252
화장품가게,서울특별시,금천구,185,186,188
화장품가게,서울특별시,영등포구,280,282,291
화장품가게,서울특별시,동작구,132,134,146
화장품가게,서울특별시,관악구,241,239,253
화장품가게,서울특별시,서초구,407,412,429
화장품가게,서울특별시,강남구,822,831,881
화장품가게,서울특별시,송파구,487,498,523
화장품가게,서울특별시,강동구,251,250,265
화장품가게,전남광주통합특별시,목포시,137,136,141
화장품가게,전남광주통합특별시,여수시,161,162,185
화장품가게,전남광주통합특별시,순천시,212,211,230
화장품가게,전남광주통합특별시,나주시,52,52,54
화장품가게,전남광주통합특별시,광양시,96,97,101
화장품가게,전남광주통합특별시,동구,109,109,109
화장품가게,전남광주통합특별시,서구,293,295,319
화장품가게,전남광주통합특별시,남구,155,156,170
화장품가게,전남광주통합특별시,북구,282,280,304
화장품가게,전남광주통합특별시,광산구,228,231,251
화장품가게,전남광주통합특별시,담양군,11,11,12
화장품가게,전남광주통합특별시,곡성군,7,7,6
화장품가게,전남광주통합특별시,구례군,11,13,13
화장품가게,전남광주통합특별시,고흥군,27,26,25
화장품가게,전남광주통합특별시,보성군,13,13,12
화장품가게,전남광주통합특별시,화순군,30,30,26
화장품가게,전남광주통합특별시,장흥군,22,22,21
화장품가게,전남광주통합특별시,강진군,14,13,14
화장품가게,전남광주통합특별시,해남군,39,38,26
화장품가게,전남광주통합특별시,영암군,18,17,16
화장품가게,전남광주통합특별시,무안군,44,46,48
화장품가게,전남광주통합특별시,함평군,4,4,5
화장품가게,전남광주통합특별시,영광군,41,42,44
화장품가게,전남광주통합특별시,장성군,11,11,10
화장품가게,전남광주통합특별시,완도군,18,18,21
화장품가게,전남광주통합특별시,진도군,12,12,11
화장품가게,전남광주통합특별시,신안군,0,0,0
화장품가게,부산광역시,중구,97,99,97
화장품가게,부산광역시,서구,40,39,47
화장품가게,부산광역시,동구,85,86,87
화장품가게,부산광역시,영도구,48,48,46
화장품가게,부산광역시,부산진구,327,331,356
화장품가게,부산광역시,동래구,187,187,196
화장품가게,부산광역시,남구,148,152,158
화장품가게,부산광역시,북구,155,153,166
화장품가게,부산광역시,해운대구,323,325,342
화장품가게,부산광역시,사하구,142,140,159
화장품가게,부산광역시,금정구,123,125,138
화장품가게,부산광역시,강서구,76,77,71
화장품가게,부산광역시,연제구,135,139,153
화장품가게,부산광역시,수영구,184,183,198
화장품가게,부산광역시,사상구,103,101,112
화장품가게,부산광역시,기장군,94,95,99
화장품가게,대구광역시,중구,186,192,217
화장품가게,대구광역시,동구,231,236,256
화장품가게,대구광역시,서구,122,122,122
화장품가게,대구광역시,남구,145,148,157
화장품가게,대구광역시,북구,256,256,275
화장품가게,대구광역시,수성구,436,440,479
화장품가게,대구광역시,달서구,390,390,414
화장품가게,대구광역시,달성군,133,132,135
화장품가게,대구광역시,군위군,6,6,8
화장품가게,인천광역시,제물포구,88,88,86
화장품가게,인천광역시,영종구,63,64,59
화장품가게,인천광역시,미추홀구,209,210,216
화장품가게,인천광역시,연수구,252,253,247
화장품가게,인천광역시,남동구,273,277,308
화장품가게,인천광역시,부평구,299,304,296
화장품가게,인천광역시,계양구,123,125,135
화장품가게,인천광역시,서구,0,0,0
화장품가게,인천광역시,서해구,245,247,251
화장품가게,인천광역시,검단구,97,100,99
화장품가게,인천광역시,강화군,36,37,39
화장품가게,인천광역시,옹진군,0,0,0
화장품가게,대전광역시,동구,108,110,115
화장품가게,대전광역시,중구,189,190,205
화장품가게,대전광역시,서구,438,445,475
화장품가게,대전광역시,유성구,284,289,313
화장품가게,대전광역시,대덕구,118,119,122
화장품가게,울산광역시,중구,145,149,162
화장품가게,울산광역시,남구,395,399,448
화장품가게,울산광역시,동구,105,107,117
화장품가게,울산광역시,북구,111,112,121
화장품가게,울산광역시,울주군,126,128,128
화장품가게,세종특별자치시,0,166,172,190
화장품가게,경기도,수원시 장안구,121,122,135
화장품가게,경기도,수원시 권선구,193,194,205
화장품가게,경기도,수원시 팔달구,251,259,288
화장품가게,경기도,수원시 영통구,216,218,246
화장품가게,경기도,성남시 수정구,140,138,142
화장품가게,경기도,성남시 중원구,125,130,121
화장품가게,경기도,성남시 분당구,393,393,438
화장품가게,경기도,의정부시,324,327,341
화장품가게,경기도,안양시 만안구,135,136,135
화장품가게,경기도,안양시 동안구,241,243,250
화장품가게,경기도,부천시 원미구,342,344,353
화장품가게,경기도,부천시 소사구,126,129,124
화장품가게,경기도,부천시 오정구,66,68,64
화장품가게,경기도,광명시,174,176,189
화장품가게,경기도,평택시,441,452,481
화장품가게,경기도,동두천시,63,63,68
화장품가게,경기도,안산시 상록구,204,211,224
화장품가게,경기도,안산시 단원구,282,280,313
화장품가게,경기도,고양시 덕양구,266,271,298
화장품가게,경기도,고양시 일산동구,297,295,305
화장품가게,경기도,고양시 일산서구,188,189,187
화장품가게,경기도,과천시,27,29,27
화장품가게,경기도,구리시,142,141,152
화장품가게,경기도,남양주시,487,495,519
화장품가게,경기도,오산시,142,140,154
화장품가게,경기도,시흥시,290,298,313
화장품가게,경기도,군포시,115,118,130
화장품가게,경기도,의왕시,57,58,63
화장품가게,경기도,하남시,215,216,232
화장품가게,경기도,용인시 처인구,126,129,146
화장품가게,경기도,용인시 기흥구,263,269,293
화장품가게,경기도,용인시 수지구,179,180,197
화장품가게,경기도,파주시,278,283,300
화장품가게,경기도,이천시,114,116,121
화장품가게,경기도,안성시,103,102,103
화장품가게,경기도,김포시,319,330,346
화장품가게,경기도,화성시,0,0,0
화장품가게,경기도,화성시 만세구,125,127,139
화장품가게,경기도,화성시 효행구,46,46,40
화장품가게,경기도,화성시 병점구,88,88,95
화장품가게,경기도,화성시 동탄구,200,206,213
화장품가게,경기도,광주시,192,199,207
화장품가게,경기도,양주시,141,143,139
화장품가게,경기도,포천시,80,81,83
화장품가게,경기도,여주시,65,64,64
화장품가게,경기도,연천군,20,20,22
화장품가게,경기도,가평군,38,39,41
화장품가게,경기도,양평군,60,61,65
화장품가게,충청북도,청주시 상당구,123,124,129
화장품가게,충청북도,청주시 서원구,123,124,126
화장품가게,충청북도,청주시 흥덕구,191,194,192
화장품가게,충청북도,청주시 청원구,123,127,131
화장품가게,충청북도,충주시,120,118,130
화장품가게,충청북도,제천시,84,86,87
화장품가게,충청북도,보은군,11,12,12
화장품가게,충청북도,옥천군,31,32,32
화장품가게,충청북도,영동군,16,16,17
화장품가게,충청북도,증평군,20,20,23
화장품가게,충청북도,진천군,40,39,44
화장품가게,충청북도,괴산군,12,14,14
화장품가게,충청북도,음성군,57,57,63
화장품가게,충청북도,단양군,13,13,13
화장품가게,충청남도,천안시 동남구,156,161,173
화장품가게,충청남도,천안시 서북구,341,349,376
화장품가게,충청남도,공주시,54,54,61
화장품가게,충청남도,보령시,76,73,69
화장품가게,충청남도,아산시,163,164,170
화장품가게,충청남도,서산시,114,114,115
화장품가게,충청남도,논산시,79,82,82
화장품가게,충청남도,계룡시,33,33,35
화장품가게,충청남도,당진시,102,102,115
화장품가게,충청남도,금산군,27,27,24
화장품가게,충청남도,부여군,27,27,25
화장품가게,충청남도,서천군,24,23,23
화장품가게,충청남도,청양군,17,17,19
화장품가게,충청남도,홍성군,48,48,49
화장품가게,충청남도,예산군,56,57,54
화장품가게,충청남도,태안군,40,41,41
화장품가게,경상북도,포항시 남구,243,239,257
화장품가게,경상북도,포항시 북구,305,310,324
화장품가게,경상북도,경주시,201,202,204
화장품가게,경상북도,김천시,64,63,69
화장품가게,경상북도,안동시,125,129,128
화장품가게,경상북도,구미시,275,279,301
화장품가게,경상북도,영주시,78,80,90
화장품가게,경상북도,영천시,49,48,55
화장품가게,경상북도,상주시,33,33,30
화장품가게,경상북도,문경시,39,39,43
화장품가게,경상북도,경산시,175,178,184
화장품가게,경상북도,의성군,13,13,15
화장품가게,경상북도,청송군,7,7,7
화장품가게,경상북도,영양군,6,6,6
화장품가게,경상북도,영덕군,31,31,31
화장품가게,경상북도,청도군,16,16,18
화장품가게,경상북도,고령군,13,12,12
화장품가게,경상북도,성주군,15,15,17
화장품가게,경상북도,칠곡군,68,66,67
화장품가게,경상북도,예천군,20,18,17
화장품가게,경상북도,봉화군,7,7,7
화장품가게,경상북도,울진군,21,20,20
화장품가게,경상북도,울릉군,4,4,4
화장품가게,경상남도,창원시 의창구,147,148,152
화장품가게,경상남도,창원시 성산구,242,243,254
화장품가게,경상남도,창원시 마산합포구,137,138,154
화장품가게,경상남도,창원시 마산회원구,147,147,156
화장품가게,경상남도,창원시 진해구,120,121,130
화장품가게,경상남도,진주시,261,266,289
화장품가게,경상남도,통영시,83,82,85
화장품가게,경상남도,사천시,82,83,80
화장품가게,경상남도,김해시,384,389,395
화장품가게,경상남도,밀양시,62,60,59
화장품가게,경상남도,거제시,147,143,149
화장품가게,경상남도,양산시,225,225,231
화장품가게,경상남도,의령군,8,8,9
화장품가게,경상남도,함안군,23,24,24
화장품가게,경상남도,창녕군,38,38,38
화장품가게,경상남도,고성군,26,27,27
화장품가게,경상남도,남해군,17,18,19
화장품가게,경상남도,하동군,21,20,18
화장품가게,경상남도,산청군,9,9,11
화장품가게,경상남도,함양군,11,11,10
화장품가게,경상남도,거창군,47,48,44
화장품가게,경상남도,합천군,8,7,8
화장품가게,제주특별자치도,제주시,545,549,568
화장품가게,제주특별자치도,서귀포시,123,124,143
화장품가게,강원특별자치도,춘천시,201,199,188
화장품가게,강원특별자치도,원주시,265,263,281
화장품가게,강원특별자치도,강릉시,174,175,186
화장품가게,강원특별자치도,동해시,76,76,82
화장품가게,강원특별자치도,태백시,36,37,38
화장품가게,강원특별자치도,속초시,76,74,79
화장품가게,강원특별자치도,삼척시,33,36,38
화장품가게,강원특별자치도,홍천군,35,35,37
화장품가게,강원특별자치도,횡성군,20,21,28
화장품가게,강원특별자치도,영월군,18,18,19
화장품가게,강원특별자치도,평창군,14,14,15
화장품가게,강원특별자치도,정선군,26,27,29
화장품가게,강원특별자치도,철원군,24,24,23
화장품가게,강원특별자치도,화천군,6,6,8
화장품가게,강원특별자치도,양구군,6,5,6
화장품가게,강원특별자치도,인제군,19,18,19
화장품가게,강원특별자치도,고성군,8,8,10
화장품가게,강원특별자치도,양양군,12,12,13
화장품가게,전북특별자치도,전주시 완산구,400,405,432
화장품가게,전북특별자치도,전주시 덕진구,242,244,265
화장품가게,전북특별자치도,군산시,210,208,216
화장품가게,전북특별자치도,익산시,238,241,256
화장품가게,전북특별자치도,정읍시,63,62,58
화장품가게,전북특별자치도,남원시,57,55,63
화장품가게,전북특별자치도,김제시,40,41,38
화장품가게,전북특별자치도,완주군,37,36,39
화장품가게,전북특별자치도,진안군,9,9,8
화장품가게,전북특별자치도,무주군,4,3,5
화장품가게,전북특별자치도,장수군,7,7,7
화장품가게,전북특별자치도,임실군,5,5,7
화장품가게,전북특별자치도,순창군,12,12,14
화장품가게,전북특별자치도,고창군,24,25,27
화장품가게,전북특별자치도,부안군,30,30,33
휴대폰가게,서울특별시,종로구,51,51,47
휴대폰가게,서울특별시,중구,80,84,85
휴대폰가게,서울특별시,용산구,75,77,79
휴대폰가게,서울특별시,성동구,74,74,76
휴대폰가게,서울특별시,광진구,254,253,244
휴대폰가게,서울특별시,동대문구,104,101,100
휴대폰가게,서울특별시,중랑구,133,136,136
휴대폰가게,서울특별시,성북구,76,78,82
휴대폰가게,서울특별시,강북구,96,96,93
휴대폰가게,서울특별시,도봉구,116,116,104
휴대폰가게,서울특별시,노원구,112,109,121
휴대폰가게,서울특별시,은평구,116,116,119
휴대폰가게,서울특별시,서대문구,50,50,53
휴대폰가게,서울특별시,마포구,100,101,100
휴대폰가게,서울특별시,양천구,93,94,92
휴대폰가게,서울특별시,강서구,176,176,172
휴대폰가게,서울특별시,구로구,286,284,282
휴대폰가게,서울특별시,금천구,138,135,129
휴대폰가게,서울특별시,영등포구,142,141,146
휴대폰가게,서울특별시,동작구,78,77,67
휴대폰가게,서울특별시,관악구,116,117,120
휴대폰가게,서울특별시,서초구,87,85,93
휴대폰가게,서울특별시,강남구,135,138,139
휴대폰가게,서울특별시,송파구,165,164,165
휴대폰가게,서울특별시,강동구,116,115,109
휴대폰가게,전남광주통합특별시,목포시,126,126,128
휴대폰가게,전남광주통합특별시,여수시,97,97,100
휴대폰가게,전남광주통합특별시,순천시,107,108,110
휴대폰가게,전남광주통합특별시,나주시,31,32,37
휴대폰가게,전남광주통합특별시,광양시,36,37,39
휴대폰가게,전남광주통합특별시,동구,46,46,50
휴대폰가게,전남광주통합특별시,서구,122,124,125
휴대폰가게,전남광주통합특별시,남구,61,61,59
휴대폰가게,전남광주통합특별시,북구,183,185,175
휴대폰가게,전남광주통합특별시,광산구,151,149,146
휴대폰가게,전남광주통합특별시,담양군,6,6,6
휴대폰가게,전남광주통합특별시,곡성군,5,5,6
휴대폰가게,전남광주통합특별시,구례군,4,4,4
휴대폰가게,전남광주통합특별시,고흥군,21,20,17
휴대폰가게,전남광주통합특별시,보성군,7,7,8
휴대폰가게,전남광주통합특별시,화순군,13,13,14
휴대폰가게,전남광주통합특별시,장흥군,10,10,10
휴대폰가게,전남광주통합특별시,강진군,9,9,9
휴대폰가게,전남광주통합특별시,해남군,21,21,20
휴대폰가게,전남광주통합특별시,영암군,16,16,16
휴대폰가게,전남광주통합특별시,무안군,33,34,34
휴대폰가게,전남광주통합특별시,함평군,4,4,3
휴대폰가게,전남광주통합특별시,영광군,10,10,12
휴대폰가게,전남광주통합특별시,장성군,9,9,10
휴대폰가게,전남광주통합특별시,완도군,13,13,15
휴대폰가게,전남광주통합특별시,진도군,7,7,7
휴대폰가게,전남광주통합특별시,신안군,3,3,0
휴대폰가게,부산광역시,중구,37,37,38
휴대폰가게,부산광역시,서구,34,33,34
휴대폰가게,부산광역시,동구,56,56,48
휴대폰가게,부산광역시,영도구,33,32,29
휴대폰가게,부산광역시,부산진구,186,188,173
휴대폰가게,부산광역시,동래구,139,140,133
휴대폰가게,부산광역시,남구,99,102,98
휴대폰가게,부산광역시,북구,84,81,76
휴대폰가게,부산광역시,해운대구,109,109,112
휴대폰가게,부산광역시,사하구,121,122,112
휴대폰가게,부산광역시,금정구,88,87,73
휴대폰가게,부산광역시,강서구,42,41,41
휴대폰가게,부산광역시,연제구,81,79,71
휴대폰가게,부산광역시,수영구,72,72,69
휴대폰가게,부산광역시,사상구,105,107,101
휴대폰가게,부산광역시,기장군,46,46,43
휴대폰가게,대구광역시,중구,76,78,79
휴대폰가게,대구광역시,동구,118,119,113
휴대폰가게,대구광역시,서구,104,105,99
휴대폰가게,대구광역시,남구,79,79,79
휴대폰가게,대구광역시,북구,194,196,190
휴대폰가게,대구광역시,수성구,136,136,127
휴대폰가게,대구광역시,달서구,218,218,211
휴대폰가게,대구광역시,달성군,76,76,73
휴대폰가게,대구광역시,군위군,5,5,5
휴대폰가게,인천광역시,제물포구,57,55,62
휴대폰가게,인천광역시,영종구,21,21,20
휴대폰가게,인천광역시,미추홀구,191,190,176
휴대폰가게,인천광역시,연수구,115,115,108
휴대폰가게,인천광역시,남동구,199,201,195
휴대폰가게,인천광역시,부평구,250,250,245
휴대폰가게,인천광역시,계양구,94,95,88
휴대폰가게,인천광역시,서해구,174,175,171
휴대폰가게,인천광역시,검단구,88,89,72
휴대폰가게,인천광역시,강화군,19,19,19
휴대폰가게,인천광역시,옹진군,0,0,0
휴대폰가게,대전광역시,동구,113,113,112
휴대폰가게,대전광역시,중구,110,111,116
휴대폰가게,대전광역시,서구,186,188,192
휴대폰가게,대전광역시,유성구,135,135,131
휴대폰가게,대전광역시,대덕구,82,81,80
휴대폰가게,울산광역시,중구,104,102,104
휴대폰가게,울산광역시,남구,175,178,172
휴대폰가게,울산광역시,동구,53,54,55
휴대폰가게,울산광역시,북구,62,59,56
휴대폰가게,울산광역시,울주군,70,71,69
휴대폰가게,세종특별자치시,0,73,73,67
휴대폰가게,경기도,수원시 장안구,78,79,69
휴대폰가게,경기도,수원시 권선구,108,109,108
휴대폰가게,경기도,수원시 팔달구,150,149,136
휴대폰가게,경기도,수원시 영통구,75,72,67
휴대폰가게,경기도,성남시 수정구,73,72,66
휴대폰가게,경기도,성남시 중원구,94,95,83
휴대폰가게,경기도,성남시 분당구,109,108,113
휴대폰가게,경기도,의정부시,271,273,263
휴대폰가게,경기도,안양시 만안구,79,81,84
휴대폰가게,경기도,안양시 동안구,95,96,95
휴대폰가게,경기도,부천시 원미구,185,187,179
휴대폰가게,경기도,부천시 소사구,83,81,81
휴대폰가게,경기도,부천시 오정구,40,41,42
휴대폰가게,경기도,광명시,85,84,83
휴대폰가게,경기도,평택시,317,320,296
휴대폰가게,경기도,동두천시,40,40,45
휴대폰가게,경기도,안산시 상록구,134,131,132
휴대폰가게,경기도,안산시 단원구,230,230,230
휴대폰가게,경기도,고양시 덕양구,122,120,133
휴대폰가게,경기도,고양시 일산동구,129,130,125
휴대폰가게,경기도,고양시 일산서구,83,83,82
휴대폰가게,경기도,과천시,12,13,11
휴대폰가게,경기도,구리시,58,59,56
휴대폰가게,경기도,남양주시,237,239,227
휴대폰가게,경기도,오산시,111,112,108
휴대폰가게,경기도,시흥시,216,216,203
휴대폰가게,경기도,군포시,79,79,79
휴대폰가게,경기도,의왕시,30,31,29
휴대폰가게,경기도,하남시,87,87,82
휴대폰가게,경기도,용인시 처인구,63,63,65
휴대폰가게,경기도,용인시 기흥구,113,114,114
휴대폰가게,경기도,용인시 수지구,58,56,65
휴대폰가게,경기도,파주시,156,156,149
휴대폰가게,경기도,이천시,61,63,66
휴대폰가게,경기도,안성시,57,54,57
휴대폰가게,경기도,김포시,167,165,173
휴대폰가게,경기도,화성시,0,0,0
휴대폰가게,경기도,화성시 만세구,73,73,65
휴대폰가게,경기도,화성시 효행구,40,40,43
휴대폰가게,경기도,화성시 병점구,57,57,44
휴대폰가게,경기도,화성시 동탄구,120,124,113
휴대폰가게,경기도,광주시,99,98,92
휴대폰가게,경기도,양주시,108,107,102
휴대폰가게,경기도,포천시,55,56,57
휴대폰가게,경기도,여주시,34,34,37
휴대폰가게,경기도,연천군,17,17,18
휴대폰가게,경기도,가평군,17,17,18
휴대폰가게,경기도,양평군,22,22,21
휴대폰가게,충청북도,청주시 상당구,53,52,53
휴대폰가게,충청북도,청주시 서원구,71,69,65
휴대폰가게,충청북도,청주시 흥덕구,100,100,95
휴대폰가게,충청북도,청주시 청원구,56,56,59
휴대폰가게,충청북도,충주시,74,71,72
휴대폰가게,충청북도,제천시,50,50,50
휴대폰가게,충청북도,보은군,13,12,11
휴대폰가게,충청북도,옥천군,15,15,15
휴대폰가게,충청북도,영동군,13,13,13
휴대폰가게,충청북도,증평군,13,13,13
휴대폰가게,충청북도,진천군,32,32,30
휴대폰가게,충청북도,괴산군,6,6,7
휴대폰가게,충청북도,음성군,39,40,40
휴대폰가게,충청북도,단양군,3,3,0
휴대폰가게,충청남도,천안시 동남구,153,151,155
휴대폰가게,충청남도,천안시 서북구,201,202,188
휴대폰가게,충청남도,공주시,36,36,35
휴대폰가게,충청남도,보령시,23,23,18
휴대폰가게,충청남도,아산시,152,153,143
휴대폰가게,충청남도,서산시,59,57,58
휴대폰가게,충청남도,논산시,62,61,63
휴대폰가게,충청남도,계룡시,14,14,14
휴대폰가게,충청남도,당진시,59,59,55
휴대폰가게,충청남도,금산군,17,17,17
휴대폰가게,충청남도,부여군,25,25,23
휴대폰가게,충청남도,서천군,18,18,20
휴대폰가게,충청남도,청양군,8,8,8
휴대폰가게,충청남도,홍성군,31,31,26
휴대폰가게,충청남도,예산군,25,25,24
휴대폰가게,충청남도,태안군,19,19,22
휴대폰가게,경상북도,포항시 남구,79,83,81
휴대폰가게,경상북도,포항시 북구,111,112,101
휴대폰가게,경상북도,경주시,108,105,102
휴대폰가게,경상북도,김천시,45,45,45
휴대폰가게,경상북도,안동시,73,72,71
휴대폰가게,경상북도,구미시,168,163,166
휴대폰가게,경상북도,영주시,34,35,34
휴대폰가게,경상북도,영천시,35,35,34
휴대폰가게,경상북도,상주시,25,25,27
휴대폰가게,경상북도,문경시,23,23,23
휴대폰가게,경상북도,경산시,120,117,114
휴대폰가게,경상북도,의성군,13,14,13
휴대폰가게,경상북도,청송군,8,8,7
휴대폰가게,경상북도,영양군,0,0,0
휴대폰가게,경상북도,영덕군,15,15,18
휴대폰가게,경상북도,청도군,11,11,10
휴대폰가게,경상북도,고령군,9,9,9
휴대폰가게,경상북도,성주군,21,22,21
휴대폰가게,경상북도,칠곡군,50,50,50
휴대폰가게,경상북도,예천군,15,15,15
휴대폰가게,경상북도,봉화군,6,6,5
휴대폰가게,경상북도,울진군,18,18,18
휴대폰가게,경상북도,울릉군,0,0,0
휴대폰가게,경상남도,창원시 의창구,92,88,87
휴대폰가게,경상남도,창원시 성산구,99,99,90
휴대폰가게,경상남도,창원시 마산합포구,78,78,75
휴대폰가게,경상남도,창원시 마산회원구,69,70,70
휴대폰가게,경상남도,창원시 진해구,68,71,72
휴대폰가게,경상남도,진주시,173,174,167
휴대폰가게,경상남도,통영시,48,48,45
휴대폰가게,경상남도,사천시,47,47,49
휴대폰가게,경상남도,김해시,262,258,240
휴대폰가게,경상남도,밀양시,23,23,23
휴대폰가게,경상남도,거제시,93,93,98
휴대폰가게,경상남도,양산시,130,129,131
휴대폰가게,경상남도,의령군,7,7,6
휴대폰가게,경상남도,함안군,15,15,14
휴대폰가게,경상남도,창녕군,23,24,26
휴대폰가게,경상남도,고성군,12,12,14
휴대폰가게,경상남도,남해군,4,4,4
휴대폰가게,경상남도,하동군,18,18,17
휴대폰가게,경상남도,산청군,8,8,7
휴대폰가게,경상남도,함양군,10,10,9
휴대폰가게,경상남도,거창군,22,22,22
휴대폰가게,경상남도,합천군,7,7,7
휴대폰가게,제주특별자치도,제주시,225,227,206
휴대폰가게,제주특별자치도,서귀포시,50,49,54
휴대폰가게,강원특별자치도,춘천시,97,99,95
휴대폰가게,강원특별자치도,원주시,162,161,171
휴대폰가게,강원특별자치도,강릉시,85,85,82
휴대폰가게,강원특별자치도,동해시,42,42,44
휴대폰가게,강원특별자치도,태백시,16,16,17
휴대폰가게,강원특별자치도,속초시,53,53,51
휴대폰가게,강원특별자치도,삼척시,17,17,18
휴대폰가게,강원특별자치도,홍천군,13,13,13
휴대폰가게,강원특별자치도,횡성군,9,9,10
휴대폰가게,강원특별자치도,영월군,5,6,6
휴대폰가게,강원특별자치도,평창군,10,10,11
휴대폰가게,강원특별자치도,정선군,9,9,7
휴대폰가게,강원특별자치도,철원군,16,16,15
휴대폰가게,강원특별자치도,화천군,5,5,6
휴대폰가게,강원특별자치도,양구군,6,6,7
휴대폰가게,강원특별자치도,인제군,12,12,11
휴대폰가게,강원특별자치도,고성군,10,10,9
휴대폰가게,강원특별자치도,양양군,7,8,7
휴대폰가게,전북특별자치도,전주시 완산구,147,147,135
휴대폰가게,전북특별자치도,전주시 덕진구,134,132,124
휴대폰가게,전북특별자치도,군산시,110,109,114
휴대폰가게,전북특별자치도,익산시,113,115,122
휴대폰가게,전북특별자치도,정읍시,51,50,50
휴대폰가게,전북특별자치도,남원시,33,33,37
휴대폰가게,전북특별자치도,김제시,29,29,31
휴대폰가게,전북특별자치도,완주군,23,22,21
휴대폰가게,전북특별자치도,진안군,3,3,3
휴대폰가게,전북특별자치도,무주군,5,5,5
휴대폰가게,전북특별자치도,장수군,3,3,3
휴대폰가게,전북특별자치도,임실군,6,6,6
휴대폰가게,전북특별자치도,순창군,6,6,4
휴대폰가게,전북특별자치도,고창군,12,12,10
휴대폰가게,전북특별자치도,부안군,21,21,19
간이주점,서울특별시,종로구,118,119,129
간이주점,서울특별시,중구,71,72,74
간이주점,서울특별시,용산구,104,105,106
간이주점,서울특별시,성동구,65,67,73
간이주점,서울특별시,광진구,91,93,100
간이주점,서울특별시,동대문구,68,69,82
간이주점,서울특별시,중랑구,66,68,72
간이주점,서울특별시,성북구,114,114,132
간이주점,서울특별시,강북구,91,91,102
간이주점,서울특별시,도봉구,67,67,72
간이주점,서울특별시,노원구,74,75,76
간이주점,서울특별시,은평구,112,113,127
간이주점,서울특별시,서대문구,93,95,102
간이주점,서울특별시,마포구,187,190,212
간이주점,서울특별시,양천구,130,128,144
간이주점,서울특별시,강서구,158,161,166
간이주점,서울특별시,구로구,97,97,98
간이주점,서울특별시,금천구,79,83,89
간이주점,서울특별시,영등포구,150,153,167
간이주점,서울특별시,동작구,55,56,71
간이주점,서울특별시,관악구,131,128,140
간이주점,서울특별시,서초구,52,53,58
간이주점,서울특별시,강남구,139,139,161
간이주점,서울특별시,송파구,134,135,139
간이주점,서울특별시,강동구,103,104,118
간이주점,전남광주통합특별시,목포시,18,18,22
간이주점,전남광주통합특별시,여수시,26,27,30
간이주점,전남광주통합특별시,순천시,23,23,23
간이주점,전남광주통합특별시,나주시,3,3,6
간이주점,전남광주통합특별시,광양시,12,12,13
간이주점,전남광주통합특별시,동구,11,11,14
간이주점,전남광주통합특별시,서구,23,24,27
간이주점,전남광주통합특별시,남구,11,11,15
간이주점,전남광주통합특별시,북구,25,26,28
간이주점,전남광주통합특별시,광산구,13,15,20
간이주점,전남광주통합특별시,담양군,3,3,4
간이주점,전남광주통합특별시,곡성군,3,3,3
간이주점,전남광주통합특별시,구례군,4,4,4
간이주점,전남광주통합특별시,고흥군,17,17,15
간이주점,전남광주통합특별시,보성군,5,3,0
간이주점,전남광주통합특별시,화순군,4,4,4
간이주점,전남광주통합특별시,장흥군,0,0,0
간이주점,전남광주통합특별시,강진군,5,5,6
간이주점,전남광주통합특별시,해남군,5,5,5
간이주점,전남광주통합특별시,영암군,4,4,5
간이주점,전남광주통합특별시,무안군,4,4,4
간이주점,전남광주통합특별시,함평군,3,3,4
간이주점,전남광주통합특별시,영광군,0,0,0
간이주점,전남광주통합특별시,장성군,0,0,0
간이주점,전남광주통합특별시,완도군,0,0,0
간이주점,전남광주통합특별시,진도군,4,4,5
간이주점,전남광주통합특별시,신안군,3,3,0
간이주점,부산광역시,중구,33,32,35
간이주점,부산광역시,서구,3,3,3
간이주점,부산광역시,동구,17,17,17
간이주점,부산광역시,영도구,13,13,14
간이주점,부산광역시,부산진구,147,150,160
간이주점,부산광역시,동래구,48,49,53
간이주점,부산광역시,남구,19,18,19
간이주점,부산광역시,북구,15,13,13
간이주점,부산광역시,해운대구,36,37,44
간이주점,부산광역시,사하구,44,46,51
간이주점,부산광역시,금정구,30,30,36
간이주점,부산광역시,강서구,10,10,13
간이주점,부산광역시,연제구,20,20,27
간이주점,부산광역시,수영구,32,31,34
간이주점,부산광역시,사상구,9,9,10
간이주점,부산광역시,기장군,31,32,42
간이주점,대구광역시,중구,17,18,22
간이주점,대구광역시,동구,33,33,34
간이주점,대구광역시,서구,13,13,15
간이주점,대구광역시,남구,13,13,14
간이주점,대구광역시,북구,12,12,11
간이주점,대구광역시,수성구,33,33,43
간이주점,대구광역시,달서구,36,37,39
간이주점,대구광역시,달성군,10,10,9
간이주점,대구광역시,군위군,0,0,0
간이주점,인천광역시,제물포구,50,51,58
간이주점,인천광역시,영종구,5,5,8
간이주점,인천광역시,미추홀구,112,112,127
간이주점,인천광역시,연수구,58,59,68
간이주점,인천광역시,남동구,119,120,136
간이주점,인천광역시,부평구,111,111,124
간이주점,인천광역시,계양구,77,76,78
간이주점,인천광역시,서해구,127,127,140
간이주점,인천광역시,검단구,32,29,27
간이주점,인천광역시,강화군,15,15,20
간이주점,인천광역시,옹진군,8,8,11
간이주점,대전광역시,동구,10,10,17
간이주점,대전광역시,중구,8,10,9
간이주점,대전광역시,서구,10,10,15
간이주점,대전광역시,유성구,11,11,10
간이주점,대전광역시,대덕구,3,3,3
간이주점,울산광역시,중구,11,11,11
간이주점,울산광역시,남구,18,18,19
간이주점,울산광역시,동구,14,14,14
간이주점,울산광역시,북구,7,7,9
간이주점,울산광역시,울주군,11,9,11
간이주점,세종특별자치시,0,10,10,13
간이주점,경기도,수원시 장안구,57,58,65
간이주점,경기도,수원시 권선구,54,53,50
간이주점,경기도,수원시 팔달구,109,109,105
간이주점,경기도,수원시 영통구,45,45,44
간이주점,경기도,성남시 수정구,46,46,52
간이주점,경기도,성남시 중원구,49,49,51
간이주점,경기도,성남시 분당구,24,26,30
간이주점,경기도,의정부시,44,45,47
간이주점,경기도,안양시 만안구,37,36,35
간이주점,경기도,안양시 동안구,49,49,56
간이주점,경기도,부천시 원미구,144,142,150
간이주점,경기도,부천시 소사구,45,45,47
간이주점,경기도,부천시 오정구,61,61,68
간이주점,경기도,광명시,23,24,30
간이주점,경기도,평택시,49,50,50
간이주점,경기도,동두천시,6,6,9
간이주점,경기도,안산시 상록구,58,60,64
간이주점,경기도,안산시 단원구,81,81,85
간이주점,경기도,고양시 덕양구,25,24,26
간이주점,경기도,고양시 일산동구,44,44,46
간이주점,경기도,고양시 일산서구,31,31,37
간이주점,경기도,과천시,0,0,0
간이주점,경기도,구리시,13,13,12
간이주점,경기도,남양주시,95,93,106
간이주점,경기도,오산시,34,34,37
간이주점,경기도,시흥시,95,97,99
간이주점,경기도,군포시,32,31,39
간이주점,경기도,의왕시,6,7,6
간이주점,경기도,하남시,29,29,29
간이주점,경기도,용인시 처인구,23,24,28
간이주점,경기도,용인시 기흥구,23,23,19
간이주점,경기도,용인시 수지구,11,11,14
간이주점,경기도,파주시,55,55,53
간이주점,경기도,이천시,57,59,68
간이주점,경기도,안성시,10,10,12
간이주점,경기도,김포시,21,20,22
간이주점,경기도,화성시,0,0,0
간이주점,경기도,화성시 만세구,28,28,31
간이주점,경기도,화성시 효행구,12,12,10
간이주점,경기도,화성시 병점구,20,19,22
간이주점,경기도,화성시 동탄구,33,34,40
간이주점,경기도,광주시,37,39,35
간이주점,경기도,양주시,20,18,17
간이주점,경기도,포천시,9,9,10
간이주점,경기도,여주시,22,22,27
간이주점,경기도,가평군,4,5,6
간이주점,경기도,양평군,6,6,7
간이주점,충청북도,청주시 상당구,19,20,26
간이주점,충청북도,청주시 서원구,49,50,56
간이주점,충청북도,청주시 흥덕구,76,78,85
간이주점,충청북도,청주시 청원구,22,22,26
간이주점,충청북도,충주시,17,17,16
간이주점,충청북도,제천시,22,21,22
간이주점,충청북도,보은군,0,0,0
간이주점,충청북도,옥천군,0,0,0
간이주점,충청북도,영동군,4,4,4
간이주점,충청북도,증평군,0,0,0
간이주점,충청북도,진천군,12,12,12
간이주점,충청북도,괴산군,0,0,0
간이주점,충청북도,음성군,0,0,0
간이주점,충청북도,단양군,39,39,44
간이주점,충청남도,천안시 동남구,45,45,55
간이주점,충청남도,천안시 서북구,63,64,64
간이주점,충청남도,공주시,7,8,10
간이주점,충청남도,보령시,3,3,4
간이주점,충청남도,아산시,20,20,21
간이주점,충청남도,서산시,42,42,47
간이주점,충청남도,논산시,38,40,47
간이주점,충청남도,계룡시,6,6,6
간이주점,충청남도,당진시,60,62,66
간이주점,충청남도,금산군,5,5,4
간이주점,충청남도,부여군,4,4,4
간이주점,충청남도,서천군,3,3,0
간이주점,충청남도,청양군,0,0,0
간이주점,충청남도,홍성군,4,4,4
간이주점,충청남도,예산군,12,11,10
간이주점,충청남도,태안군,5,5,6
간이주점,경상북도,포항시 남구,33,33,38
간이주점,경상북도,포항시 북구,28,28,29
간이주점,경상북도,경주시,55,54,57
간이주점,경상북도,김천시,0,0,0
간이주점,경상북도,안동시,15,15,15
간이주점,경상북도,구미시,19,19,21
간이주점,경상북도,영주시,11,10,8
간이주점,경상북도,영천시,0,0,0
간이주점,경상북도,상주시,3,3,4
간이주점,경상북도,문경시,0,0,0
간이주점,경상북도,경산시,4,4,0
간이주점,경상북도,의성군,3,3,3
간이주점,경상북도,영덕군,0,0,0
간이주점,경상북도,청도군,0,0,0
간이주점,경상북도,성주군,0,0,0
간이주점,경상북도,칠곡군,3,3,3
간이주점,경상북도,예천군,0,0,0
간이주점,경상북도,봉화군,0,0,0
간이주점,경상북도,울진군,0,0,0
간이주점,경상남도,창원시 의창구,17,17,17
간이주점,경상남도,창원시 성산구,18,19,18
간이주점,경상남도,창원시 마산합포구,24,24,22
간이주점,경상남도,창원시 마산회원구,19,19,21
간이주점,경상남도,창원시 진해구,14,14,16
간이주점,경상남도,진주시,148,150,168
간이주점,경상남도,통영시,38,39,45
간이주점,경상남도,사천시,27,27,31
간이주점,경상남도,김해시,66,66,80
간이주점,경상남도,밀양시,0,0,0
간이주점,경상남도,거제시,9,9,14
간이주점,경상남도,양산시,84,86,96
간이주점,경상남도,의령군,0,0,0
간이주점,경상남도,함안군,0,0,0
간이주점,경상남도,창녕군,0,0,0
간이주점,경상남도,고성군,5,5,6
간이주점,경상남도,남해군,0,0,0
간이주점,경상남도,하동군,5,5,5
간이주점,경상남도,산청군,9,9,11
간이주점,경상남도,함양군,3,3,3
간이주점,경상남도,거창군,8,8,9
간이주점,경상남도,합천군,0,0,0
간이주점,제주특별자치도,제주시,103,101,106
간이주점,제주특별자치도,서귀포시,29,27,29
간이주점,강원특별자치도,춘천시,42,43,56
간이주점,강원특별자치도,원주시,34,34,37
간이주점,강원특별자치도,강릉시,89,90,95
간이주점,강원특별자치도,동해시,9,9,11
간이주점,강원특별자치도,태백시,6,6,8
간이주점,강원특별자치도,속초시,13,13,12
간이주점,강원특별자치도,삼척시,5,5,4
간이주점,강원특별자치도,홍천군,13,13,12
간이주점,강원특별자치도,횡성군,0,0,0
간이주점,강원특별자치도,영월군,0,0,0
간이주점,강원특별자치도,평창군,4,4,4
간이주점,강원특별자치도,정선군,6,6,6
간이주점,강원특별자치도,철원군,4,4,5
간이주점,강원특별자치도,화천군,0,0,0
간이주점,강원특별자치도,양구군,0,0,0
간이주점,강원특별자치도,인제군,5,5,5
간이주점,강원특별자치도,고성군,11,11,12
간이주점,강원특별자치도,양양군,0,0,0
간이주점,전북특별자치도,전주시 완산구,61,61,70
간이주점,전북특별자치도,전주시 덕진구,33,33,31
간이주점,전북특별자치도,군산시,4,4,7
간이주점,전북특별자치도,익산시,9,9,11
간이주점,전북특별자치도,정읍시,0,0,0
간이주점,전북특별자치도,남원시,8,8,10
간이주점,전북특별자치도,김제시,4,4,5
간이주점,전북특별자치도,완주군,6,6,5
간이주점,전북특별자치도,무주군,0,0,0
간이주점,전북특별자치도,장수군,0,0,0
간이주점,전북특별자치도,임실군,0,0,0
간이주점,전북특별자치도,고창군,0,0,0
간이주점,전북특별자치도,부안군,5,5,5
구내식당,서울특별시,종로구,124,123,142
구내식당,서울특별시,중구,131,133,137
구내식당,서울특별시,용산구,145,146,160
구내식당,서울특별시,성동구,60,60,67
구내식당,서울특별시,광진구,62,62,65
구내식당,서울특별시,동대문구,83,82,85
구내식당,서울특별시,중랑구,74,74,85
구내식당,서울특별시,성북구,109,109,119
구내식당,서울특별시,강북구,52,52,53
구내식당,서울특별시,도봉구,53,53,53
구내식당,서울특별시,노원구,67,68,75
구내식당,서울특별시,은평구,56,56,60
구내식당,서울특별시,서대문구,87,88,95
구내식당,서울특별시,마포구,110,110,116
구내식당,서울특별시,양천구,78,80,79
구내식당,서울특별시,강서구,116,116,121
구내식당,서울특별시,구로구,72,73,78
구내식당,서울특별시,금천구,55,56,59
구내식당,서울특별시,영등포구,127,127,132
구내식당,서울특별시,동작구,56,56,59
구내식당,서울특별시,관악구,120,120,127
구내식당,서울특별시,서초구,122,121,130
구내식당,서울특별시,강남구,162,162,163
구내식당,서울특별시,송파구,105,104,115
구내식당,서울특별시,강동구,64,66,65
구내식당,전남광주통합특별시,목포시,57,57,58
구내식당,전남광주통합특별시,여수시,91,91,99
구내식당,전남광주통합특별시,순천시,58,58,64
구내식당,전남광주통합특별시,나주시,20,20,21
구내식당,전남광주통합특별시,광양시,31,31,28
구내식당,전남광주통합특별시,동구,35,35,37
구내식당,전남광주통합특별시,서구,36,35,38
구내식당,전남광주통합특별시,남구,30,31,31
구내식당,전남광주통합특별시,북구,71,71,72
구내식당,전남광주통합특별시,광산구,101,101,109
구내식당,전남광주통합특별시,담양군,10,10,11
구내식당,전남광주통합특별시,곡성군,6,6,6
구내식당,전남광주통합특별시,구례군,8,8,8
구내식당,전남광주통합특별시,고흥군,16,16,16
구내식당,전남광주통합특별시,보성군,9,9,11
구내식당,전남광주통합특별시,화순군,12,12,12
구내식당,전남광주통합특별시,장흥군,16,16,16
구내식당,전남광주통합특별시,강진군,8,8,10
구내식당,전남광주통합특별시,해남군,11,11,11
구내식당,전남광주통합특별시,영암군,29,29,26
구내식당,전남광주통합특별시,무안군,15,16,16
구내식당,전남광주통합특별시,함평군,9,9,7
구내식당,전남광주통합특별시,영광군,9,9,10
구내식당,전남광주통합특별시,장성군,11,11,12
구내식당,전남광주통합특별시,완도군,8,8,9
구내식당,전남광주통합특별시,진도군,7,7,8
구내식당,전남광주통합특별시,신안군,9,9,9
구내식당,부산광역시,중구,32,33,38
구내식당,부산광역시,서구,36,36,36
구내식당,부산광역시,동구,27,27,31
구내식당,부산광역시,영도구,39,40,45
구내식당,부산광역시,부산진구,67,67,78
구내식당,부산광역시,동래구,42,43,50
구내식당,부산광역시,남구,55,56,54
구내식당,부산광역시,북구,19,19,21
구내식당,부산광역시,해운대구,96,96,106
구내식당,부산광역시,사하구,103,104,113
구내식당,부산광역시,금정구,68,68,74
구내식당,부산광역시,강서구,210,209,217
구내식당,부산광역시,연제구,33,33,35
구내식당,부산광역시,수영구,26,26,27
구내식당,부산광역시,사상구,51,52,58
구내식당,부산광역시,기장군,41,41,39
구내식당,대구광역시,중구,39,39,39
구내식당,대구광역시,동구,72,72,78
구내식당,대구광역시,서구,45,46,46
구내식당,대구광역시,남구,30,30,32
구내식당,대구광역시,북구,99,99,107
구내식당,대구광역시,수성구,67,67,72
구내식당,대구광역시,달서구,209,208,218
구내식당,대구광역시,달성군,68,69,69
구내식당,대구광역시,군위군,9,9,9
구내식당,인천광역시,제물포구,64,67,72
구내식당,인천광역시,영종구,22,23,25
구내식당,인천광역시,미추홀구,86,86,93
구내식당,인천광역시,연수구,79,80,79
구내식당,인천광역시,남동구,300,299,311
구내식당,인천광역시,부평구,100,101,111
구내식당,인천광역시,계양구,51,51,54
구내식당,인천광역시,서구,0,0,0
구내식당,인천광역시,서해구,144,141,153
구내식당,인천광역시,검단구,36,39,39
구내식당,인천광역시,강화군,24,24,26
구내식당,인천광역시,옹진군,4,4,5
구내식당,대전광역시,동구,52,53,58
구내식당,대전광역시,중구,96,97,102
구내식당,대전광역시,서구,108,110,121
구내식당,대전광역시,유성구,128,128,132
구내식당,대전광역시,대덕구,63,63,64
구내식당,울산광역시,중구,33,33,33
구내식당,울산광역시,남구,98,99,103
구내식당,울산광역시,동구,32,33,35
구내식당,울산광역시,북구,56,56,55
구내식당,울산광역시,울주군,71,70,72
구내식당,세종특별자치시,0,68,68,71
구내식당,경기도,수원시 장안구,65,66,67
구내식당,경기도,수원시 권선구,78,80,86
구내식당,경기도,수원시 팔달구,78,78,85
구내식당,경기도,수원시 영통구,73,75,75
구내식당,경기도,성남시 수정구,46,47,49
구내식당,경기도,성남시 중원구,38,37,39
구내식당,경기도,성남시 분당구,115,114,115
구내식당,경기도,의정부시,46,47,50
구내식당,경기도,안양시 만안구,43,43,46
구내식당,경기도,안양시 동안구,80,80,85
구내식당,경기도,부천시 원미구,74,76,87
구내식당,경기도,부천시 소사구,35,35,37
구내식당,경기도,부천시 오정구,38,38,39
구내식당,경기도,광명시,78,79,85
구내식당,경기도,평택시,191,191,210
구내식당,경기도,동두천시,36,36,35
구내식당,경기도,안산시 상록구,81,81,90
구내식당,경기도,안산시 단원구,404,407,421
구내식당,경기도,고양시 덕양구,52,52,51
구내식당,경기도,고양시 일산동구,56,57,63
구내식당,경기도,고양시 일산서구,41,42,40
구내식당,경기도,과천시,26,26,25
구내식당,경기도,구리시,29,29,28
구내식당,경기도,남양주시,85,86,84
구내식당,경기도,오산시,62,62,68
구내식당,경기도,시흥시,380,382,402
구내식당,경기도,군포시,47,47,49
구내식당,경기도,의왕시,31,32,33
구내식당,경기도,하남시,28,28,30
구내식당,경기도,용인시 처인구,112,111,115
구내식당,경기도,용인시 기흥구,78,80,83
구내식당,경기도,용인시 수지구,40,41,40
구내식당,경기도,파주시,87,85,89
구내식당,경기도,이천시,88,89,97
구내식당,경기도,안성시,72,70,68
구내식당,경기도,김포시,64,64,67
구내식당,경기도,화성시,0,0,0
구내식당,경기도,화성시 만세구,161,164,166
구내식당,경기도,화성시 효행구,45,45,47
구내식당,경기도,화성시 병점구,16,16,18
구내식당,경기도,화성시 동탄구,55,55,50
구내식당,경기도,광주시,62,62,59
구내식당,경기도,양주시,51,52,64
구내식당,경기도,포천시,29,29,30
구내식당,경기도,여주시,37,37,37
구내식당,경기도,연천군,12,12,13
구내식당,경기도,가평군,26,27,23
구내식당,경기도,양평군,26,26,26
구내식당,충청북도,청주시 상당구,33,32,33
구내식당,충청북도,청주시 서원구,24,24,30
구내식당,충청북도,청주시 흥덕구,95,95,96
구내식당,충청북도,청주시 청원구,43,43,44
구내식당,충청북도,충주시,73,73,78
구내식당,충청북도,제천시,49,49,56
구내식당,충청북도,보은군,15,15,14
구내식당,충청북도,옥천군,8,8,8
구내식당,충청북도,영동군,10,10,13
구내식당,충청북도,증평군,8,8,9
구내식당,충청북도,진천군,52,52,50
구내식당,충청북도,괴산군,16,16,17
구내식당,충청북도,음성군,68,70,76
구내식당,충청북도,단양군,19,19,20
구내식당,충청남도,천안시 동남구,82,82,83
구내식당,충청남도,천안시 서북구,118,116,124
구내식당,충청남도,공주시,58,59,67
구내식당,충청남도,보령시,33,32,35
구내식당,충청남도,아산시,133,134,124
구내식당,충청남도,서산시,68,69,67
구내식당,충청남도,논산시,42,42,41
구내식당,충청남도,계룡시,12,11,10
구내식당,충청남도,당진시,52,51,54
구내식당,충청남도,금산군,14,14,14
구내식당,충청남도,부여군,18,18,19
구내식당,충청남도,서천군,14,14,13
구내식당,충청남도,청양군,11,12,13
구내식당,충청남도,홍성군,30,30,30
구내식당,충청남도,예산군,22,22,25
구내식당,충청남도,태안군,24,24,24
구내식당,경상북도,포항시 남구,62,62,63
구내식당,경상북도,포항시 북구,51,51,54
구내식당,경상북도,경주시,97,96,99
구내식당,경상북도,김천시,134,134,141
구내식당,경상북도,안동시,30,30,29
구내식당,경상북도,구미시,219,218,224
구내식당,경상북도,영주시,28,28,28
구내식당,경상북도,영천시,54,54,54
구내식당,경상북도,상주시,35,35,34
구내식당,경상북도,문경시,25,25,27
구내식당,경상북도,경산시,65,66,64
구내식당,경상북도,의성군,15,15,15
구내식당,경상북도,청송군,4,4,4
구내식당,경상북도,영양군,5,5,6
구내식당,경상북도,영덕군,11,12,12
구내식당,경상북도,청도군,12,12,13
구내식당,경상북도,고령군,12,12,12
구내식당,경상북도,성주군,13,13,15
구내식당,경상북도,칠곡군,49,49,50
구내식당,경상북도,예천군,9,9,10
구내식당,경상북도,봉화군,6,6,6
구내식당,경상북도,울진군,5,5,7
구내식당,경상북도,울릉군,5,5,5
구내식당,경상남도,창원시 의창구,96,100,102
구내식당,경상남도,창원시 성산구,176,175,171
구내식당,경상남도,창원시 마산합포구,70,71,74
구내식당,경상남도,창원시 마산회원구,67,68,73
구내식당,경상남도,창원시 진해구,33,33,35
구내식당,경상남도,진주시,108,107,112
구내식당,경상남도,통영시,26,26,27
구내식당,경상남도,사천시,46,45,44
구내식당,경상남도,김해시,233,236,243
구내식당,경상남도,밀양시,21,21,25
구내식당,경상남도,거제시,50,50,52
구내식당,경상남도,양산시,129,129,137
구내식당,경상남도,의령군,16,16,17
구내식당,경상남도,함안군,57,57,65
구내식당,경상남도,창녕군,26,26,29
구내식당,경상남도,고성군,15,16,17
구내식당,경상남도,남해군,0,0,0
구내식당,경상남도,하동군,12,12,14
구내식당,경상남도,산청군,9,9,12
구내식당,경상남도,함양군,9,9,9
구내식당,경상남도,거창군,14,15,17
구내식당,경상남도,합천군,6,6,8
구내식당,제주특별자치도,제주시,79,79,83
구내식당,제주특별자치도,서귀포시,35,38,37
구내식당,강원특별자치도,춘천시,62,63,66
구내식당,강원특별자치도,원주시,82,85,86
구내식당,강원특별자치도,강릉시,57,57,59
구내식당,강원특별자치도,동해시,30,31,35
구내식당,강원특별자치도,태백시,19,19,21
구내식당,강원특별자치도,속초시,24,24,23
구내식당,강원특별자치도,삼척시,22,22,24
구내식당,강원특별자치도,홍천군,18,18,18
구내식당,강원특별자치도,횡성군,10,11,11
구내식당,강원특별자치도,영월군,12,12,12
구내식당,강원특별자치도,평창군,12,12,15
구내식당,강원특별자치도,정선군,13,13,16
구내식당,강원특별자치도,철원군,11,11,11
구내식당,강원특별자치도,화천군,4,4,5
구내식당,강원특별자치도,양구군,5,5,5
구내식당,강원특별자치도,인제군,15,15,16
구내식당,강원특별자치도,고성군,12,12,12
구내식당,강원특별자치도,양양군,5,5,7
구내식당,전북특별자치도,전주시 완산구,63,63,71
구내식당,전북특별자치도,전주시 덕진구,53,53,59
구내식당,전북특별자치도,군산시,111,112,114
구내식당,전북특별자치도,익산시,84,86,88
구내식당,전북특별자치도,정읍시,34,33,36
구내식당,전북특별자치도,남원시,32,32,33
구내식당,전북특별자치도,김제시,29,29,34
구내식당,전북특별자치도,완주군,38,36,41
구내식당,전북특별자치도,진안군,4,4,4
구내식당,전북특별자치도,무주군,11,11,10
구내식당,전북특별자치도,장수군,9,9,8
구내식당,전북특별자치도,임실군,11,11,13
구내식당,전북특별자치도,순창군,7,7,7
구내식당,전북특별자치도,고창군,5,5,6
구내식당,전북특별자치도,부안군,22,22,23
기타외국식음식점,서울특별시,종로구,623,635,604
기타외국식음식점,서울특별시,중구,536,530,514
기타외국식음식점,서울특별시,용산구,955,964,966
기타외국식음식점,서울특별시,성동구,429,432,440
기타외국식음식점,서울특별시,광진구,270,275,265
기타외국식음식점,서울특별시,동대문구,203,200,182
기타외국식음식점,서울특별시,중랑구,105,104,103
기타외국식음식점,서울특별시,성북구,231,228,231
기타외국식음식점,서울특별시,강북구,116,114,120
기타외국식음식점,서울특별시,도봉구,72,72,72
기타외국식음식점,서울특별시,노원구,158,157,159
기타외국식음식점,서울특별시,은평구,170,171,172
기타외국식음식점,서울특별시,서대문구,228,233,235
기타외국식음식점,서울특별시,마포구,930,942,936
기타외국식음식점,서울특별시,양천구,157,159,155
기타외국식음식점,서울특별시,강서구,300,306,301
기타외국식음식점,서울특별시,구로구,122,126,133
기타외국식음식점,서울특별시,금천구,106,109,116
기타외국식음식점,서울특별시,영등포구,373,377,356
기타외국식음식점,서울특별시,동작구,163,161,159
기타외국식음식점,서울특별시,관악구,265,267,267
기타외국식음식점,서울특별시,서초구,530,538,532
기타외국식음식점,서울특별시,강남구,1256,1264,1293
기타외국식음식점,서울특별시,송파구,554,561,567
기타외국식음식점,서울특별시,강동구,239,241,243
기타외국식음식점,전남광주통합특별시,목포시,77,78,75
기타외국식음식점,전남광주통합특별시,여수시,81,81,87
기타외국식음식점,전남광주통합특별시,순천시,106,106,107
기타외국식음식점,전남광주통합특별시,나주시,67,66,65
기타외국식음식점,전남광주통합특별시,광양시,51,51,54
기타외국식음식점,전남광주통합특별시,동구,119,118,127
기타외국식음식점,전남광주통합특별시,서구,116,116,97
기타외국식음식점,전남광주통합특별시,남구,54,54,65
기타외국식음식점,전남광주통합특별시,북구,65,63,64
기타외국식음식점,전남광주통합특별시,광산구,129,130,141
기타외국식음식점,전남광주통합특별시,담양군,24,24,25
기타외국식음식점,전남광주통합특별시,곡성군,4,4,4
기타외국식음식점,전남광주통합특별시,구례군,12,12,11
기타외국식음식점,전남광주통합특별시,고흥군,12,11,11
기타외국식음식점,전남광주통합특별시,보성군,15,15,15
기타외국식음식점,전남광주통합특별시,화순군,13,13,14
기타외국식음식점,전남광주통합특별시,장흥군,13,13,12
기타외국식음식점,전남광주통합특별시,강진군,7,8,6
기타외국식음식점,전남광주통합특별시,해남군,15,15,13
기타외국식음식점,전남광주통합특별시,영암군,42,42,36
기타외국식음식점,전남광주통합특별시,무안군,43,45,39
기타외국식음식점,전남광주통합특별시,함평군,8,8,7
기타외국식음식점,전남광주통합특별시,영광군,14,14,13
기타외국식음식점,전남광주통합특별시,장성군,14,14,16
기타외국식음식점,전남광주통합특별시,완도군,0,0,0
기타외국식음식점,전남광주통합특별시,진도군,4,5,6
기타외국식음식점,전남광주통합특별시,신안군,4,4,4
기타외국식음식점,부산광역시,중구,93,91,89
기타외국식음식점,부산광역시,서구,51,52,51
기타외국식음식점,부산광역시,동구,61,60,68
기타외국식음식점,부산광역시,영도구,45,46,43
기타외국식음식점,부산광역시,부산진구,333,332,355
기타외국식음식점,부산광역시,동래구,97,102,117
기타외국식음식점,부산광역시,남구,126,128,127
기타외국식음식점,부산광역시,북구,71,73,71
기타외국식음식점,부산광역시,해운대구,293,294,311
기타외국식음식점,부산광역시,사하구,71,72,72
기타외국식음식점,부산광역시,금정구,174,174,190
기타외국식음식점,부산광역시,강서구,87,87,92
기타외국식음식점,부산광역시,연제구,71,72,73
기타외국식음식점,부산광역시,수영구,273,276,302
기타외국식음식점,부산광역시,사상구,62,59,57
기타외국식음식점,부산광역시,기장군,133,132,143
기타외국식음식점,대구광역시,중구,313,313,308
기타외국식음식점,대구광역시,동구,139,141,141
기타외국식음식점,대구광역시,서구,46,47,50
기타외국식음식점,대구광역시,남구,103,105,111
기타외국식음식점,대구광역시,북구,146,145,159
기타외국식음식점,대구광역시,수성구,259,264,272
기타외국식음식점,대구광역시,달서구,216,214,214
기타외국식음식점,대구광역시,달성군,104,103,105
기타외국식음식점,대구광역시,군위군,3,3,0
기타외국식음식점,인천광역시,제물포구,49,47,48
기타외국식음식점,인천광역시,영종구,46,47,52
기타외국식음식점,인천광역시,미추홀구,110,114,112
기타외국식음식점,인천광역시,연수구,287,285,299
기타외국식음식점,인천광역시,남동구,142,141,145
기타외국식음식점,인천광역시,부평구,142,142,143
기타외국식음식점,인천광역시,계양구,62,64,53
기타외국식음식점,인천광역시,서해구,174,169,172
기타외국식음식점,인천광역시,검단구,87,86,65
기타외국식음식점,인천광역시,강화군,45,46,46
기타외국식음식점,인천광역시,옹진군,8,9,8
기타외국식음식점,대전광역시,동구,93,96,86
기타외국식음식점,대전광역시,중구,89,87,91
기타외국식음식점,대전광역시,서구,292,289,291
기타외국식음식점,대전광역시,유성구,311,311,308
기타외국식음식점,대전광역시,대덕구,38,38,40
기타외국식음식점,울산광역시,중구,100,102,101
기타외국식음식점,울산광역시,남구,259,261,272
기타외국식음식점,울산광역시,동구,98,97,104
기타외국식음식점,울산광역시,북구,49,49,49
기타외국식음식점,울산광역시,울주군,87,88,86
기타외국식음식점,세종특별자치시,0,232,229,235
기타외국식음식점,경기도,수원시 장안구,117,115,110
기타외국식음식점,경기도,수원시 권선구,89,92,93
기타외국식음식점,경기도,수원시 팔달구,274,274,271
기타외국식음식점,경기도,수원시 영통구,272,272,289
기타외국식음식점,경기도,성남시 수정구,141,141,141
기타외국식음식점,경기도,성남시 중원구,71,72,59
기타외국식음식점,경기도,성남시 분당구,502,514,544
기타외국식음식점,경기도,의정부시,197,204,222
기타외국식음식점,경기도,안양시 만안구,87,87,90
기타외국식음식점,경기도,안양시 동안구,168,169,180
기타외국식음식점,경기도,부천시 원미구,204,205,211
기타외국식음식점,경기도,부천시 소사구,33,32,39
기타외국식음식점,경기도,부천시 오정구,37,37,39
기타외국식음식점,경기도,광명시,85,86,83
기타외국식음식점,경기도,평택시,445,444,419
기타외국식음식점,경기도,동두천시,82,83,84
기타외국식음식점,경기도,안산시 상록구,143,143,139
기타외국식음식점,경기도,안산시 단원구,252,253,245
기타외국식음식점,경기도,고양시 덕양구,234,234,239
기타외국식음식점,경기도,고양시 일산동구,264,267,278
기타외국식음식점,경기도,고양시 일산서구,96,97,102
기타외국식음식점,경기도,과천시,48,48,40
기타외국식음식점,경기도,구리시,68,68,67
기타외국식음식점,경기도,남양주시,250,247,252
기타외국식음식점,경기도,오산시,74,75,76
기타외국식음식점,경기도,시흥시,183,185,196
기타외국식음식점,경기도,군포시,90,91,90
기타외국식음식점,경기도,의왕시,63,64,64
기타외국식음식점,경기도,하남시,192,196,183
기타외국식음식점,경기도,용인시 처인구,117,118,111
기타외국식음식점,경기도,용인시 기흥구,180,181,185
기타외국식음식점,경기도,용인시 수지구,136,133,134
기타외국식음식점,경기도,파주시,267,261,242
기타외국식음식점,경기도,이천시,105,104,106
기타외국식음식점,경기도,안성시,108,112,115
기타외국식음식점,경기도,김포시,205,204,195
기타외국식음식점,경기도,화성시,0,0,0
기타외국식음식점,경기도,화성시 만세구,144,145,152
기타외국식음식점,경기도,화성시 효행구,42,44,41
기타외국식음식점,경기도,화성시 병점구,40,40,33
기타외국식음식점,경기도,화성시 동탄구,254,256,239
기타외국식음식점,경기도,광주시,150,152,164
기타외국식음식점,경기도,양주시,136,134,131
기타외국식음식점,경기도,포천시,93,95,99
기타외국식음식점,경기도,여주시,43,43,42
기타외국식음식점,경기도,연천군,12,12,11
기타외국식음식점,경기도,가평군,48,49,47
기타외국식음식점,경기도,양평군,70,69,72
기타외국식음식점,충청북도,청주시 상당구,111,113,107
기타외국식음식점,충청북도,청주시 서원구,76,76,85
기타외국식음식점,충청북도,청주시 흥덕구,151,153,152
기타외국식음식점,충청북도,청주시 청원구,78,79,82
기타외국식음식점,충청북도,충주시,96,97,94
기타외국식음식점,충청북도,제천시,63,64,62
기타외국식음식점,충청북도,보은군,11,11,7
기타외국식음식점,충청북도,옥천군,15,15,15
기타외국식음식점,충청북도,영동군,13,13,11
기타외국식음식점,충청북도,증평군,8,7,8
기타외국식음식점,충청북도,진천군,52,52,51
기타외국식음식점,충청북도,괴산군,15,15,11
기타외국식음식점,충청북도,음성군,62,58,50
기타외국식음식점,충청북도,단양군,5,5,4
기타외국식음식점,충청남도,천안시 동남구,155,154,143
기타외국식음식점,충청남도,천안시 서북구,208,209,201
기타외국식음식점,충청남도,공주시,64,65,64
기타외국식음식점,충청남도,보령시,29,29,27
기타외국식음식점,충청남도,아산시,172,174,183
기타외국식음식점,충청남도,서산시,68,68,60
기타외국식음식점,충청남도,논산시,50,50,46
기타외국식음식점,충청남도,계룡시,10,10,14
기타외국식음식점,충청남도,당진시,47,48,43
기타외국식음식점,충청남도,금산군,11,11,12
기타외국식음식점,충청남도,부여군,17,17,20
기타외국식음식점,충청남도,서천군,10,9,9
기타외국식음식점,충청남도,청양군,7,6,4
기타외국식음식점,충청남도,홍성군,57,55,53
기타외국식음식점,충청남도,예산군,25,25,28
기타외국식음식점,충청남도,태안군,27,27,27
기타외국식음식점,경상북도,포항시 남구,101,101,104
기타외국식음식점,경상북도,포항시 북구,109,107,97
기타외국식음식점,경상북도,경주시,177,177,190
기타외국식음식점,경상북도,김천시,24,24,25
기타외국식음식점,경상북도,안동시,71,71,67
기타외국식음식점,경상북도,구미시,201,198,197
기타외국식음식점,경상북도,영주시,32,33,34
기타외국식음식점,경상북도,영천시,25,24,22
기타외국식음식점,경상북도,상주시,18,18,15
기타외국식음식점,경상북도,문경시,16,15,17
기타외국식음식점,경상북도,경산시,106,109,119
기타외국식음식점,경상북도,의성군,9,8,9
기타외국식음식점,경상북도,청송군,4,4,3
기타외국식음식점,경상북도,영양군,0,0,0
기타외국식음식점,경상북도,영덕군,11,11,13
기타외국식음식점,경상북도,청도군,13,12,12
기타외국식음식점,경상북도,고령군,13,13,13
기타외국식음식점,경상북도,성주군,15,15,15
기타외국식음식점,경상북도,칠곡군,49,50,47
기타외국식음식점,경상북도,예천군,5,5,6
기타외국식음식점,경상북도,봉화군,3,3,3
기타외국식음식점,경상북도,울진군,11,11,13
기타외국식음식점,경상북도,울릉군,6,6,7
기타외국식음식점,경상남도,창원시 의창구,85,82,88
기타외국식음식점,경상남도,창원시 성산구,148,154,164
기타외국식음식점,경상남도,창원시 마산합포구,82,82,79
기타외국식음식점,경상남도,창원시 마산회원구,63,62,63
기타외국식음식점,경상남도,창원시 진해구,75,74,66
기타외국식음식점,경상남도,진주시,205,209,198
기타외국식음식점,경상남도,통영시,55,55,62
기타외국식음식점,경상남도,사천시,26,27,29
기타외국식음식점,경상남도,김해시,294,289,299
기타외국식음식점,경상남도,밀양시,46,46,50
기타외국식음식점,경상남도,거제시,89,87,83
기타외국식음식점,경상남도,양산시,182,180,173
기타외국식음식점,경상남도,의령군,8,7,7
기타외국식음식점,경상남도,함안군,20,20,20
기타외국식음식점,경상남도,창녕군,27,27,29
기타외국식음식점,경상남도,고성군,21,21,22
기타외국식음식점,경상남도,남해군,24,24,25
기타외국식음식점,경상남도,하동군,13,13,12
기타외국식음식점,경상남도,산청군,9,9,8
기타외국식음식점,경상남도,함양군,13,13,15
기타외국식음식점,경상남도,거창군,29,30,32
기타외국식음식점,경상남도,합천군,10,10,13
기타외국식음식점,제주특별자치도,제주시,621,628,668
기타외국식음식점,제주특별자치도,서귀포시,273,267,279
기타외국식음식점,강원특별자치도,춘천시,183,181,195
기타외국식음식점,강원특별자치도,원주시,224,223,224
기타외국식음식점,강원특별자치도,강릉시,176,177,185
기타외국식음식점,강원특별자치도,동해시,55,57,54
기타외국식음식점,강원특별자치도,태백시,20,20,21
기타외국식음식점,강원특별자치도,속초시,83,83,81
기타외국식음식점,강원특별자치도,삼척시,20,21,22
기타외국식음식점,강원특별자치도,홍천군,49,49,47
기타외국식음식점,강원특별자치도,횡성군,21,20,19
기타외국식음식점,강원특별자치도,영월군,14,14,11
기타외국식음식점,강원특별자치도,평창군,32,32,32
기타외국식음식점,강원특별자치도,정선군,19,19,21
기타외국식음식점,강원특별자치도,철원군,19,19,21
기타외국식음식점,강원특별자치도,화천군,7,7,7
기타외국식음식점,강원특별자치도,양구군,7,6,6
기타외국식음식점,강원특별자치도,인제군,19,19,18
기타외국식음식점,강원특별자치도,고성군,25,26,23
기타외국식음식점,강원특별자치도,양양군,40,42,43
기타외국식음식점,전북특별자치도,전주시 완산구,244,245,240
기타외국식음식점,전북특별자치도,전주시 덕진구,134,134,132
기타외국식음식점,전북특별자치도,군산시,103,103,102
기타외국식음식점,전북특별자치도,익산시,143,143,148
기타외국식음식점,전북특별자치도,정읍시,81,83,91
기타외국식음식점,전북특별자치도,남원시,16,16,15
기타외국식음식점,전북특별자치도,김제시,20,19,17
기타외국식음식점,전북특별자치도,완주군,36,35,36
기타외국식음식점,전북특별자치도,진안군,5,5,3
기타외국식음식점,전북특별자치도,무주군,8,8,7
기타외국식음식점,전북특별자치도,장수군,0,0,0
기타외국식음식점,전북특별자치도,임실군,15,15,14
기타외국식음식점,전북특별자치도,순창군,4,4,3
기타외국식음식점,전북특별자치도,고창군,20,20,21
기타외국식음식점,전북특별자치도,부안군,19,18,17
기타음식점,서울특별시,종로구,178,179,136
기타음식점,서울특별시,중구,290,291,302
기타음식점,서울특별시,용산구,69,69,73
기타음식점,서울특별시,성동구,84,87,92
기타음식점,서울특별시,광진구,105,106,123
기타음식점,서울특별시,동대문구,93,93,94
기타음식점,서울특별시,중랑구,75,75,72
기타음식점,서울특별시,성북구,132,128,143
기타음식점,서울특별시,강북구,74,74,78
기타음식점,서울특별시,도봉구,51,52,53
기타음식점,서울특별시,노원구,113,115,121
기타음식점,서울특별시,은평구,89,93,101
기타음식점,서울특별시,서대문구,143,143,153
기타음식점,서울특별시,마포구,202,200,204
기타음식점,서울특별시,양천구,79,81,91
기타음식점,서울특별시,강서구,118,121,131
기타음식점,서울특별시,구로구,74,75,82
기타음식점,서울특별시,금천구,78,77,81
기타음식점,서울특별시,영등포구,141,141,165
기타음식점,서울특별시,동작구,82,82,92
기타음식점,서울특별시,관악구,110,112,122
기타음식점,서울특별시,서초구,126,129,134
기타음식점,서울특별시,강남구,179,181,194
기타음식점,서울특별시,송파구,187,190,203
기타음식점,서울특별시,강동구,114,112,121
기타음식점,전남광주통합특별시,목포시,95,97,101
기타음식점,전남광주통합특별시,여수시,76,77,75
기타음식점,전남광주통합특별시,순천시,89,89,94
기타음식점,전남광주통합특별시,나주시,49,49,45
기타음식점,전남광주통합특별시,광양시,51,51,48
기타음식점,전남광주통합특별시,동구,69,69,77
기타음식점,전남광주통합특별시,서구,104,104,120
기타음식점,전남광주통합특별시,남구,89,90,91
기타음식점,전남광주통합특별시,북구,108,111,124
기타음식점,전남광주통합특별시,광산구,145,148,156
기타음식점,전남광주통합특별시,담양군,28,28,28
기타음식점,전남광주통합특별시,곡성군,9,9,10
기타음식점,전남광주통합특별시,구례군,11,11,11
기타음식점,전남광주통합특별시,고흥군,22,22,23
기타음식점,전남광주통합특별시,보성군,11,12,12
기타음식점,전남광주통합특별시,화순군,33,33,34
기타음식점,전남광주통합특별시,장흥군,13,13,14
기타음식점,전남광주통합특별시,강진군,15,15,15
기타음식점,전남광주통합특별시,해남군,24,24,24
기타음식점,전남광주통합특별시,영암군,18,18,17
기타음식점,전남광주통합특별시,무안군,42,41,33
기타음식점,전남광주통합특별시,함평군,24,24,20
기타음식점,전남광주통합특별시,영광군,25,21,22
기타음식점,전남광주통합특별시,장성군,19,19,21
기타음식점,전남광주통합특별시,완도군,13,13,14
기타음식점,전남광주통합특별시,진도군,7,7,9
기타음식점,전남광주통합특별시,신안군,14,14,18
기타음식점,부산광역시,중구,34,37,39
기타음식점,부산광역시,서구,27,27,29
기타음식점,부산광역시,동구,30,33,35
기타음식점,부산광역시,영도구,36,36,39
기타음식점,부산광역시,부산진구,143,143,145
기타음식점,부산광역시,동래구,76,74,79
기타음식점,부산광역시,남구,58,58,76
기타음식점,부산광역시,북구,73,73,77
기타음식점,부산광역시,해운대구,110,110,120
기타음식점,부산광역시,사하구,68,68,76
기타음식점,부산광역시,금정구,99,99,101
기타음식점,부산광역시,강서구,51,49,46
기타음식점,부산광역시,연제구,59,59,65
기타음식점,부산광역시,수영구,56,57,57
기타음식점,부산광역시,사상구,79,83,86
기타음식점,부산광역시,기장군,89,88,107
기타음식점,대구광역시,중구,88,87,92
기타음식점,대구광역시,동구,90,92,97
기타음식점,대구광역시,서구,48,49,46
기타음식점,대구광역시,남구,48,49,49
기타음식점,대구광역시,북구,112,113,126
기타음식점,대구광역시,수성구,126,128,125
기타음식점,대구광역시,달서구,152,155,157
기타음식점,대구광역시,달성군,110,112,120
기타음식점,대구광역시,군위군,11,11,11
기타음식점,인천광역시,제물포구,45,45,44
기타음식점,인천광역시,영종구,42,41,44
기타음식점,인천광역시,미추홀구,88,90,106
기타음식점,인천광역시,연수구,120,119,103
기타음식점,인천광역시,남동구,99,100,109
기타음식점,인천광역시,부평구,115,115,118
기타음식점,인천광역시,계양구,85,83,87
기타음식점,인천광역시,서해구,82,83,84
기타음식점,인천광역시,검단구,26,26,25
기타음식점,인천광역시,강화군,44,46,52
기타음식점,인천광역시,옹진군,11,11,10
기타음식점,대전광역시,동구,95,96,100
기타음식점,대전광역시,중구,91,90,101
기타음식점,대전광역시,서구,114,118,111
기타음식점,대전광역시,유성구,91,91,90
기타음식점,대전광역시,대덕구,46,47,51
기타음식점,울산광역시,중구,79,83,88
기타음식점,울산광역시,남구,115,115,123
기타음식점,울산광역시,동구,64,64,66
기타음식점,울산광역시,북구,48,48,60
기타음식점,울산광역시,울주군,87,86,88
기타음식점,세종특별자치시,0,126,127,138
기타음식점,경기도,수원시 장안구,73,73,76
기타음식점,경기도,수원시 권선구,105,109,102
기타음식점,경기도,수원시 팔달구,79,78,88
기타음식점,경기도,수원시 영통구,113,115,118
기타음식점,경기도,성남시 수정구,66,65,67
기타음식점,경기도,성남시 중원구,63,64,66
기타음식점,경기도,성남시 분당구,138,139,151
기타음식점,경기도,의정부시,141,143,162
기타음식점,경기도,안양시 만안구,95,93,100
기타음식점,경기도,안양시 동안구,91,93,100
기타음식점,경기도,부천시 원미구,172,173,179
기타음식점,경기도,부천시 소사구,64,65,65
기타음식점,경기도,부천시 오정구,68,69,67
기타음식점,경기도,광명시,74,75,77
기타음식점,경기도,평택시,188,191,214
기타음식점,경기도,동두천시,28,28,31
기타음식점,경기도,안산시 상록구,85,88,99
기타음식점,경기도,안산시 단원구,94,93,103
기타음식점,경기도,고양시 덕양구,128,128,113
기타음식점,경기도,고양시 일산동구,101,99,97
기타음식점,경기도,고양시 일산서구,88,90,90
기타음식점,경기도,과천시,25,24,31
기타음식점,경기도,구리시,32,34,42
기타음식점,경기도,남양주시,168,166,172
기타음식점,경기도,오산시,52,56,60
기타음식점,경기도,시흥시,134,134,143
기타음식점,경기도,군포시,83,83,79
기타음식점,경기도,의왕시,30,30,31
기타음식점,경기도,하남시,62,63,61
기타음식점,경기도,용인시 처인구,104,104,111
기타음식점,경기도,용인시 기흥구,101,102,115
기타음식점,경기도,용인시 수지구,73,75,77
기타음식점,경기도,파주시,138,138,130
기타음식점,경기도,이천시,100,100,99
기타음식점,경기도,안성시,63,64,70
기타음식점,경기도,김포시,114,114,129
기타음식점,경기도,화성시,0,0,0
기타음식점,경기도,화성시 만세구,63,62,64
기타음식점,경기도,화성시 효행구,46,44,39
기타음식점,경기도,화성시 병점구,37,38,39
기타음식점,경기도,화성시 동탄구,85,87,87
기타음식점,경기도,광주시,137,141,151
기타음식점,경기도,양주시,71,71,78
기타음식점,경기도,포천시,61,61,61
기타음식점,경기도,여주시,73,73,79
기타음식점,경기도,연천군,30,31,30
기타음식점,경기도,가평군,33,33,37
기타음식점,경기도,양평군,68,71,77
기타음식점,충청북도,청주시 상당구,63,63,69
기타음식점,충청북도,청주시 서원구,68,68,71
기타음식점,충청북도,청주시 흥덕구,109,110,103
기타음식점,충청북도,청주시 청원구,56,58,59
기타음식점,충청북도,충주시,100,99,105
기타음식점,충청북도,제천시,81,81,80
기타음식점,충청북도,보은군,18,18,17
기타음식점,충청북도,옥천군,26,27,24
기타음식점,충청북도,영동군,15,15,17
기타음식점,충청북도,증평군,17,17,18
기타음식점,충청북도,진천군,29,28,27
기타음식점,충청북도,괴산군,21,21,21
기타음식점,충청북도,음성군,35,36,38
기타음식점,충청북도,단양군,24,25,24
기타음식점,충청남도,천안시 동남구,107,108,108
기타음식점,충청남도,천안시 서북구,111,107,105
기타음식점,충청남도,공주시,95,95,98
기타음식점,충청남도,보령시,49,49,48
기타음식점,충청남도,아산시,101,104,105
기타음식점,충청남도,서산시,70,69,75
기타음식점,충청남도,논산시,63,60,57
기타음식점,충청남도,계룡시,12,12,10
기타음식점,충청남도,당진시,51,50,54
기타음식점,충청남도,금산군,23,24,30
기타음식점,충청남도,부여군,24,23,21
기타음식점,충청남도,서천군,35,35,37
기타음식점,충청남도,청양군,10,10,11
기타음식점,충청남도,홍성군,35,35,35
기타음식점,충청남도,예산군,33,34,35
기타음식점,충청남도,태안군,30,30,31
기타음식점,경상북도,포항시 남구,82,81,94
기타음식점,경상북도,포항시 북구,109,113,116
기타음식점,경상북도,경주시,133,133,138
기타음식점,경상북도,김천시,36,36,41
기타음식점,경상북도,안동시,81,84,89
기타음식점,경상북도,구미시,132,135,131
기타음식점,경상북도,영주시,36,36,39
기타음식점,경상북도,영천시,23,24,25
기타음식점,경상북도,상주시,25,25,28
기타음식점,경상북도,문경시,29,29,26
기타음식점,경상북도,경산시,71,73,70
기타음식점,경상북도,의성군,14,14,11
기타음식점,경상북도,청송군,9,9,8
기타음식점,경상북도,영양군,6,6,6
기타음식점,경상북도,영덕군,18,19,17
기타음식점,경상북도,청도군,28,26,29
기타음식점,경상북도,고령군,12,12,12
기타음식점,경상북도,성주군,16,16,17
기타음식점,경상북도,칠곡군,33,33,31
기타음식점,경상북도,예천군,3,4,8
기타음식점,경상북도,봉화군,6,6,7
기타음식점,경상북도,울진군,18,18,19
기타음식점,경상북도,울릉군,5,5,7
기타음식점,경상남도,창원시 의창구,82,82,85
기타음식점,경상남도,창원시 성산구,74,76,76
기타음식점,경상남도,창원시 마산합포구,65,66,70
기타음식점,경상남도,창원시 마산회원구,46,49,57
기타음식점,경상남도,창원시 진해구,87,88,106
기타음식점,경상남도,진주시,168,172,181
기타음식점,경상남도,통영시,46,46,46
기타음식점,경상남도,사천시,42,41,35
기타음식점,경상남도,김해시,252,255,286
기타음식점,경상남도,밀양시,57,58,63
기타음식점,경상남도,거제시,91,89,82
기타음식점,경상남도,양산시,160,160,160
기타음식점,경상남도,의령군,9,9,11
기타음식점,경상남도,함안군,26,24,29
기타음식점,경상남도,창녕군,32,31,35
기타음식점,경상남도,고성군,25,25,22
기타음식점,경상남도,남해군,42,42,41
기타음식점,경상남도,하동군,21,21,19
기타음식점,경상남도,산청군,18,18,18
기타음식점,경상남도,함양군,17,17,18
기타음식점,경상남도,거창군,29,29,29
기타음식점,경상남도,합천군,48,46,48
기타음식점,제주특별자치도,제주시,272,269,268
기타음식점,제주특별자치도,서귀포시,92,91,84
기타음식점,강원특별자치도,춘천시,148,147,147
기타음식점,강원특별자치도,원주시,123,124,132
기타음식점,강원특별자치도,강릉시,119,116,109
기타음식점,강원특별자치도,동해시,38,36,44
기타음식점,강원특별자치도,태백시,17,17,20
기타음식점,강원특별자치도,속초시,47,47,52
기타음식점,강원특별자치도,삼척시,50,50,57
기타음식점,강원특별자치도,홍천군,57,58,55
기타음식점,강원특별자치도,횡성군,21,21,23
기타음식점,강원특별자치도,영월군,18,18,17
기타음식점,강원특별자치도,평창군,32,32,31
기타음식점,강원특별자치도,정선군,34,34,34
기타음식점,강원특별자치도,철원군,28,28,30
기타음식점,강원특별자치도,화천군,16,16,14
기타음식점,강원특별자치도,양구군,9,9,9
기타음식점,강원특별자치도,인제군,36,37,36
기타음식점,강원특별자치도,고성군,20,19,19
기타음식점,강원특별자치도,양양군,25,25,25
기타음식점,전북특별자치도,전주시 완산구,133,135,133
기타음식점,전북특별자치도,전주시 덕진구,90,93,91
기타음식점,전북특별자치도,군산시,85,87,97
기타음식점,전북특별자치도,익산시,77,78,81
기타음식점,전북특별자치도,정읍시,22,22,27
기타음식점,전북특별자치도,남원시,39,40,37
기타음식점,전북특별자치도,김제시,48,47,41
기타음식점,전북특별자치도,완주군,44,45,37
기타음식점,전북특별자치도,진안군,18,18,17
기타음식점,전북특별자치도,무주군,17,17,18
기타음식점,전북특별자치도,장수군,8,8,7
기타음식점,전북특별자치도,임실군,19,19,15
기타음식점,전북특별자치도,순창군,15,15,13
기타음식점,전북특별자치도,고창군,14,13,12
기타음식점,전북특별자치도,부안군,20,20,20
분식점,서울특별시,종로구,397,397,402
분식점,서울특별시,중구,337,341,369
분식점,서울특별시,용산구,247,249,265
분식점,서울특별시,성동구,266,269,269
분식점,서울특별시,광진구,356,358,378
분식점,서울특별시,동대문구,333,332,359
분식점,서울특별시,중랑구,328,328,339
분식점,서울특별시,성북구,383,384,408
분식점,서울특별시,강북구,242,246,267
분식점,서울특별시,도봉구,202,206,231
분식점,서울특별시,노원구,368,373,392
분식점,서울특별시,은평구,349,348,359
분식점,서울특별시,서대문구,314,315,321
분식점,서울특별시,마포구,454,454,488
분식점,서울특별시,양천구,289,289,305
분식점,서울특별시,강서구,438,442,492
분식점,서울특별시,구로구,319,322,325
분식점,서울특별시,금천구,224,232,244
분식점,서울특별시,영등포구,395,394,411
분식점,서울특별시,동작구,308,309,329
분식점,서울특별시,관악구,437,440,452
분식점,서울특별시,서초구,422,429,441
분식점,서울특별시,강남구,603,604,662
분식점,서울특별시,송파구,515,521,538
분식점,서울특별시,강동구,418,415,455
분식점,전남광주통합특별시,목포시,240,239,243
분식점,전남광주통합특별시,여수시,178,182,195
분식점,전남광주통합특별시,순천시,212,217,214
분식점,전남광주통합특별시,나주시,103,104,109
분식점,전남광주통합특별시,광양시,154,152,156
분식점,전남광주통합특별시,동구,149,147,160
분식점,전남광주통합특별시,서구,285,288,299
분식점,전남광주통합특별시,남구,172,178,193
분식점,전남광주통합특별시,북구,403,402,414
분식점,전남광주통합특별시,광산구,337,335,355
분식점,전남광주통합특별시,담양군,38,38,39
분식점,전남광주통합특별시,곡성군,24,24,27
분식점,전남광주통합특별시,구례군,32,32,32
분식점,전남광주통합특별시,고흥군,60,60,54
분식점,전남광주통합특별시,보성군,25,25,30
분식점,전남광주통합특별시,화순군,59,59,62
분식점,전남광주통합특별시,장흥군,27,27,29
분식점,전남광주통합특별시,강진군,33,33,34
분식점,전남광주통합특별시,해남군,59,59,65
분식점,전남광주통합특별시,영암군,51,50,51
분식점,전남광주통합특별시,무안군,80,79,85
분식점,전남광주통합특별시,함평군,24,24,24
분식점,전남광주통합특별시,영광군,34,33,31
분식점,전남광주통합특별시,장성군,42,42,44
분식점,전남광주통합특별시,완도군,35,34,35
분식점,전남광주통합특별시,진도군,25,25,22
분식점,전남광주통합특별시,신안군,17,17,13
분식점,부산광역시,중구,166,166,169
분식점,부산광역시,서구,116,118,124
분식점,부산광역시,동구,110,112,109
분식점,부산광역시,영도구,122,124,134
분식점,부산광역시,부산진구,416,423,444
분식점,부산광역시,동래구,230,231,257
분식점,부산광역시,남구,218,220,214
분식점,부산광역시,북구,182,176,189
분식점,부산광역시,해운대구,381,383,401
분식점,부산광역시,사하구,262,264,289
분식점,부산광역시,금정구,260,260,275
분식점,부산광역시,강서구,123,127,122
분식점,부산광역시,연제구,223,224,238
분식점,부산광역시,수영구,241,243,254
분식점,부산광역시,사상구,148,150,152
분식점,부산광역시,기장군,212,213,237
분식점,대구광역시,중구,239,242,241
분식점,대구광역시,동구,285,285,311
분식점,대구광역시,서구,121,124,126
분식점,대구광역시,남구,152,149,151
분식점,대구광역시,북구,372,381,422
분식점,대구광역시,수성구,355,363,366
분식점,대구광역시,달서구,381,388,424
분식점,대구광역시,달성군,187,192,206
분식점,대구광역시,군위군,12,13,14
분식점,인천광역시,제물포구,159,159,170
분식점,인천광역시,영종구,78,76,68
분식점,인천광역시,미추홀구,351,349,359
분식점,인천광역시,연수구,238,241,265
분식점,인천광역시,남동구,380,381,407
분식점,인천광역시,부평구,336,339,375
분식점,인천광역시,계양구,221,219,243
분식점,인천광역시,서구,0,0,0
분식점,인천광역시,서해구,283,284,305
분식점,인천광역시,검단구,130,132,138
분식점,인천광역시,강화군,58,58,56
분식점,인천광역시,옹진군,16,16,13
분식점,대전광역시,동구,236,236,248
분식점,대전광역시,중구,276,278,288
분식점,대전광역시,서구,475,481,502
분식점,대전광역시,유성구,344,343,370
분식점,대전광역시,대덕구,134,134,155
분식점,울산광역시,중구,143,144,137
분식점,울산광역시,남구,262,266,286
분식점,울산광역시,동구,97,95,101
분식점,울산광역시,북구,130,132,137
분식점,울산광역시,울주군,169,167,173
분식점,세종특별자치시,0,285,286,288
분식점,경기도,수원시 장안구,222,221,233
분식점,경기도,수원시 권선구,231,230,257
분식점,경기도,수원시 팔달구,245,250,271
분식점,경기도,수원시 영통구,303,304,320
분식점,경기도,성남시 수정구,180,182,188
분식점,경기도,성남시 중원구,162,164,188
분식점,경기도,성남시 분당구,331,335,355
분식점,경기도,의정부시,290,295,288
분식점,경기도,안양시 만안구,211,212,221
분식점,경기도,안양시 동안구,261,264,283
분식점,경기도,부천시 원미구,354,356,373
분식점,경기도,부천시 소사구,165,167,176
분식점,경기도,부천시 오정구,112,111,111
분식점,경기도,광명시,288,293,299
분식점,경기도,평택시,522,528,534
분식점,경기도,동두천시,58,58,61
분식점,경기도,안산시 상록구,292,296,320
분식점,경기도,안산시 단원구,405,408,428
분식점,경기도,고양시 덕양구,350,356,379
분식점,경기도,고양시 일산동구,195,195,199
분식점,경기도,고양시 일산서구,190,190,204
분식점,경기도,과천시,51,52,55
분식점,경기도,구리시,132,134,148
분식점,경기도,남양주시,520,523,565
분식점,경기도,오산시,178,180,196
분식점,경기도,시흥시,1027,1032,1066
분식점,경기도,군포시,200,206,217
분식점,경기도,의왕시,115,119,123
분식점,경기도,하남시,199,203,218
분식점,경기도,용인시 처인구,367,371,390
분식점,경기도,용인시 기흥구,332,338,352
분식점,경기도,용인시 수지구,223,223,241
분식점,경기도,파주시,389,390,401
분식점,경기도,이천시,267,268,269
분식점,경기도,안성시,127,126,151
분식점,경기도,김포시,330,335,364
분식점,경기도,화성시,0,0,0
분식점,경기도,화성시 만세구,269,269,272
분식점,경기도,화성시 효행구,110,109,111
분식점,경기도,화성시 병점구,96,99,100
분식점,경기도,화성시 동탄구,253,255,277
분식점,경기도,광주시,274,275,304
분식점,경기도,양주시,183,189,185
분식점,경기도,포천시,129,128,128
분식점,경기도,여주시,90,89,90
분식점,경기도,연천군,58,59,65
분식점,경기도,가평군,61,61,64
분식점,경기도,양평군,87,87,80
분식점,충청북도,청주시 상당구,265,271,280
분식점,충청북도,청주시 서원구,196,198,217
분식점,충청북도,청주시 흥덕구,327,331,348
분식점,충청북도,청주시 청원구,255,258,275
분식점,충청북도,충주시,235,237,251
분식점,충청북도,제천시,167,166,183
분식점,충청북도,보은군,29,28,25
분식점,충청북도,옥천군,49,48,39
분식점,충청북도,영동군,27,28,32
분식점,충청북도,증평군,54,55,62
분식점,충청북도,진천군,65,63,70
분식점,충청북도,괴산군,20,20,23
분식점,충청북도,음성군,65,68,63
분식점,충청북도,단양군,69,70,77
분식점,충청남도,천안시 동남구,284,287,305
분식점,충청남도,천안시 서북구,402,405,431
분식점,충청남도,공주시,109,111,109
분식점,충청남도,보령시,62,62,62
분식점,충청남도,아산시,371,367,366
분식점,충청남도,서산시,152,152,158
분식점,충청남도,논산시,173,174,182
분식점,충청남도,계룡시,40,39,43
분식점,충청남도,당진시,237,238,250
분식점,충청남도,금산군,59,58,60
분식점,충청남도,부여군,52,53,54
분식점,충청남도,서천군,34,33,26
분식점,충청남도,청양군,20,19,20
분식점,충청남도,홍성군,92,91,91
분식점,충청남도,예산군,62,62,73
분식점,충청남도,태안군,60,61,61
분식점,경상북도,포항시 남구,213,216,223
분식점,경상북도,포항시 북구,254,253,260
분식점,경상북도,경주시,369,372,393
분식점,경상북도,김천시,274,275,286
분식점,경상북도,안동시,119,120,123
분식점,경상북도,구미시,394,395,393
분식점,경상북도,영주시,95,96,97
분식점,경상북도,영천시,73,73,73
분식점,경상북도,상주시,46,48,55
분식점,경상북도,문경시,49,48,59
분식점,경상북도,경산시,215,213,225
분식점,경상북도,의성군,38,38,39
분식점,경상북도,청송군,17,17,15
분식점,경상북도,영양군,11,11,10
분식점,경상북도,영덕군,27,29,32
분식점,경상북도,청도군,23,22,26
분식점,경상북도,고령군,25,25,29
분식점,경상북도,성주군,31,31,33
분식점,경상북도,칠곡군,91,93,97
분식점,경상북도,예천군,32,33,38
분식점,경상북도,봉화군,15,15,14
분식점,경상북도,울진군,44,44,47
분식점,경상북도,울릉군,20,21,19
분식점,경상남도,창원시 의창구,222,225,229
분식점,경상남도,창원시 성산구,284,284,296
분식점,경상남도,창원시 마산합포구,240,242,244
분식점,경상남도,창원시 마산회원구,159,162,158
분식점,경상남도,창원시 진해구,162,165,183
분식점,경상남도,진주시,408,410,429
분식점,경상남도,통영시,210,208,221
분식점,경상남도,사천시,114,114,133
분식점,경상남도,김해시,479,484,516
분식점,경상남도,밀양시,76,79,84
분식점,경상남도,거제시,173,172,182
분식점,경상남도,양산시,379,380,393
분식점,경상남도,의령군,9,10,12
분식점,경상남도,함안군,57,60,59
분식점,경상남도,창녕군,68,70,73
분식점,경상남도,고성군,50,49,49
분식점,경상남도,남해군,48,46,48
분식점,경상남도,하동군,60,58,56
분식점,경상남도,산청군,39,40,44
분식점,경상남도,함양군,37,37,40
분식점,경상남도,거창군,45,47,52
분식점,경상남도,합천군,27,27,25
분식점,제주특별자치도,제주시,577,581,609
분식점,제주특별자치도,서귀포시,265,266,272
분식점,강원특별자치도,춘천시,302,304,298
분식점,강원특별자치도,원주시,291,291,303
분식점,강원특별자치도,강릉시,215,215,222
분식점,강원특별자치도,동해시,119,118,114
분식점,강원특별자치도,태백시,63,63,64
분식점,강원특별자치도,속초시,125,124,127
분식점,강원특별자치도,삼척시,86,86,88
분식점,강원특별자치도,홍천군,88,88,87
분식점,강원특별자치도,횡성군,38,39,40
분식점,강원특별자치도,영월군,44,43,46
분식점,강원특별자치도,평창군,43,44,41
분식점,강원특별자치도,정선군,61,46,56
분식점,강원특별자치도,철원군,30,32,32
분식점,강원특별자치도,화천군,33,33,38
분식점,강원특별자치도,양구군,22,23,25
분식점,강원특별자치도,인제군,50,50,46
분식점,강원특별자치도,고성군,33,33,34
분식점,강원특별자치도,양양군,28,26,25
분식점,전북특별자치도,전주시 완산구,361,360,373
분식점,전북특별자치도,전주시 덕진구,341,340,360
분식점,전북특별자치도,군산시,320,320,324
분식점,전북특별자치도,익산시,282,285,308
분식점,전북특별자치도,정읍시,103,102,111
분식점,전북특별자치도,남원시,95,95,97
분식점,전북특별자치도,김제시,70,71,64
분식점,전북특별자치도,완주군,93,95,86
분식점,전북특별자치도,진안군,29,29,25
분식점,전북특별자치도,무주군,32,32,30
분식점,전북특별자치도,장수군,27,27,25
분식점,전북특별자치도,임실군,33,33,25
분식점,전북특별자치도,순창군,24,25,25
분식점,전북특별자치도,고창군,35,35,34
분식점,전북특별자치도,부안군,60,59,65
여관ㆍ모텔,서울특별시,종로구,115,115,127
여관ㆍ모텔,서울특별시,중구,113,114,118
여관ㆍ모텔,서울특별시,용산구,49,49,50
여관ㆍ모텔,서울특별시,성동구,52,54,53
여관ㆍ모텔,서울특별시,광진구,51,51,50
여관ㆍ모텔,서울특별시,동대문구,89,90,92
여관ㆍ모텔,서울특별시,중랑구,71,71,73
여관ㆍ모텔,서울특별시,성북구,43,43,44
여관ㆍ모텔,서울특별시,강북구,97,96,107
여관ㆍ모텔,서울특별시,도봉구,16,16,15
여관ㆍ모텔,서울특별시,노원구,20,20,23
여관ㆍ모텔,서울특별시,은평구,44,44,45
여관ㆍ모텔,서울특별시,서대문구,58,59,65
여관ㆍ모텔,서울특별시,마포구,24,24,28
여관ㆍ모텔,서울특별시,양천구,11,11,9
여관ㆍ모텔,서울특별시,강서구,74,74,75
여관ㆍ모텔,서울특별시,구로구,37,37,40
여관ㆍ모텔,서울특별시,금천구,31,31,30
여관ㆍ모텔,서울특별시,영등포구,111,113,121
여관ㆍ모텔,서울특별시,동작구,22,21,23
여관ㆍ모텔,서울특별시,관악구,68,69,72
여관ㆍ모텔,서울특별시,서초구,17,17,16
여관ㆍ모텔,서울특별시,강남구,43,42,41
여관ㆍ모텔,서울특별시,송파구,45,45,45
여관ㆍ모텔,서울특별시,강동구,51,51,54
여관ㆍ모텔,전남광주통합특별시,목포시,210,212,222
여관ㆍ모텔,전남광주통합특별시,여수시,189,189,191
여관ㆍ모텔,전남광주통합특별시,순천시,136,138,140
여관ㆍ모텔,전남광주통합특별시,나주시,37,38,38
여관ㆍ모텔,전남광주통합특별시,광양시,92,92,89
여관ㆍ모텔,전남광주통합특별시,동구,83,82,86
여관ㆍ모텔,전남광주통합특별시,서구,91,94,99
여관ㆍ모텔,전남광주통합특별시,남구,21,22,23
여관ㆍ모텔,전남광주통합특별시,북구,134,134,138
여관ㆍ모텔,전남광주통합특별시,광산구,82,84,83
여관ㆍ모텔,전남광주통합특별시,담양군,17,17,18
여관ㆍ모텔,전남광주통합특별시,곡성군,13,13,13
여관ㆍ모텔,전남광주통합특별시,구례군,18,18,19
여관ㆍ모텔,전남광주통합특별시,고흥군,42,42,43
여관ㆍ모텔,전남광주통합특별시,보성군,21,21,21
여관ㆍ모텔,전남광주통합특별시,화순군,29,30,35
여관ㆍ모텔,전남광주통합특별시,장흥군,23,23,22
여관ㆍ모텔,전남광주통합특별시,강진군,23,22,24
여관ㆍ모텔,전남광주통합특별시,해남군,58,58,56
여관ㆍ모텔,전남광주통합특별시,영암군,44,44,45
여관ㆍ모텔,전남광주통합특별시,무안군,32,32,32
여관ㆍ모텔,전남광주통합특별시,함평군,9,9,9
여관ㆍ모텔,전남광주통합특별시,영광군,33,33,32
여관ㆍ모텔,전남광주통합특별시,장성군,19,19,19
여관ㆍ모텔,전남광주통합특별시,완도군,78,78,79
여관ㆍ모텔,전남광주통합특별시,진도군,30,30,29
여관ㆍ모텔,전남광주통합특별시,신안군,46,46,47
여관ㆍ모텔,부산광역시,중구,70,72,67
여관ㆍ모텔,부산광역시,서구,44,45,44
여관ㆍ모텔,부산광역시,동구,90,91,93
여관ㆍ모텔,부산광역시,영도구,55,55,57
여관ㆍ모텔,부산광역시,부산진구,139,139,147
여관ㆍ모텔,부산광역시,동래구,106,106,108
여관ㆍ모텔,부산광역시,남구,35,35,36
여관ㆍ모텔,부산광역시,북구,73,74,78
여관ㆍ모텔,부산광역시,해운대구,61,60,63
여관ㆍ모텔,부산광역시,사하구,58,58,62
여관ㆍ모텔,부산광역시,금정구,48,49,50
여관ㆍ모텔,부산광역시,강서구,26,25,24
여관ㆍ모텔,부산광역시,연제구,46,46,48
여관ㆍ모텔,부산광역시,수영구,47,46,50
여관ㆍ모텔,부산광역시,사상구,113,112,113
여관ㆍ모텔,부산광역시,기장군,37,37,40
여관ㆍ모텔,대구광역시,중구,45,45,46
여관ㆍ모텔,대구광역시,동구,130,130,131
여관ㆍ모텔,대구광역시,서구,86,86,87
여관ㆍ모텔,대구광역시,남구,33,33,32
여관ㆍ모텔,대구광역시,북구,72,72,74
여관ㆍ모텔,대구광역시,수성구,35,36,40
여관ㆍ모텔,대구광역시,달서구,86,87,90
여관ㆍ모텔,대구광역시,달성군,31,32,33
여관ㆍ모텔,대구광역시,군위군,10,10,11
여관ㆍ모텔,인천광역시,제물포구,81,82,81
여관ㆍ모텔,인천광역시,영종구,23,23,23
여관ㆍ모텔,인천광역시,미추홀구,134,138,140
여관ㆍ모텔,인천광역시,연수구,36,34,33
여관ㆍ모텔,인천광역시,남동구,43,43,45
여관ㆍ모텔,인천광역시,부평구,132,131,130
여관ㆍ모텔,인천광역시,계양구,44,44,48
여관ㆍ모텔,인천광역시,서해구,44,44,48
여관ㆍ모텔,인천광역시,검단구,12,12,12
여관ㆍ모텔,인천광역시,강화군,65,65,65
여관ㆍ모텔,인천광역시,옹진군,44,44,49
여관ㆍ모텔,대전광역시,동구,102,103,101
여관ㆍ모텔,대전광역시,중구,122,121,128
여관ㆍ모텔,대전광역시,서구,47,47,48
여관ㆍ모텔,대전광역시,유성구,71,71,73
여관ㆍ모텔,대전광역시,대덕구,76,76,77
여관ㆍ모텔,울산광역시,중구,62,62,64
여관ㆍ모텔,울산광역시,남구,226,223,231
여관ㆍ모텔,울산광역시,동구,52,52,51
여관ㆍ모텔,울산광역시,북구,25,25,24
여관ㆍ모텔,울산광역시,울주군,130,131,132
여관ㆍ모텔,세종특별자치시,0,64,64,63
여관ㆍ모텔,경기도,수원시 장안구,59,60,62
여관ㆍ모텔,경기도,수원시 권선구,36,36,38
여관ㆍ모텔,경기도,수원시 팔달구,168,167,167
여관ㆍ모텔,경기도,수원시 영통구,8,8,9
여관ㆍ모텔,경기도,성남시 수정구,83,82,84
여관ㆍ모텔,경기도,성남시 중원구,60,60,60
여관ㆍ모텔,경기도,성남시 분당구,21,21,24
여관ㆍ모텔,경기도,의정부시,89,91,89
여관ㆍ모텔,경기도,안양시 만안구,70,70,74
여관ㆍ모텔,경기도,안양시 동안구,36,36,34
여관ㆍ모텔,경기도,부천시 원미구,78,75,80
여관ㆍ모텔,경기도,부천시 소사구,23,23,26
여관ㆍ모텔,경기도,부천시 오정구,21,20,20
여관ㆍ모텔,경기도,광명시,44,44,45
여관ㆍ모텔,경기도,평택시,139,140,143
여관ㆍ모텔,경기도,동두천시,35,34,33
여관ㆍ모텔,경기도,안산시 상록구,45,45,44
여관ㆍ모텔,경기도,안산시 단원구,113,112,120
여관ㆍ모텔,경기도,고양시 덕양구,62,62,63
여관ㆍ모텔,경기도,고양시 일산동구,4,4,5
여관ㆍ모텔,경기도,고양시 일산서구,36,35,36
여관ㆍ모텔,경기도,과천시,0,0,0
여관ㆍ모텔,경기도,구리시,58,57,55
여관ㆍ모텔,경기도,남양주시,59,59,66
여관ㆍ모텔,경기도,오산시,68,68,68
여관ㆍ모텔,경기도,시흥시,72,72,77
여관ㆍ모텔,경기도,군포시,41,41,45
여관ㆍ모텔,경기도,의왕시,6,6,6
여관ㆍ모텔,경기도,하남시,16,16,17
여관ㆍ모텔,경기도,용인시 처인구,71,71,71
여관ㆍ모텔,경기도,용인시 기흥구,15,15,16
여관ㆍ모텔,경기도,용인시 수지구,8,8,8
여관ㆍ모텔,경기도,파주시,97,97,100
여관ㆍ모텔,경기도,이천시,89,89,91
여관ㆍ모텔,경기도,안성시,86,84,85
여관ㆍ모텔,경기도,김포시,42,42,42
여관ㆍ모텔,경기도,화성시 만세구,84,85,88
여관ㆍ모텔,경기도,화성시 효행구,18,18,21
여관ㆍ모텔,경기도,화성시 병점구,5,5,5
여관ㆍ모텔,경기도,화성시 동탄구,22,22,16
여관ㆍ모텔,경기도,광주시,52,52,54
여관ㆍ모텔,경기도,양주시,71,71,70
여관ㆍ모텔,경기도,포천시,118,119,127
여관ㆍ모텔,경기도,여주시,75,74,70
여관ㆍ모텔,경기도,연천군,35,35,34
여관ㆍ모텔,경기도,가평군,98,98,99
여관ㆍ모텔,경기도,양평군,117,118,117
여관ㆍ모텔,충청북도,청주시 상당구,79,77,77
여관ㆍ모텔,충청북도,청주시 서원구,31,31,31
여관ㆍ모텔,충청북도,청주시 흥덕구,88,91,94
여관ㆍ모텔,충청북도,청주시 청원구,67,69,70
여관ㆍ모텔,충청북도,충주시,100,100,99
여관ㆍ모텔,충청북도,제천시,96,96,98
여관ㆍ모텔,충청북도,보은군,47,46,46
여관ㆍ모텔,충청북도,옥천군,31,31,26
여관ㆍ모텔,충청북도,영동군,28,28,27
여관ㆍ모텔,충청북도,증평군,26,26,26
여관ㆍ모텔,충청북도,진천군,45,46,47
여관ㆍ모텔,충청북도,괴산군,22,22,21
여관ㆍ모텔,충청북도,음성군,67,68,66
여관ㆍ모텔,충청북도,단양군,36,34,35
여관ㆍ모텔,충청남도,천안시 동남구,118,119,124
여관ㆍ모텔,충청남도,천안시 서북구,78,77,85
여관ㆍ모텔,충청남도,공주시,107,107,108
여관ㆍ모텔,충청남도,보령시,146,146,148
여관ㆍ모텔,충청남도,아산시,140,139,141
여관ㆍ모텔,충청남도,서산시,116,115,119
여관ㆍ모텔,충청남도,논산시,74,74,78
여관ㆍ모텔,충청남도,계룡시,24,23,22
여관ㆍ모텔,충청남도,당진시,86,83,86
여관ㆍ모텔,충청남도,금산군,43,43,42
여관ㆍ모텔,충청남도,부여군,45,45,45
여관ㆍ모텔,충청남도,서천군,41,41,42
여관ㆍ모텔,충청남도,청양군,18,19,17
여관ㆍ모텔,충청남도,홍성군,54,56,57
여관ㆍ모텔,충청남도,예산군,81,80,82
여관ㆍ모텔,충청남도,태안군,150,151,158
여관ㆍ모텔,경상북도,포항시 남구,137,137,142
여관ㆍ모텔,경상북도,포항시 북구,136,136,138
여관ㆍ모텔,경상북도,경주시,207,206,211
여관ㆍ모텔,경상북도,김천시,108,108,110
여관ㆍ모텔,경상북도,안동시,132,133,137
여관ㆍ모텔,경상북도,구미시,220,220,225
여관ㆍ모텔,경상북도,영주시,74,74,75
여관ㆍ모텔,경상북도,영천시,84,82,82
여관ㆍ모텔,경상북도,상주시,36,37,38
여관ㆍ모텔,경상북도,문경시,71,69,68
여관ㆍ모텔,경상북도,경산시,77,76,74
여관ㆍ모텔,경상북도,의성군,25,25,26
여관ㆍ모텔,경상북도,청송군,26,26,26
여관ㆍ모텔,경상북도,영양군,8,8,8
여관ㆍ모텔,경상북도,영덕군,55,55,57
여관ㆍ모텔,경상북도,청도군,34,34,33
여관ㆍ모텔,경상북도,고령군,9,9,10
여관ㆍ모텔,경상북도,성주군,29,29,33
여관ㆍ모텔,경상북도,칠곡군,79,80,83
여관ㆍ모텔,경상북도,예천군,33,33,35
여관ㆍ모텔,경상북도,봉화군,17,17,17
여관ㆍ모텔,경상북도,울진군,95,95,97
여관ㆍ모텔,경상북도,울릉군,51,51,53
여관ㆍ모텔,경상남도,창원시 의창구,102,102,109
여관ㆍ모텔,경상남도,창원시 성산구,151,152,151
여관ㆍ모텔,경상남도,창원시 마산합포구,126,126,128
여관ㆍ모텔,경상남도,창원시 마산회원구,117,117,118
여관ㆍ모텔,경상남도,창원시 진해구,79,80,84
여관ㆍ모텔,경상남도,진주시,232,232,240
여관ㆍ모텔,경상남도,통영시,141,145,148
여관ㆍ모텔,경상남도,사천시,116,115,117
여관ㆍ모텔,경상남도,김해시,191,193,199
여관ㆍ모텔,경상남도,밀양시,62,63,62
여관ㆍ모텔,경상남도,거제시,165,165,165
여관ㆍ모텔,경상남도,양산시,118,119,127
여관ㆍ모텔,경상남도,의령군,20,20,20
여관ㆍ모텔,경상남도,함안군,46,45,45
여관ㆍ모텔,경상남도,창녕군,51,52,53
여관ㆍ모텔,경상남도,고성군,65,64,67
여관ㆍ모텔,경상남도,남해군,67,70,74
여관ㆍ모텔,경상남도,하동군,46,46,46
여관ㆍ모텔,경상남도,산청군,40,40,40
여관ㆍ모텔,경상남도,함양군,32,32,35
여관ㆍ모텔,경상남도,거창군,63,64,63
여관ㆍ모텔,경상남도,합천군,41,41,44
여관ㆍ모텔,제주특별자치도,제주시,248,251,252
여관ㆍ모텔,제주특별자치도,서귀포시,100,102,103
여관ㆍ모텔,강원특별자치도,춘천시,159,161,164
여관ㆍ모텔,강원특별자치도,원주시,157,156,158
여관ㆍ모텔,강원특별자치도,강릉시,216,217,219
여관ㆍ모텔,강원특별자치도,동해시,62,62,65
여관ㆍ모텔,강원특별자치도,태백시,57,57,58
여관ㆍ모텔,강원특별자치도,속초시,92,92,96
여관ㆍ모텔,강원특별자치도,삼척시,46,46,49
여관ㆍ모텔,강원특별자치도,홍천군,60,60,61
여관ㆍ모텔,강원특별자치도,횡성군,31,32,32
여관ㆍ모텔,강원특별자치도,영월군,29,29,30
여관ㆍ모텔,강원특별자치도,평창군,48,47,47
여관ㆍ모텔,강원특별자치도,정선군,89,90,94
여관ㆍ모텔,강원특별자치도,철원군,55,55,55
여관ㆍ모텔,강원특별자치도,화천군,37,38,39
여관ㆍ모텔,강원특별자치도,양구군,41,42,42
여관ㆍ모텔,강원특별자치도,인제군,49,49,50
여관ㆍ모텔,강원특별자치도,고성군,38,38,38
여관ㆍ모텔,강원특별자치도,양양군,97,96,100
여관ㆍ모텔,전북특별자치도,전주시 완산구,94,95,101
여관ㆍ모텔,전북특별자치도,전주시 덕진구,165,171,175
여관ㆍ모텔,전북특별자치도,군산시,121,122,125
여관ㆍ모텔,전북특별자치도,익산시,139,139,134
여관ㆍ모텔,전북특별자치도,정읍시,70,71,72
여관ㆍ모텔,전북특별자치도,남원시,45,45,48
여관ㆍ모텔,전북특별자치도,김제시,52,52,52
여관ㆍ모텔,전북특별자치도,완주군,39,39,44
여관ㆍ모텔,전북특별자치도,진안군,8,8,8
여관ㆍ모텔,전북특별자치도,무주군,39,38,38
여관ㆍ모텔,전북특별자치도,장수군,7,7,7
여관ㆍ모텔,전북특별자치도,임실군,19,19,18
여관ㆍ모텔,전북특별자치도,순창군,20,20,19
여관ㆍ모텔,전북특별자치도,고창군,26,25,25
여관ㆍ모텔,전북특별자치도,부안군,66,66,72
일식음식점,서울특별시,종로구,280,279,267
일식음식점,서울특별시,중구,306,307,295
일식음식점,서울특별시,용산구,269,270,271
일식음식점,서울특별시,성동구,270,269,258
일식음식점,서울특별시,광진구,297,301,290
일식음식점,서울특별시,동대문구,181,181,175
일식음식점,서울특별시,중랑구,149,150,145
일식음식점,서울특별시,성북구,174,176,165
일식음식점,서울특별시,강북구,143,144,136
일식음식점,서울특별시,도봉구,89,88,97
일식음식점,서울특별시,노원구,200,204,189
일식음식점,서울특별시,은평구,163,166,168
일식음식점,서울특별시,서대문구,192,191,207
일식음식점,서울특별시,마포구,721,723,722
일식음식점,서울특별시,양천구,159,159,164
일식음식점,서울특별시,강서구,354,361,378
일식음식점,서울특별시,구로구,170,168,160
일식음식점,서울특별시,금천구,120,120,125
일식음식점,서울특별시,영등포구,423,424,410
일식음식점,서울특별시,동작구,213,213,205
일식음식점,서울특별시,관악구,270,270,267
일식음식점,서울특별시,서초구,378,374,378
일식음식점,서울특별시,강남구,882,879,865
일식음식점,서울특별시,송파구,476,477,471
일식음식점,서울특별시,강동구,236,234,239
일식음식점,전남광주통합특별시,목포시,69,68,74
일식음식점,전남광주통합특별시,여수시,94,92,96
일식음식점,전남광주통합특별시,순천시,109,108,107
일식음식점,전남광주통합특별시,나주시,24,24,21
일식음식점,전남광주통합특별시,광양시,61,60,57
일식음식점,전남광주통합특별시,동구,75,73,69
일식음식점,전남광주통합특별시,서구,85,85,78
일식음식점,전남광주통합특별시,남구,52,52,56
일식음식점,전남광주통합특별시,북구,78,78,87
일식음식점,전남광주통합특별시,광산구,97,98,92
일식음식점,전남광주통합특별시,담양군,9,9,9
일식음식점,전남광주통합특별시,구례군,0,0,0
일식음식점,전남광주통합특별시,고흥군,3,3,4
일식음식점,전남광주통합특별시,보성군,3,3,3
일식음식점,전남광주통합특별시,화순군,6,6,6
일식음식점,전남광주통합특별시,장흥군,5,5,6
일식음식점,전남광주통합특별시,강진군,6,6,6
일식음식점,전남광주통합특별시,해남군,5,5,5
일식음식점,전남광주통합특별시,영암군,5,6,4
일식음식점,전남광주통합특별시,무안군,33,34,37
일식음식점,전남광주통합특별시,함평군,0,0,0
일식음식점,전남광주통합특별시,영광군,7,7,5
일식음식점,전남광주통합특별시,장성군,4,3,3
일식음식점,전남광주통합특별시,완도군,10,10,10
일식음식점,전남광주통합특별시,진도군,8,8,9
일식음식점,전남광주통합특별시,신안군,4,4,5
일식음식점,부산광역시,중구,89,88,86
일식음식점,부산광역시,서구,31,32,32
일식음식점,부산광역시,동구,50,48,42
일식음식점,부산광역시,영도구,17,18,22
일식음식점,부산광역시,부산진구,259,258,252
일식음식점,부산광역시,동래구,96,95,100
일식음식점,부산광역시,남구,83,82,83
일식음식점,부산광역시,북구,67,66,63
일식음식점,부산광역시,해운대구,165,163,173
일식음식점,부산광역시,사하구,73,75,72
일식음식점,부산광역시,금정구,88,89,93
일식음식점,부산광역시,강서구,59,55,51
일식음식점,부산광역시,연제구,85,82,83
일식음식점,부산광역시,수영구,203,201,183
일식음식점,부산광역시,사상구,42,40,33
일식음식점,부산광역시,기장군,84,84,84
일식음식점,대구광역시,중구,220,216,210
일식음식점,대구광역시,동구,89,91,99
일식음식점,대구광역시,서구,29,29,30
일식음식점,대구광역시,남구,56,56,55
일식음식점,대구광역시,북구,144,144,148
일식음식점,대구광역시,수성구,207,211,210
일식음식점,대구광역시,달서구,191,189,180
일식음식점,대구광역시,달성군,72,72,72
일식음식점,인천광역시,제물포구,89,89,94
일식음식점,인천광역시,영종구,54,53,52
일식음식점,인천광역시,미추홀구,151,150,146
일식음식점,인천광역시,연수구,182,181,182
일식음식점,인천광역시,남동구,195,198,200
일식음식점,인천광역시,부평구,126,129,144
일식음식점,인천광역시,계양구,67,68,65
일식음식점,인천광역시,서구,0,0,0
일식음식점,인천광역시,서해구,148,150,162
일식음식점,인천광역시,검단구,75,71,71
일식음식점,인천광역시,강화군,71,71,72
일식음식점,인천광역시,옹진군,14,14,16
일식음식점,대전광역시,동구,44,43,40
일식음식점,대전광역시,중구,88,89,77
일식음식점,대전광역시,서구,255,251,247
일식음식점,대전광역시,유성구,259,261,238
일식음식점,대전광역시,대덕구,45,46,46
일식음식점,울산광역시,중구,60,59,51
일식음식점,울산광역시,남구,209,211,207
일식음식점,울산광역시,동구,42,42,42
일식음식점,울산광역시,북구,47,46,40
일식음식점,울산광역시,울주군,48,51,51
일식음식점,세종특별자치시,0,143,147,138
일식음식점,경기도,수원시 장안구,113,112,108
일식음식점,경기도,수원시 권선구,94,93,100
일식음식점,경기도,수원시 팔달구,170,167,171
일식음식점,경기도,수원시 영통구,221,220,198
일식음식점,경기도,성남시 수정구,106,105,101
일식음식점,경기도,성남시 중원구,82,84,82
일식음식점,경기도,성남시 분당구,373,372,367
일식음식점,경기도,의정부시,173,175,164
일식음식점,경기도,안양시 만안구,72,72,65
일식음식점,경기도,안양시 동안구,171,174,168
일식음식점,경기도,부천시 원미구,230,231,249
일식음식점,경기도,부천시 소사구,50,51,46
일식음식점,경기도,부천시 오정구,24,24,27
일식음식점,경기도,광명시,92,95,85
일식음식점,경기도,평택시,255,253,241
일식음식점,경기도,동두천시,25,26,26
일식음식점,경기도,안산시 상록구,74,73,76
일식음식점,경기도,안산시 단원구,180,181,185
일식음식점,경기도,고양시 덕양구,184,188,203
일식음식점,경기도,고양시 일산동구,174,172,172
일식음식점,경기도,고양시 일산서구,69,70,77
일식음식점,경기도,과천시,32,32,23
일식음식점,경기도,구리시,82,85,88
일식음식점,경기도,남양주시,191,195,198
일식음식점,경기도,오산시,78,79,73
일식음식점,경기도,시흥시,167,165,174
일식음식점,경기도,군포시,80,82,84
일식음식점,경기도,의왕시,35,34,38
일식음식점,경기도,하남시,141,146,157
일식음식점,경기도,용인시 처인구,77,76,81
일식음식점,경기도,용인시 기흥구,120,124,123
일식음식점,경기도,용인시 수지구,89,88,93
일식음식점,경기도,파주시,169,170,159
일식음식점,경기도,이천시,71,70,66
일식음식점,경기도,안성시,70,72,68
일식음식점,경기도,김포시,172,172,167
일식음식점,경기도,화성시,0,0,0
일식음식점,경기도,화성시 만세구,86,90,89
일식음식점,경기도,화성시 효행구,30,30,31
일식음식점,경기도,화성시 병점구,40,42,36
일식음식점,경기도,화성시 동탄구,243,241,225
일식음식점,경기도,광주시,128,129,128
일식음식점,경기도,양주시,71,70,74
일식음식점,경기도,포천시,36,35,34
일식음식점,경기도,여주시,41,43,37
일식음식점,경기도,연천군,7,7,7
일식음식점,경기도,가평군,14,15,16
일식음식점,경기도,양평군,33,30,30
일식음식점,충청북도,청주시 상당구,88,88,89
일식음식점,충청북도,청주시 서원구,67,66,66
일식음식점,충청북도,청주시 흥덕구,178,174,150
일식음식점,충청북도,청주시 청원구,105,102,108
일식음식점,충청북도,충주시,65,65,59
일식음식점,충청북도,제천시,36,37,38
일식음식점,충청북도,보은군,4,4,4
일식음식점,충청북도,옥천군,8,7,6
일식음식점,충청북도,영동군,11,12,9
일식음식점,충청북도,증평군,14,14,14
일식음식점,충청북도,진천군,30,31,30
일식음식점,충청북도,괴산군,8,8,8
일식음식점,충청북도,음성군,24,24,24
일식음식점,충청북도,단양군,4,4,4
일식음식점,충청남도,천안시 동남구,103,101,103
일식음식점,충청남도,천안시 서북구,245,247,237
일식음식점,충청남도,공주시,29,27,26
일식음식점,충청남도,보령시,54,54,56
일식음식점,충청남도,아산시,139,142,131
일식음식점,충청남도,서산시,47,48,51
일식음식점,충청남도,논산시,23,22,24
일식음식점,충청남도,계룡시,7,7,8
일식음식점,충청남도,당진시,45,43,44
일식음식점,충청남도,금산군,7,7,6
일식음식점,충청남도,부여군,6,7,6
일식음식점,충청남도,서천군,10,10,10
일식음식점,충청남도,청양군,6,6,7
일식음식점,충청남도,홍성군,107,107,107
일식음식점,충청남도,예산군,13,13,12
일식음식점,충청남도,태안군,39,38,39
일식음식점,경상북도,포항시 남구,82,80,84
일식음식점,경상북도,포항시 북구,90,92,83
일식음식점,경상북도,경주시,81,80,75
일식음식점,경상북도,김천시,48,47,47
일식음식점,경상북도,안동시,54,53,58
일식음식점,경상북도,구미시,141,137,129
일식음식점,경상북도,영주시,21,21,19
일식음식점,경상북도,영천시,9,9,10
일식음식점,경상북도,상주시,26,27,27
일식음식점,경상북도,문경시,8,8,7
일식음식점,경상북도,경산시,61,63,62
일식음식점,경상북도,의성군,7,7,9
일식음식점,경상북도,청송군,0,0,0
일식음식점,경상북도,영양군,0,0,0
일식음식점,경상북도,영덕군,5,5,7
일식음식점,경상북도,청도군,5,6,3
일식음식점,경상북도,고령군,5,5,4
일식음식점,경상북도,성주군,8,8,9
일식음식점,경상북도,칠곡군,14,14,15
일식음식점,경상북도,예천군,12,11,12
일식음식점,경상북도,봉화군,0,0,0
일식음식점,경상북도,울진군,14,14,16
일식음식점,경상북도,울릉군,0,0,0
일식음식점,경상남도,창원시 의창구,57,60,57
일식음식점,경상남도,창원시 성산구,134,131,126
일식음식점,경상남도,창원시 마산합포구,58,56,54
일식음식점,경상남도,창원시 마산회원구,41,40,46
일식음식점,경상남도,창원시 진해구,51,50,49
일식음식점,경상남도,진주시,163,165,171
일식음식점,경상남도,통영시,33,32,38
일식음식점,경상남도,사천시,28,28,25
일식음식점,경상남도,김해시,167,166,162
일식음식점,경상남도,밀양시,12,13,12
일식음식점,경상남도,거제시,77,77,86
일식음식점,경상남도,양산시,101,103,95
일식음식점,경상남도,의령군,0,0,0
일식음식점,경상남도,함안군,6,6,5
일식음식점,경상남도,창녕군,5,5,5
일식음식점,경상남도,고성군,13,13,13
일식음식점,경상남도,남해군,11,10,11
일식음식점,경상남도,하동군,13,13,14
일식음식점,경상남도,산청군,8,8,8
일식음식점,경상남도,함양군,7,7,4
일식음식점,경상남도,거창군,25,25,25
일식음식점,경상남도,합천군,6,6,5
일식음식점,제주특별자치도,제주시,416,413,415
일식음식점,제주특별자치도,서귀포시,169,167,167
일식음식점,강원특별자치도,춘천시,141,141,138
일식음식점,강원특별자치도,원주시,140,143,141
일식음식점,강원특별자치도,강릉시,220,221,229
일식음식점,강원특별자치도,동해시,45,45,47
일식음식점,강원특별자치도,태백시,10,9,11
일식음식점,강원특별자치도,속초시,131,131,137
일식음식점,강원특별자치도,삼척시,60,61,65
일식음식점,강원특별자치도,홍천군,19,19,17
일식음식점,강원특별자치도,횡성군,12,12,11
일식음식점,강원특별자치도,영월군,5,5,6
일식음식점,강원특별자치도,평창군,17,17,18
일식음식점,강원특별자치도,정선군,6,6,6
일식음식점,강원특별자치도,철원군,15,15,15
일식음식점,강원특별자치도,화천군,6,6,6
일식음식점,강원특별자치도,양구군,4,4,5
일식음식점,강원특별자치도,인제군,9,9,10
일식음식점,강원특별자치도,고성군,34,34,37
일식음식점,강원특별자치도,양양군,50,49,51
일식음식점,전북특별자치도,전주시 완산구,186,184,176
일식음식점,전북특별자치도,전주시 덕진구,104,106,105
일식음식점,전북특별자치도,군산시,73,73,66
일식음식점,전북특별자치도,익산시,66,68,72
일식음식점,전북특별자치도,정읍시,35,31,28
일식음식점,전북특별자치도,남원시,28,29,30
일식음식점,전북특별자치도,김제시,14,14,15
일식음식점,전북특별자치도,완주군,24,24,24
일식음식점,전북특별자치도,진안군,3,3,3
일식음식점,전북특별자치도,무주군,0,0,0
일식음식점,전북특별자치도,장수군,3,3,0
일식음식점,전북특별자치도,임실군,3,4,3
일식음식점,전북특별자치도,고창군,11,11,14
일식음식점,전북특별자치도,부안군,20,21,22
제과점,서울특별시,종로구,174,173,153
제과점,서울특별시,중구,168,165,161
제과점,서울특별시,용산구,191,195,176
제과점,서울특별시,성동구,201,196,188
제과점,서울특별시,광진구,178,179,174
제과점,서울특별시,동대문구,159,160,153
제과점,서울특별시,중랑구,141,139,140
제과점,서울특별시,성북구,160,159,146
제과점,서울특별시,강북구,85,85,89
제과점,서울특별시,도봉구,108,107,104
제과점,서울특별시,노원구,192,189,182
제과점,서울특별시,은평구,183,182,181
제과점,서울특별시,서대문구,162,162,163
제과점,서울특별시,마포구,438,439,399
제과점,서울특별시,양천구,174,174,169
제과점,서울특별시,강서구,270,268,256
제과점,서울특별시,구로구,144,142,138
제과점,서울특별시,금천구,95,92,83
제과점,서울특별시,영등포구,226,223,202
제과점,서울특별시,동작구,151,149,140
제과점,서울특별시,관악구,184,182,168
제과점,서울특별시,서초구,269,268,259
제과점,서울특별시,강남구,359,355,353
제과점,서울특별시,송파구,300,301,289
제과점,서울특별시,강동구,223,221,211
제과점,전남광주통합특별시,목포시,98,101,101
제과점,전남광주통합특별시,여수시,123,121,120
제과점,전남광주통합특별시,순천시,153,151,142
제과점,전남광주통합특별시,나주시,49,48,43
제과점,전남광주통합특별시,광양시,70,71,74
제과점,전남광주통합특별시,동구,69,70,65
제과점,전남광주통합특별시,서구,134,133,134
제과점,전남광주통합특별시,남구,76,75,83
제과점,전남광주통합특별시,북구,153,154,154
제과점,전남광주통합특별시,광산구,177,173,165
제과점,전남광주통합특별시,담양군,27,27,27
제과점,전남광주통합특별시,곡성군,8,8,9
제과점,전남광주통합특별시,구례군,19,19,17
제과점,전남광주통합특별시,고흥군,20,21,17
제과점,전남광주통합특별시,보성군,9,10,10
제과점,전남광주통합특별시,화순군,27,27,28
제과점,전남광주통합특별시,장흥군,15,16,13
제과점,전남광주통합특별시,강진군,12,12,11
제과점,전남광주통합특별시,해남군,19,19,19
제과점,전남광주통합특별시,영암군,16,16,15
제과점,전남광주통합특별시,무안군,49,49,45
제과점,전남광주통합특별시,함평군,9,9,7
제과점,전남광주통합특별시,영광군,20,20,19
제과점,전남광주통합특별시,장성군,14,15,10
제과점,전남광주통합특별시,완도군,16,16,16
제과점,전남광주통합특별시,진도군,15,14,14
제과점,전남광주통합특별시,신안군,8,8,8
제과점,부산광역시,중구,52,51,46
제과점,부산광역시,서구,39,39,38
제과점,부산광역시,동구,50,49,40
제과점,부산광역시,영도구,24,23,23
제과점,부산광역시,부산진구,201,196,182
제과점,부산광역시,동래구,135,135,140
제과점,부산광역시,남구,107,105,104
제과점,부산광역시,북구,83,83,83
제과점,부산광역시,해운대구,177,177,165
제과점,부산광역시,사하구,104,103,106
제과점,부산광역시,금정구,103,101,101
제과점,부산광역시,강서구,79,76,79
제과점,부산광역시,연제구,98,97,88
제과점,부산광역시,수영구,171,170,164
제과점,부산광역시,사상구,65,64,63
제과점,부산광역시,기장군,75,73,73
제과점,대구광역시,중구,177,180,164
제과점,대구광역시,동구,153,152,147
제과점,대구광역시,서구,57,55,53
제과점,대구광역시,남구,81,78,79
제과점,대구광역시,북구,180,180,177
제과점,대구광역시,수성구,235,232,232
제과점,대구광역시,달서구,213,211,213
제과점,대구광역시,달성군,93,89,86
제과점,대구광역시,군위군,4,4,7
제과점,인천광역시,제물포구,51,51,53
제과점,인천광역시,영종구,61,61,65
제과점,인천광역시,미추홀구,151,144,141
제과점,인천광역시,연수구,183,183,171
제과점,인천광역시,남동구,181,180,165
제과점,인천광역시,부평구,156,155,146
제과점,인천광역시,계양구,91,94,86
제과점,인천광역시,서구,0,0,0
제과점,인천광역시,서해구,150,151,139
제과점,인천광역시,검단구,97,97,81
제과점,인천광역시,강화군,42,43,45
제과점,인천광역시,옹진군,5,5,5
제과점,대전광역시,동구,94,93,91
제과점,대전광역시,중구,103,102,88
제과점,대전광역시,서구,257,257,239
제과점,대전광역시,유성구,192,189,187
제과점,대전광역시,대덕구,64,62,58
제과점,울산광역시,중구,94,93,94
제과점,울산광역시,남구,197,197,191
제과점,울산광역시,동구,52,52,52
제과점,울산광역시,북구,81,82,81
제과점,울산광역시,울주군,89,88,83
제과점,세종특별자치시,0,169,167,174
제과점,경기도,수원시 장안구,122,121,117
제과점,경기도,수원시 권선구,120,123,123
제과점,경기도,수원시 팔달구,146,147,125
제과점,경기도,수원시 영통구,208,202,193
제과점,경기도,성남시 수정구,93,92,89
제과점,경기도,성남시 중원구,92,92,84
제과점,경기도,성남시 분당구,275,278,264
제과점,경기도,의정부시,192,191,182
제과점,경기도,안양시 만안구,94,93,82
제과점,경기도,안양시 동안구,172,174,164
제과점,경기도,부천시 원미구,218,215,219
제과점,경기도,부천시 소사구,88,85,87
제과점,경기도,부천시 오정구,39,40,41
제과점,경기도,광명시,114,113,108
제과점,경기도,평택시,243,244,225
제과점,경기도,동두천시,36,35,37
제과점,경기도,안산시 상록구,130,128,121
제과점,경기도,안산시 단원구,175,179,164
제과점,경기도,고양시 덕양구,221,219,200
제과점,경기도,고양시 일산동구,191,189,174
제과점,경기도,고양시 일산서구,121,121,117
제과점,경기도,과천시,40,39,37
제과점,경기도,구리시,81,79,79
제과점,경기도,남양주시,304,303,303
제과점,경기도,오산시,92,95,96
제과점,경기도,시흥시,182,182,181
제과점,경기도,군포시,102,101,101
제과점,경기도,의왕시,59,58,55
제과점,경기도,하남시,151,149,156
제과점,경기도,용인시 처인구,126,125,115
제과점,경기도,용인시 기흥구,167,167,171
제과점,경기도,용인시 수지구,151,153,142
제과점,경기도,파주시,212,211,195
제과점,경기도,이천시,98,97,96
제과점,경기도,안성시,76,78,70
제과점,경기도,김포시,210,210,213
제과점,경기도,화성시,0,0,0
제과점,경기도,화성시 만세구,86,83,78
제과점,경기도,화성시 효행구,52,52,50
제과점,경기도,화성시 병점구,46,47,44
제과점,경기도,화성시 동탄구,216,215,198
제과점,경기도,광주시,131,129,129
제과점,경기도,양주시,94,91,89
제과점,경기도,포천시,57,56,55
제과점,경기도,여주시,47,46,44
제과점,경기도,연천군,14,14,13
제과점,경기도,가평군,30,30,28
제과점,경기도,양평군,71,71,67
제과점,충청북도,청주시 상당구,110,109,102
제과점,충청북도,청주시 서원구,85,85,87
제과점,충청북도,청주시 흥덕구,157,154,138
제과점,충청북도,청주시 청원구,103,103,94
제과점,충청북도,충주시,96,96,96
제과점,충청북도,제천시,61,61,59
제과점,충청북도,보은군,11,11,11
제과점,충청북도,옥천군,19,20,17
제과점,충청북도,영동군,11,11,7
제과점,충청북도,증평군,21,21,20
제과점,충청북도,진천군,31,31,33
제과점,충청북도,괴산군,15,15,12
제과점,충청북도,음성군,42,41,41
제과점,충청북도,단양군,18,18,20
제과점,충청남도,천안시 동남구,150,152,148
제과점,충청남도,천안시 서북구,195,198,193
제과점,충청남도,공주시,59,59,52
제과점,충청남도,보령시,52,52,49
제과점,충청남도,아산시,169,170,155
제과점,충청남도,서산시,81,79,75
제과점,충청남도,논산시,52,51,45
제과점,충청남도,계룡시,19,20,19
제과점,충청남도,당진시,75,74,65
제과점,충청남도,금산군,21,22,21
제과점,충청남도,부여군,15,15,14
제과점,충청남도,서천군,13,13,16
제과점,충청남도,청양군,9,9,7
제과점,충청남도,홍성군,42,44,39
제과점,충청남도,예산군,40,41,39
제과점,충청남도,태안군,20,20,20
제과점,경상북도,포항시 남구,113,113,107
제과점,경상북도,포항시 북구,140,140,138
제과점,경상북도,경주시,208,210,200
제과점,경상북도,김천시,65,64,62
제과점,경상북도,안동시,92,91,85
제과점,경상북도,구미시,219,217,184
제과점,경상북도,영주시,46,46,46
제과점,경상북도,영천시,32,33,34
제과점,경상북도,상주시,31,31,29
제과점,경상북도,문경시,32,33,28
제과점,경상북도,경산시,134,136,135
제과점,경상북도,의성군,16,16,17
제과점,경상북도,청송군,10,9,9
제과점,경상북도,영양군,6,6,6
제과점,경상북도,영덕군,15,15,16
제과점,경상북도,청도군,16,16,14
제과점,경상북도,고령군,10,9,9
제과점,경상북도,성주군,13,13,13
제과점,경상북도,칠곡군,41,41,40
제과점,경상북도,예천군,19,18,20
제과점,경상북도,봉화군,9,9,10
제과점,경상북도,울진군,23,24,27
제과점,경상북도,울릉군,3,3,4
제과점,경상남도,창원시 의창구,106,105,91
제과점,경상남도,창원시 성산구,136,135,125
제과점,경상남도,창원시 마산합포구,84,85,80
제과점,경상남도,창원시 마산회원구,68,67,67
제과점,경상남도,창원시 진해구,79,79,72
제과점,경상남도,진주시,224,226,213
제과점,경상남도,통영시,84,82,85
제과점,경상남도,사천시,51,51,52
제과점,경상남도,김해시,231,229,223
제과점,경상남도,밀양시,40,39,37
제과점,경상남도,거제시,119,121,110
제과점,경상남도,양산시,172,174,164
제과점,경상남도,의령군,7,7,7
제과점,경상남도,함안군,24,24,18
제과점,경상남도,창녕군,18,18,18
제과점,경상남도,고성군,16,16,15
제과점,경상남도,남해군,25,25,23
제과점,경상남도,하동군,27,27,26
제과점,경상남도,산청군,12,13,13
제과점,경상남도,함양군,11,10,11
제과점,경상남도,거창군,33,32,32
제과점,경상남도,합천군,7,7,8
제과점,제주특별자치도,제주시,475,462,415
제과점,제주특별자치도,서귀포시,170,171,156
제과점,강원특별자치도,춘천시,176,175,170
제과점,강원특별자치도,원주시,197,196,185
제과점,강원특별자치도,강릉시,165,164,148
제과점,강원특별자치도,동해시,48,46,38
제과점,강원특별자치도,태백시,12,12,11
제과점,강원특별자치도,속초시,90,90,94
제과점,강원특별자치도,삼척시,22,22,22
제과점,강원특별자치도,홍천군,35,35,33
제과점,강원특별자치도,횡성군,17,17,16
제과점,강원특별자치도,영월군,18,18,16
제과점,강원특별자치도,평창군,22,22,23
제과점,강원특별자치도,정선군,17,17,18
제과점,강원특별자치도,철원군,15,15,14
제과점,강원특별자치도,화천군,11,11,11
제과점,강원특별자치도,양구군,11,11,11
제과점,강원특별자치도,인제군,16,15,17
제과점,강원특별자치도,고성군,17,17,18
제과점,강원특별자치도,양양군,14,15,15
제과점,전북특별자치도,전주시 완산구,208,209,202
제과점,전북특별자치도,전주시 덕진구,143,142,133
제과점,전북특별자치도,군산시,106,107,104
제과점,전북특별자치도,익산시,123,122,112
제과점,전북특별자치도,정읍시,37,35,32
제과점,전북특별자치도,남원시,41,40,38
제과점,전북특별자치도,김제시,29,29,26
제과점,전북특별자치도,완주군,30,28,29
제과점,전북특별자치도,진안군,5,5,5
제과점,전북특별자치도,무주군,10,10,11
제과점,전북특별자치도,장수군,6,6,6
제과점,전북특별자치도,임실군,6,6,8
제과점,전북특별자치도,순창군,12,12,10
제과점,전북특별자치도,고창군,15,15,17
제과점,전북특별자치도,부안군,19,20,20
중식음식점,서울특별시,종로구,183,183,172
중식음식점,서울특별시,중구,214,211,222
중식음식점,서울특별시,용산구,125,125,134
중식음식점,서울특별시,성동구,127,129,134
중식음식점,서울특별시,광진구,240,242,235
중식음식점,서울특별시,동대문구,208,209,204
중식음식점,서울특별시,중랑구,106,105,105
중식음식점,서울특별시,성북구,155,153,156
중식음식점,서울특별시,강북구,114,115,116
중식음식점,서울특별시,도봉구,79,80,79
중식음식점,서울특별시,노원구,143,148,151
중식음식점,서울특별시,은평구,135,136,137
중식음식점,서울특별시,서대문구,161,162,164
중식음식점,서울특별시,마포구,304,305,294
중식음식점,서울특별시,양천구,134,137,139
중식음식점,서울특별시,강서구,268,268,255
중식음식점,서울특별시,구로구,350,349,352
중식음식점,서울특별시,금천구,192,194,191
중식음식점,서울특별시,영등포구,541,537,553
중식음식점,서울특별시,동작구,137,139,137
중식음식점,서울특별시,관악구,214,215,223
중식음식점,서울특별시,서초구,218,221,229
중식음식점,서울특별시,강남구,409,403,410
중식음식점,서울특별시,송파구,271,272,269
중식음식점,서울특별시,강동구,153,151,154
중식음식점,전남광주통합특별시,목포시,118,118,122
중식음식점,전남광주통합특별시,여수시,125,127,128
중식음식점,전남광주통합특별시,순천시,154,151,146
중식음식점,전남광주통합특별시,나주시,59,59,59
중식음식점,전남광주통합특별시,광양시,83,84,89
중식음식점,전남광주통합특별시,동구,64,64,65
중식음식점,전남광주통합특별시,서구,115,112,105
중식음식점,전남광주통합특별시,남구,62,62,64
중식음식점,전남광주통합특별시,북구,140,140,142
중식음식점,전남광주통합특별시,광산구,164,161,158
중식음식점,전남광주통합특별시,담양군,30,29,30
중식음식점,전남광주통합특별시,곡성군,24,24,22
중식음식점,전남광주통합특별시,구례군,18,18,19
중식음식점,전남광주통합특별시,고흥군,33,33,35
중식음식점,전남광주통합특별시,보성군,24,24,20
중식음식점,전남광주통합특별시,화순군,32,32,31
중식음식점,전남광주통합특별시,장흥군,13,13,15
중식음식점,전남광주통합특별시,강진군,14,14,14
중식음식점,전남광주통합특별시,해남군,36,35,34
중식음식점,전남광주통합특별시,영암군,56,56,55
중식음식점,전남광주통합특별시,무안군,62,62,61
중식음식점,전남광주통합특별시,함평군,17,17,17
중식음식점,전남광주통합특별시,영광군,31,31,30
중식음식점,전남광주통합특별시,장성군,20,19,19
중식음식점,전남광주통합특별시,완도군,30,30,28
중식음식점,전남광주통합특별시,진도군,16,15,15
중식음식점,전남광주통합특별시,신안군,23,23,26
중식음식점,부산광역시,중구,55,55,53
중식음식점,부산광역시,서구,50,51,51
중식음식점,부산광역시,동구,76,76,84
중식음식점,부산광역시,영도구,56,57,62
중식음식점,부산광역시,부산진구,228,229,221
중식음식점,부산광역시,동래구,136,137,135
중식음식점,부산광역시,남구,130,131,124
중식음식점,부산광역시,북구,108,109,107
중식음식점,부산광역시,해운대구,165,167,179
중식음식점,부산광역시,사하구,144,144,143
중식음식점,부산광역시,금정구,123,124,125
중식음식점,부산광역시,강서구,87,87,81
중식음식점,부산광역시,연제구,96,98,107
중식음식점,부산광역시,수영구,106,107,101
중식음식점,부산광역시,사상구,139,140,146
중식음식점,부산광역시,기장군,104,102,111
중식음식점,대구광역시,중구,106,105,98
중식음식점,대구광역시,동구,168,167,172
중식음식점,대구광역시,서구,91,91,90
중식음식점,대구광역시,남구,84,84,90
중식음식점,대구광역시,북구,215,216,227
중식음식점,대구광역시,수성구,174,173,177
중식음식점,대구광역시,달서구,249,249,256
중식음식점,대구광역시,달성군,123,122,128
중식음식점,대구광역시,군위군,16,16,16
중식음식점,인천광역시,제물포구,95,96,97
중식음식점,인천광역시,영종구,56,55,60
중식음식점,인천광역시,미추홀구,232,234,239
중식음식점,인천광역시,연수구,178,181,172
중식음식점,인천광역시,남동구,252,256,255
중식음식점,인천광역시,부평구,257,262,255
중식음식점,인천광역시,계양구,105,105,104
중식음식점,인천광역시,서구,0,0,0
중식음식점,인천광역시,서해구,183,184,188
중식음식점,인천광역시,검단구,98,97,93
중식음식점,인천광역시,강화군,44,45,45
중식음식점,인천광역시,옹진군,17,17,17
중식음식점,대전광역시,동구,119,122,121
중식음식점,대전광역시,중구,135,134,124
중식음식점,대전광역시,서구,211,214,213
중식음식점,대전광역시,유성구,206,208,207
중식음식점,대전광역시,대덕구,81,81,83
중식음식점,울산광역시,중구,83,83,86
중식음식점,울산광역시,남구,189,191,187
중식음식점,울산광역시,동구,88,86,91
중식음식점,울산광역시,북구,69,68,65
중식음식점,울산광역시,울주군,127,130,135
중식음식점,세종특별자치시,0,196,200,199
중식음식점,경기도,수원시 장안구,114,116,113
중식음식점,경기도,수원시 권선구,149,154,164
중식음식점,경기도,수원시 팔달구,230,229,223
중식음식점,경기도,수원시 영통구,159,158,168
중식음식점,경기도,성남시 수정구,131,134,144
중식음식점,경기도,성남시 중원구,89,91,92
중식음식점,경기도,성남시 분당구,199,200,196
중식음식점,경기도,의정부시,183,185,182
중식음식점,경기도,안양시 만안구,120,119,116
중식음식점,경기도,안양시 동안구,150,148,136
중식음식점,경기도,부천시 원미구,281,280,269
중식음식점,경기도,부천시 소사구,165,166,152
중식음식점,경기도,부천시 오정구,50,51,55
중식음식점,경기도,광명시,97,96,91
중식음식점,경기도,평택시,399,394,394
중식음식점,경기도,동두천시,44,44,44
중식음식점,경기도,안산시 상록구,148,148,152
중식음식점,경기도,안산시 단원구,360,360,351
중식음식점,경기도,고양시 덕양구,197,197,185
중식음식점,경기도,고양시 일산동구,149,146,149
중식음식점,경기도,고양시 일산서구,95,99,102
중식음식점,경기도,과천시,20,21,22
중식음식점,경기도,구리시,80,80,82
중식음식점,경기도,남양주시,266,270,265
중식음식점,경기도,오산시,169,170,164
중식음식점,경기도,시흥시,413,413,407
중식음식점,경기도,군포시,117,118,114
중식음식점,경기도,의왕시,43,42,44
중식음식점,경기도,하남시,110,111,116
중식음식점,경기도,용인시 처인구,155,154,157
중식음식점,경기도,용인시 기흥구,128,129,125
중식음식점,경기도,용인시 수지구,93,94,84
중식음식점,경기도,파주시,246,249,251
중식음식점,경기도,이천시,156,160,152
중식음식점,경기도,안성시,153,153,156
중식음식점,경기도,김포시,222,222,219
중식음식점,경기도,화성시,0,0,0
중식음식점,경기도,화성시 만세구,175,175,189
중식음식점,경기도,화성시 효행구,67,65,63
중식음식점,경기도,화성시 병점구,61,60,54
중식음식점,경기도,화성시 동탄구,183,179,170
중식음식점,경기도,광주시,170,173,168
중식음식점,경기도,양주시,150,148,139
중식음식점,경기도,포천시,121,122,121
중식음식점,경기도,여주시,85,87,86
중식음식점,경기도,연천군,25,25,25
중식음식점,경기도,가평군,36,36,35
중식음식점,경기도,양평군,57,56,55
중식음식점,충청북도,청주시 상당구,118,118,120
중식음식점,충청북도,청주시 서원구,102,101,105
중식음식점,충청북도,청주시 흥덕구,197,198,192
중식음식점,충청북도,청주시 청원구,138,142,139
중식음식점,충청북도,충주시,168,168,175
중식음식점,충청북도,제천시,93,93,94
중식음식점,충청북도,보은군,23,23,25
중식음식점,충청북도,옥천군,28,27,28
중식음식점,충청북도,영동군,28,28,27
중식음식점,충청북도,증평군,27,28,26
중식음식점,충청북도,진천군,62,61,59
중식음식점,충청북도,괴산군,26,26,26
중식음식점,충청북도,음성군,87,88,90
중식음식점,충청북도,단양군,19,20,19
중식음식점,충청남도,천안시 동남구,175,178,166
중식음식점,충청남도,천안시 서북구,236,239,233
중식음식점,충청남도,공주시,89,88,87
중식음식점,충청남도,보령시,77,77,74
중식음식점,충청남도,아산시,274,279,276
중식음식점,충청남도,서산시,118,119,117
중식음식점,충청남도,논산시,85,85,91
중식음식점,충청남도,계룡시,12,12,15
중식음식점,충청남도,당진시,112,110,109
중식음식점,충청남도,금산군,53,52,51
중식음식점,충청남도,부여군,38,37,38
중식음식점,충청남도,서천군,38,39,38
중식음식점,충청남도,청양군,28,28,27
중식음식점,충청남도,홍성군,82,81,73
중식음식점,충청남도,예산군,62,63,60
중식음식점,충청남도,태안군,50,50,46
중식음식점,경상북도,포항시 남구,163,162,159
중식음식점,경상북도,포항시 북구,154,154,149
중식음식점,경상북도,경주시,191,192,197
중식음식점,경상북도,김천시,103,103,100
중식음식점,경상북도,안동시,120,119,125
중식음식점,경상북도,구미시,213,214,214
중식음식점,경상북도,영주시,73,73,73
중식음식점,경상북도,영천시,69,70,72
중식음식점,경상북도,상주시,64,63,67
중식음식점,경상북도,문경시,38,38,42
중식음식점,경상북도,경산시,121,123,126
중식음식점,경상북도,의성군,33,34,31
중식음식점,경상북도,청송군,18,18,20
중식음식점,경상북도,영양군,11,11,12
중식음식점,경상북도,영덕군,34,34,34
중식음식점,경상북도,청도군,23,23,22
중식음식점,경상북도,고령군,20,22,23
중식음식점,경상북도,성주군,43,42,41
중식음식점,경상북도,칠곡군,78,78,81
중식음식점,경상북도,예천군,29,29,35
중식음식점,경상북도,봉화군,16,16,16
중식음식점,경상북도,울진군,38,40,42
중식음식점,경상북도,울릉군,7,7,7
중식음식점,경상남도,창원시 의창구,104,106,103
중식음식점,경상남도,창원시 성산구,116,116,117
중식음식점,경상남도,창원시 마산합포구,97,95,102
중식음식점,경상남도,창원시 마산회원구,88,88,88
중식음식점,경상남도,창원시 진해구,96,97,100
중식음식점,경상남도,진주시,209,211,213
중식음식점,경상남도,통영시,74,75,71
중식음식점,경상남도,사천시,70,72,73
중식음식점,경상남도,김해시,255,256,254
중식음식점,경상남도,밀양시,72,71,71
중식음식점,경상남도,거제시,95,94,92
중식음식점,경상남도,양산시,192,190,198
중식음식점,경상남도,의령군,15,15,14
중식음식점,경상남도,함안군,42,42,44
중식음식점,경상남도,창녕군,47,48,51
중식음식점,경상남도,고성군,31,31,32
중식음식점,경상남도,남해군,29,29,29
중식음식점,경상남도,하동군,24,25,23
중식음식점,경상남도,산청군,22,22,21
중식음식점,경상남도,함양군,28,28,26
중식음식점,경상남도,거창군,49,50,52
중식음식점,경상남도,합천군,28,28,27
중식음식점,제주특별자치도,제주시,307,307,321
중식음식점,제주특별자치도,서귀포시,162,159,151
중식음식점,강원특별자치도,춘천시,193,194,188
중식음식점,강원특별자치도,원주시,235,239,230
중식음식점,강원특별자치도,강릉시,165,163,176
중식음식점,강원특별자치도,동해시,69,70,65
중식음식점,강원특별자치도,태백시,32,32,32
중식음식점,강원특별자치도,속초시,67,67,66
중식음식점,강원특별자치도,삼척시,41,40,37
중식음식점,강원특별자치도,홍천군,58,58,54
중식음식점,강원특별자치도,횡성군,37,37,35
중식음식점,강원특별자치도,영월군,27,27,28
중식음식점,강원특별자치도,평창군,28,28,26
중식음식점,강원특별자치도,정선군,24,24,25
중식음식점,강원특별자치도,철원군,41,40,41
중식음식점,강원특별자치도,화천군,29,30,27
중식음식점,강원특별자치도,양구군,26,26,24
중식음식점,강원특별자치도,인제군,27,27,33
중식음식점,강원특별자치도,고성군,28,29,28
중식음식점,강원특별자치도,양양군,25,25,26
중식음식점,전북특별자치도,전주시 완산구,161,161,157
중식음식점,전북특별자치도,전주시 덕진구,166,167,164
중식음식점,전북특별자치도,군산시,193,193,192
중식음식점,전북특별자치도,익산시,160,161,160
중식음식점,전북특별자치도,정읍시,76,74,77
중식음식점,전북특별자치도,남원시,62,62,63
중식음식점,전북특별자치도,김제시,61,61,58
중식음식점,전북특별자치도,완주군,61,60,62
중식음식점,전북특별자치도,진안군,17,18,19
중식음식점,전북특별자치도,무주군,20,21,20
중식음식점,전북특별자치도,장수군,21,21,21
중식음식점,전북특별자치도,임실군,23,25,23
중식음식점,전북특별자치도,순창군,21,21,21
중식음식점,전북특별자치도,고창군,32,32,31
중식음식점,전북특별자치도,부안군,34,34,36
커피음료점,서울특별시,종로구,784,788,795
커피음료점,서울특별시,중구,760,759,743
커피음료점,서울특별시,용산구,567,568,572
커피음료점,서울특별시,성동구,572,578,601
커피음료점,서울특별시,광진구,634,638,620
커피음료점,서울특별시,동대문구,541,547,555
커피음료점,서울특별시,중랑구,436,438,450
커피음료점,서울특별시,성북구,642,642,625
커피음료점,서울특별시,강북구,384,382,410
커피음료점,서울특별시,도봉구,325,322,322
커피음료점,서울특별시,노원구,520,524,533
커피음료점,서울특별시,은평구,480,482,487
커피음료점,서울특별시,서대문구,462,464,484
커피음료점,서울특별시,마포구,1321,1323,1411
커피음료점,서울특별시,양천구,448,452,454
커피음료점,서울특별시,강서구,846,856,857
커피음료점,서울특별시,구로구,512,508,519
커피음료점,서울특별시,금천구,453,459,479
커피음료점,서울특별시,영등포구,896,897,884
커피음료점,서울특별시,동작구,481,486,503
커피음료점,서울특별시,관악구,628,622,668
커피음료점,서울특별시,서초구,851,854,872
커피음료점,서울특별시,강남구,1376,1378,1379
커피음료점,서울특별시,송파구,1003,1003,1049
커피음료점,서울특별시,강동구,641,638,624
커피음료점,전남광주통합특별시,목포시,447,448,457
커피음료점,전남광주통합특별시,여수시,616,617,605
커피음료점,전남광주통합특별시,순천시,673,667,656
커피음료점,전남광주통합특별시,나주시,274,275,275
커피음료점,전남광주통합특별시,광양시,274,282,293
커피음료점,전남광주통합특별시,동구,434,431,438
커피음료점,전남광주통합특별시,서구,557,557,532
커피음료점,전남광주통합특별시,남구,331,329,333
커피음료점,전남광주통합특별시,북구,751,752,786
커피음료점,전남광주통합특별시,광산구,651,650,658
커피음료점,전남광주통합특별시,담양군,209,211,207
커피음료점,전남광주통합특별시,곡성군,61,61,56
커피음료점,전남광주통합특별시,구례군,78,80,80
커피음료점,전남광주통합특별시,고흥군,90,90,87
커피음료점,전남광주통합특별시,보성군,59,59,61
커피음료점,전남광주통합특별시,화순군,165,166,165
커피음료점,전남광주통합특별시,장흥군,69,69,69
커피음료점,전남광주통합특별시,강진군,79,79,74
커피음료점,전남광주통합특별시,해남군,137,135,141
커피음료점,전남광주통합특별시,영암군,83,81,72
커피음료점,전남광주통합특별시,무안군,209,207,207
커피음료점,전남광주통합특별시,함평군,58,58,52
커피음료점,전남광주통합특별시,영광군,91,89,84
커피음료점,전남광주통합특별시,장성군,101,101,97
커피음료점,전남광주통합특별시,완도군,102,102,104
커피음료점,전남광주통합특별시,진도군,87,90,81
커피음료점,전남광주통합특별시,신안군,43,42,41
커피음료점,부산광역시,중구,245,243,252
커피음료점,부산광역시,서구,190,189,199
커피음료점,부산광역시,동구,188,183,189
커피음료점,부산광역시,영도구,162,161,167
커피음료점,부산광역시,부산진구,727,734,745
커피음료점,부산광역시,동래구,427,427,433
커피음료점,부산광역시,남구,342,343,342
커피음료점,부산광역시,북구,262,264,267
커피음료점,부산광역시,해운대구,536,537,565
커피음료점,부산광역시,사하구,350,353,376
커피음료점,부산광역시,금정구,376,376,389
커피음료점,부산광역시,강서구,337,341,333
커피음료점,부산광역시,연제구,340,343,357
커피음료점,부산광역시,수영구,388,387,400
커피음료점,부산광역시,사상구,292,303,300
커피음료점,부산광역시,기장군,397,396,397
커피음료점,대구광역시,중구,607,600,621
커피음료점,대구광역시,동구,557,560,576
커피음료점,대구광역시,서구,243,240,233
커피음료점,대구광역시,남구,317,320,345
커피음료점,대구광역시,북구,652,654,683
커피음료점,대구광역시,수성구,748,754,789
커피음료점,대구광역시,달서구,802,798,837
커피음료점,대구광역시,달성군,364,368,391
커피음료점,대구광역시,군위군,72,72,71
커피음료점,인천광역시,제물포구,248,246,246
커피음료점,인천광역시,영종구,259,267,258
커피음료점,인천광역시,미추홀구,564,567,603
커피음료점,인천광역시,연수구,569,570,567
커피음료점,인천광역시,남동구,751,756,755
커피음료점,인천광역시,부평구,621,625,638
커피음료점,인천광역시,계양구,332,336,341
커피음료점,인천광역시,서구,3,5,5
커피음료점,인천광역시,서해구,657,645,686
커피음료점,인천광역시,검단구,262,264,258
커피음료점,인천광역시,강화군,257,263,265
커피음료점,인천광역시,옹진군,59,59,59
커피음료점,대전광역시,동구,437,437,445
커피음료점,대전광역시,중구,492,496,504
커피음료점,대전광역시,서구,926,923,967
커피음료점,대전광역시,유성구,860,853,899
커피음료점,대전광역시,대덕구,259,265,284
커피음료점,울산광역시,중구,322,327,331
커피음료점,울산광역시,남구,713,711,734
커피음료점,울산광역시,동구,225,224,229
커피음료점,울산광역시,북구,289,287,303
커피음료점,울산광역시,울주군,445,444,453
커피음료점,세종특별자치시,0,659,657,660
커피음료점,경기도,수원시 장안구,396,391,412
커피음료점,경기도,수원시 권선구,431,428,447
커피음료점,경기도,수원시 팔달구,571,575,586
커피음료점,경기도,수원시 영통구,630,633,651
커피음료점,경기도,성남시 수정구,380,377,386
커피음료점,경기도,성남시 중원구,254,254,269
커피음료점,경기도,성남시 분당구,780,777,769
커피음료점,경기도,의정부시,605,601,619
커피음료점,경기도,안양시 만안구,380,382,383
커피음료점,경기도,안양시 동안구,513,507,516
커피음료점,경기도,부천시 원미구,651,652,675
커피음료점,경기도,부천시 소사구,238,241,253
커피음료점,경기도,부천시 오정구,162,161,166
커피음료점,경기도,광명시,336,336,333
커피음료점,경기도,평택시,1027,1038,1061
커피음료점,경기도,동두천시,137,137,150
커피음료점,경기도,안산시 상록구,355,353,371
커피음료점,경기도,안산시 단원구,595,598,608
커피음료점,경기도,고양시 덕양구,571,562,576
커피음료점,경기도,고양시 일산동구,548,553,575
커피음료점,경기도,고양시 일산서구,327,329,328
커피음료점,경기도,과천시,151,152,142
커피음료점,경기도,구리시,277,275,283
커피음료점,경기도,남양주시,911,908,959
커피음료점,경기도,오산시,374,374,373
커피음료점,경기도,시흥시,741,749,757
커피음료점,경기도,군포시,334,332,343
커피음료점,경기도,의왕시,214,209,224
커피음료점,경기도,하남시,424,428,457
커피음료점,경기도,용인시 처인구,510,504,509
커피음료점,경기도,용인시 기흥구,504,501,502
커피음료점,경기도,용인시 수지구,355,353,366
커피음료점,경기도,파주시,817,816,793
커피음료점,경기도,이천시,356,359,362
커피음료점,경기도,안성시,365,369,391
커피음료점,경기도,김포시,754,750,776
커피음료점,경기도,화성시,0,0,0
커피음료점,경기도,화성시 만세구,477,479,503
커피음료점,경기도,화성시 효행구,194,198,203
커피음료점,경기도,화성시 병점구,192,193,188
커피음료점,경기도,화성시 동탄구,662,661,646
커피음료점,경기도,광주시,549,543,537
커피음료점,경기도,양주시,349,346,330
커피음료점,경기도,포천시,332,329,321
커피음료점,경기도,여주시,234,231,230
커피음료점,경기도,연천군,61,59,60
커피음료점,경기도,가평군,188,190,193
커피음료점,경기도,양평군,295,294,303
커피음료점,충청북도,청주시 상당구,416,414,410
커피음료점,충청북도,청주시 서원구,293,290,302
커피음료점,충청북도,청주시 흥덕구,486,487,488
커피음료점,충청북도,청주시 청원구,319,317,331
커피음료점,충청북도,충주시,422,427,414
커피음료점,충청북도,제천시,278,277,285
커피음료점,충청북도,보은군,67,68,70
커피음료점,충청북도,옥천군,82,84,79
커피음료점,충청북도,영동군,151,150,143
커피음료점,충청북도,증평군,79,78,81
커피음료점,충청북도,진천군,216,215,212
커피음료점,충청북도,괴산군,81,80,76
커피음료점,충청북도,음성군,223,223,217
커피음료점,충청북도,단양군,69,69,71
커피음료점,충청남도,천안시 동남구,512,521,533
커피음료점,충청남도,천안시 서북구,599,602,622
커피음료점,충청남도,공주시,320,319,323
커피음료점,충청남도,보령시,216,216,213
커피음료점,충청남도,아산시,613,607,590
커피음료점,충청남도,서산시,338,342,346
커피음료점,충청남도,논산시,261,262,263
커피음료점,충청남도,계룡시,72,72,80
커피음료점,충청남도,당진시,233,234,251
커피음료점,충청남도,금산군,101,103,105
커피음료점,충청남도,부여군,124,126,122
커피음료점,충청남도,서천군,100,102,98
커피음료점,충청남도,청양군,62,63,57
커피음료점,충청남도,홍성군,232,233,230
커피음료점,충청남도,예산군,205,204,207
커피음료점,충청남도,태안군,143,144,143
커피음료점,경상북도,포항시 남구,556,547,546
커피음료점,경상북도,포항시 북구,654,654,650
커피음료점,경상북도,경주시,846,842,860
커피음료점,경상북도,김천시,231,232,239
커피음료점,경상북도,안동시,366,371,378
커피음료점,경상북도,구미시,722,728,733
커피음료점,경상북도,영주시,195,196,189
커피음료점,경상북도,영천시,204,206,207
커피음료점,경상북도,상주시,243,234,236
커피음료점,경상북도,문경시,150,152,145
커피음료점,경상북도,경산시,521,519,534
커피음료점,경상북도,의성군,138,136,136
커피음료점,경상북도,청송군,151,150,143
커피음료점,경상북도,영양군,45,45,49
커피음료점,경상북도,영덕군,136,136,136
커피음료점,경상북도,청도군,179,178,178
커피음료점,경상북도,고령군,56,57,55
커피음료점,경상북도,성주군,170,169,162
커피음료점,경상북도,칠곡군,207,206,193
커피음료점,경상북도,예천군,117,118,120
커피음료점,경상북도,봉화군,77,77,77
커피음료점,경상북도,울진군,150,152,157
커피음료점,경상북도,울릉군,24,24,27
커피음료점,경상남도,창원시 의창구,374,376,384
커피음료점,경상남도,창원시 성산구,498,495,504
커피음료점,경상남도,창원시 마산합포구,351,352,347
커피음료점,경상남도,창원시 마산회원구,281,282,296
커피음료점,경상남도,창원시 진해구,337,340,345
커피음료점,경상남도,진주시,774,780,788
커피음료점,경상남도,통영시,249,248,249
커피음료점,경상남도,사천시,230,233,225
커피음료점,경상남도,김해시,911,906,913
커피음료점,경상남도,밀양시,272,276,285
커피음료점,경상남도,거제시,351,350,347
커피음료점,경상남도,양산시,655,653,687
커피음료점,경상남도,의령군,73,72,67
커피음료점,경상남도,함안군,112,112,117
커피음료점,경상남도,창녕군,157,157,151
커피음료점,경상남도,고성군,102,101,95
커피음료점,경상남도,남해군,114,114,116
커피음료점,경상남도,하동군,126,126,127
커피음료점,경상남도,산청군,89,89,82
커피음료점,경상남도,함양군,79,78,72
커피음료점,경상남도,거창군,116,113,111
커피음료점,경상남도,합천군,76,75,76
커피음료점,제주특별자치도,제주시,1459,1462,1500
커피음료점,제주특별자치도,서귀포시,660,661,666
커피음료점,강원특별자치도,춘천시,628,623,632
커피음료점,강원특별자치도,원주시,752,745,750
커피음료점,강원특별자치도,강릉시,707,704,688
커피음료점,강원특별자치도,동해시,204,203,186
커피음료점,강원특별자치도,태백시,71,73,70
커피음료점,강원특별자치도,속초시,259,259,253
커피음료점,강원특별자치도,삼척시,156,154,144
커피음료점,강원특별자치도,홍천군,160,156,156
커피음료점,강원특별자치도,횡성군,113,113,108
커피음료점,강원특별자치도,영월군,58,59,61
커피음료점,강원특별자치도,평창군,117,119,113
커피음료점,강원특별자치도,정선군,99,98,96
커피음료점,강원특별자치도,철원군,100,101,100
커피음료점,강원특별자치도,화천군,42,41,40
커피음료점,강원특별자치도,양구군,38,37,39
커피음료점,강원특별자치도,인제군,69,71,63
커피음료점,강원특별자치도,고성군,113,112,111
커피음료점,강원특별자치도,양양군,106,107,107
커피음료점,전북특별자치도,전주시 완산구,872,876,910
커피음료점,전북특별자치도,전주시 덕진구,693,690,673
커피음료점,전북특별자치도,군산시,607,606,597
커피음료점,전북특별자치도,익산시,508,504,509
커피음료점,전북특별자치도,정읍시,203,197,194
커피음료점,전북특별자치도,남원시,203,203,198
커피음료점,전북특별자치도,김제시,134,134,128
커피음료점,전북특별자치도,완주군,244,246,246
커피음료점,전북특별자치도,진안군,50,49,46
커피음료점,전북특별자치도,무주군,53,53,50
커피음료점,전북특별자치도,장수군,35,35,38
커피음료점,전북특별자치도,임실군,51,49,44
커피음료점,전북특별자치도,순창군,53,53,54
커피음료점,전북특별자치도,고창군,105,105,94
커피음료점,전북특별자치도,부안군,113,111,113
패스트푸드점,서울특별시,종로구,206,206,218
패스트푸드점,서울특별시,중구,217,217,220
패스트푸드점,서울특별시,용산구,202,201,196
패스트푸드점,서울특별시,성동구,254,258,261
패스트푸드점,서울특별시,광진구,294,296,297
패스트푸드점,서울특별시,동대문구,274,277,273
패스트푸드점,서울특별시,중랑구,250,253,263
패스트푸드점,서울특별시,성북구,286,285,299
패스트푸드점,서울특별시,강북구,192,201,201
패스트푸드점,서울특별시,도봉구,188,189,183
패스트푸드점,서울특별시,노원구,332,326,329
패스트푸드점,서울특별시,은평구,309,309,318
패스트푸드점,서울특별시,서대문구,221,222,222
패스트푸드점,서울특별시,마포구,373,379,362
패스트푸드점,서울특별시,양천구,292,292,283
패스트푸드점,서울특별시,강서구,380,386,398
패스트푸드점,서울특별시,구로구,310,316,309
패스트푸드점,서울특별시,금천구,214,214,220
패스트푸드점,서울특별시,영등포구,394,396,394
패스트푸드점,서울특별시,동작구,289,288,287
패스트푸드점,서울특별시,관악구,336,338,331
패스트푸드점,서울특별시,서초구,347,351,338
패스트푸드점,서울특별시,강남구,562,558,574
패스트푸드점,서울특별시,송파구,500,504,508
패스트푸드점,서울특별시,강동구,367,363,352
패스트푸드점,전남광주통합특별시,목포시,242,246,253
패스트푸드점,전남광주통합특별시,여수시,255,254,243
패스트푸드점,전남광주통합특별시,순천시,298,297,294
패스트푸드점,전남광주통합특별시,나주시,136,139,141
패스트푸드점,전남광주통합특별시,광양시,193,193,187
패스트푸드점,전남광주통합특별시,동구,115,113,119
패스트푸드점,전남광주통합특별시,서구,276,277,280
패스트푸드점,전남광주통합특별시,남구,190,193,189
패스트푸드점,전남광주통합특별시,북구,397,407,426
패스트푸드점,전남광주통합특별시,광산구,412,412,397
패스트푸드점,전남광주통합특별시,담양군,36,34,33
패스트푸드점,전남광주통합특별시,곡성군,23,23,24
패스트푸드점,전남광주통합특별시,구례군,22,23,23
패스트푸드점,전남광주통합특별시,고흥군,43,44,43
패스트푸드점,전남광주통합특별시,보성군,31,33,34
패스트푸드점,전남광주통합특별시,화순군,52,51,54
패스트푸드점,전남광주통합특별시,장흥군,31,30,30
패스트푸드점,전남광주통합특별시,강진군,27,27,27
패스트푸드점,전남광주통합특별시,해남군,70,71,69
패스트푸드점,전남광주통합특별시,영암군,62,63,65
패스트푸드점,전남광주통합특별시,무안군,104,105,108
패스트푸드점,전남광주통합특별시,함평군,18,19,18
패스트푸드점,전남광주통합특별시,영광군,56,56,46
패스트푸드점,전남광주통합특별시,장성군,38,38,38
패스트푸드점,전남광주통합특별시,완도군,39,40,40
패스트푸드점,전남광주통합특별시,진도군,25,25,27
패스트푸드점,전남광주통합특별시,신안군,18,18,16
패스트푸드점,부산광역시,중구,60,61,60
패스트푸드점,부산광역시,서구,97,93,90
패스트푸드점,부산광역시,동구,88,89,83
패스트푸드점,부산광역시,영도구,80,79,82
패스트푸드점,부산광역시,부산진구,325,325,329
패스트푸드점,부산광역시,동래구,222,224,235
패스트푸드점,부산광역시,남구,222,218,233
패스트푸드점,부산광역시,북구,219,219,236
패스트푸드점,부산광역시,해운대구,306,307,311
패스트푸드점,부산광역시,사하구,230,231,247
패스트푸드점,부산광역시,금정구,169,169,175
패스트푸드점,부산광역시,강서구,168,170,166
패스트푸드점,부산광역시,연제구,173,176,175
패스트푸드점,부산광역시,수영구,148,151,156
패스트푸드점,부산광역시,사상구,171,171,174
패스트푸드점,부산광역시,기장군,172,176,175
패스트푸드점,대구광역시,중구,110,111,104
패스트푸드점,대구광역시,동구,249,250,236
패스트푸드점,대구광역시,서구,121,121,121
패스트푸드점,대구광역시,남구,118,120,124
패스트푸드점,대구광역시,북구,331,334,356
패스트푸드점,대구광역시,수성구,294,291,296
패스트푸드점,대구광역시,달서구,390,383,397
패스트푸드점,대구광역시,달성군,222,221,227
패스트푸드점,대구광역시,군위군,9,9,9
패스트푸드점,인천광역시,제물포구,85,83,82
패스트푸드점,인천광역시,영종구,102,104,106
패스트푸드점,인천광역시,미추홀구,305,304,299
패스트푸드점,인천광역시,연수구,301,300,298
패스트푸드점,인천광역시,남동구,420,420,421
패스트푸드점,인천광역시,부평구,310,310,318
패스트푸드점,인천광역시,계양구,213,214,213
패스트푸드점,인천광역시,서해구,347,350,344
패스트푸드점,인천광역시,검단구,210,215,190
패스트푸드점,인천광역시,강화군,67,65,64
패스트푸드점,인천광역시,옹진군,25,26,23
패스트푸드점,대전광역시,동구,186,189,205
패스트푸드점,대전광역시,중구,198,200,192
패스트푸드점,대전광역시,서구,401,408,396
패스트푸드점,대전광역시,유성구,363,364,365
패스트푸드점,대전광역시,대덕구,139,141,146
패스트푸드점,울산광역시,중구,167,165,172
패스트푸드점,울산광역시,남구,344,348,351
패스트푸드점,울산광역시,동구,134,133,140
패스트푸드점,울산광역시,북구,194,192,203
패스트푸드점,울산광역시,울주군,217,216,221
패스트푸드점,세종특별자치시,0,403,412,397
패스트푸드점,경기도,수원시 장안구,207,206,215
패스트푸드점,경기도,수원시 권선구,288,288,282
패스트푸드점,경기도,수원시 팔달구,201,202,194
패스트푸드점,경기도,수원시 영통구,311,308,296
패스트푸드점,경기도,성남시 수정구,190,193,204
패스트푸드점,경기도,성남시 중원구,154,153,153
패스트푸드점,경기도,성남시 분당구,372,375,388
패스트푸드점,경기도,의정부시,369,370,350
패스트푸드점,경기도,안양시 만안구,169,167,154
패스트푸드점,경기도,안양시 동안구,243,240,233
패스트푸드점,경기도,부천시 원미구,335,339,337
패스트푸드점,경기도,부천시 소사구,141,144,149
패스트푸드점,경기도,부천시 오정구,96,94,95
패스트푸드점,경기도,광명시,169,169,167
패스트푸드점,경기도,평택시,604,602,596
패스트푸드점,경기도,동두천시,91,91,96
패스트푸드점,경기도,안산시 상록구,225,223,227
패스트푸드점,경기도,안산시 단원구,266,268,271
패스트푸드점,경기도,고양시 덕양구,378,383,371
패스트푸드점,경기도,고양시 일산동구,243,239,258
패스트푸드점,경기도,고양시 일산서구,189,194,206
패스트푸드점,경기도,과천시,49,49,47
패스트푸드점,경기도,구리시,177,175,192
패스트푸드점,경기도,남양주시,570,565,585
패스트푸드점,경기도,오산시,248,250,245
패스트푸드점,경기도,시흥시,384,384,368
패스트푸드점,경기도,군포시,197,199,198
패스트푸드점,경기도,의왕시,82,80,84
패스트푸드점,경기도,하남시,282,283,272
패스트푸드점,경기도,용인시 처인구,261,267,272
패스트푸드점,경기도,용인시 기흥구,279,281,282
패스트푸드점,경기도,용인시 수지구,215,218,232
패스트푸드점,경기도,파주시,486,488,492
패스트푸드점,경기도,이천시,197,195,178
패스트푸드점,경기도,안성시,184,185,187
패스트푸드점,경기도,김포시,438,442,447
패스트푸드점,경기도,화성시,0,0,0
패스트푸드점,경기도,화성시 만세구,240,243,247
패스트푸드점,경기도,화성시 효행구,141,140,135
패스트푸드점,경기도,화성시 병점구,126,127,117
패스트푸드점,경기도,화성시 동탄구,404,403,391
패스트푸드점,경기도,광주시,356,362,354
패스트푸드점,경기도,양주시,282,282,271
패스트푸드점,경기도,포천시,166,166,153
패스트푸드점,경기도,여주시,138,134,135
패스트푸드점,경기도,연천군,39,41,41
패스트푸드점,경기도,가평군,92,92,94
패스트푸드점,경기도,양평군,104,105,97
패스트푸드점,충청북도,청주시 상당구,174,169,187
패스트푸드점,충청북도,청주시 서원구,184,185,186
패스트푸드점,충청북도,청주시 흥덕구,332,337,341
패스트푸드점,충청북도,청주시 청원구,238,235,231
패스트푸드점,충청북도,충주시,259,256,247
패스트푸드점,충청북도,제천시,177,175,183
패스트푸드점,충청북도,보은군,28,29,28
패스트푸드점,충청북도,옥천군,51,51,54
패스트푸드점,충청북도,영동군,46,46,50
패스트푸드점,충청북도,증평군,53,54,57
패스트푸드점,충청북도,진천군,127,128,125
패스트푸드점,충청북도,괴산군,37,39,40
패스트푸드점,충청북도,음성군,155,157,157
패스트푸드점,충청북도,단양군,28,27,26
패스트푸드점,충청남도,천안시 동남구,298,300,301
패스트푸드점,충청남도,천안시 서북구,483,483,499
패스트푸드점,충청남도,공주시,101,100,104
패스트푸드점,충청남도,보령시,105,104,106
패스트푸드점,충청남도,아산시,468,466,477
패스트푸드점,충청남도,서산시,212,214,211
패스트푸드점,충청남도,논산시,111,111,111
패스트푸드점,충청남도,계룡시,56,56,60
패스트푸드점,충청남도,당진시,166,165,168
패스트푸드점,충청남도,금산군,58,57,59
패스트푸드점,충청남도,부여군,46,46,47
패스트푸드점,충청남도,서천군,42,42,38
패스트푸드점,충청남도,청양군,29,28,27
패스트푸드점,충청남도,홍성군,152,148,137
패스트푸드점,충청남도,예산군,86,89,89
패스트푸드점,충청남도,태안군,78,78,82
패스트푸드점,경상북도,포항시 남구,266,268,268
패스트푸드점,경상북도,포항시 북구,288,292,291
패스트푸드점,경상북도,경주시,324,325,333
패스트푸드점,경상북도,김천시,119,118,120
패스트푸드점,경상북도,안동시,174,173,182
패스트푸드점,경상북도,구미시,427,423,441
패스트푸드점,경상북도,영주시,91,92,101
패스트푸드점,경상북도,영천시,53,55,58
패스트푸드점,경상북도,상주시,54,52,53
패스트푸드점,경상북도,문경시,58,59,56
패스트푸드점,경상북도,경산시,268,267,260
패스트푸드점,경상북도,의성군,42,42,44
패스트푸드점,경상북도,청송군,24,24,25
패스트푸드점,경상북도,영양군,11,11,10
패스트푸드점,경상북도,영덕군,33,33,32
패스트푸드점,경상북도,청도군,24,24,26
패스트푸드점,경상북도,고령군,23,22,22
패스트푸드점,경상북도,성주군,41,41,37
패스트푸드점,경상북도,칠곡군,104,104,115
패스트푸드점,경상북도,예천군,70,70,71
패스트푸드점,경상북도,봉화군,24,25,24
패스트푸드점,경상북도,울진군,66,66,71
패스트푸드점,경상북도,울릉군,13,13,13
패스트푸드점,경상남도,창원시 의창구,183,182,189
패스트푸드점,경상남도,창원시 성산구,235,236,242
패스트푸드점,경상남도,창원시 마산합포구,168,167,175
패스트푸드점,경상남도,창원시 마산회원구,156,156,162
패스트푸드점,경상남도,창원시 진해구,207,209,210
패스트푸드점,경상남도,진주시,349,352,385
패스트푸드점,경상남도,통영시,139,139,155
패스트푸드점,경상남도,사천시,110,112,117
패스트푸드점,경상남도,김해시,573,572,576
패스트푸드점,경상남도,밀양시,106,108,110
패스트푸드점,경상남도,거제시,270,273,275
패스트푸드점,경상남도,양산시,403,400,414
패스트푸드점,경상남도,의령군,16,16,18
패스트푸드점,경상남도,함안군,63,64,60
패스트푸드점,경상남도,창녕군,69,70,67
패스트푸드점,경상남도,고성군,33,33,36
패스트푸드점,경상남도,남해군,59,59,61
패스트푸드점,경상남도,하동군,51,51,52
패스트푸드점,경상남도,산청군,27,26,29
패스트푸드점,경상남도,함양군,44,44,48
패스트푸드점,경상남도,거창군,72,73,77
패스트푸드점,경상남도,합천군,41,41,38
패스트푸드점,제주특별자치도,제주시,529,529,551
패스트푸드점,제주특별자치도,서귀포시,265,265,255
패스트푸드점,강원특별자치도,춘천시,372,374,387
패스트푸드점,강원특별자치도,원주시,447,450,457
패스트푸드점,강원특별자치도,강릉시,281,280,273
패스트푸드점,강원특별자치도,동해시,121,120,113
패스트푸드점,강원특별자치도,태백시,55,55,58
패스트푸드점,강원특별자치도,속초시,126,127,126
패스트푸드점,강원특별자치도,삼척시,96,96,100
패스트푸드점,강원특별자치도,홍천군,72,72,79
패스트푸드점,강원특별자치도,횡성군,45,45,47
패스트푸드점,강원특별자치도,영월군,29,29,31
패스트푸드점,강원특별자치도,평창군,90,91,85
패스트푸드점,강원특별자치도,정선군,56,57,58
패스트푸드점,강원특별자치도,철원군,58,59,62
패스트푸드점,강원특별자치도,화천군,50,51,50
패스트푸드점,강원특별자치도,양구군,46,47,48
패스트푸드점,강원특별자치도,인제군,60,59,62
패스트푸드점,강원특별자치도,고성군,46,46,46
패스트푸드점,강원특별자치도,양양군,58,57,54
패스트푸드점,전북특별자치도,전주시 완산구,368,376,382
패스트푸드점,전북특별자치도,전주시 덕진구,367,366,386
패스트푸드점,전북특별자치도,군산시,276,274,275
패스트푸드점,전북특별자치도,익산시,259,258,261
패스트푸드점,전북특별자치도,정읍시,103,102,102
패스트푸드점,전북특별자치도,남원시,77,78,77
패스트푸드점,전북특별자치도,김제시,111,111,120
패스트푸드점,전북특별자치도,완주군,100,100,104
패스트푸드점,전북특별자치도,진안군,15,15,16
패스트푸드점,전북특별자치도,무주군,39,40,40
패스트푸드점,전북특별자치도,장수군,20,21,20
패스트푸드점,전북특별자치도,임실군,18,18,17
패스트푸드점,전북특별자치도,순창군,21,22,22
패스트푸드점,전북특별자치도,고창군,52,53,53
패스트푸드점,전북특별자치도,부안군,59,62,60
펜션ㆍ게스트하우스,서울특별시,종로구,443,427,280
펜션ㆍ게스트하우스,서울특별시,중구,315,305,260
펜션ㆍ게스트하우스,서울특별시,용산구,240,235,180
펜션ㆍ게스트하우스,서울특별시,성동구,85,75,45
펜션ㆍ게스트하우스,서울특별시,광진구,91,84,57
펜션ㆍ게스트하우스,서울특별시,동대문구,65,63,35
펜션ㆍ게스트하우스,서울특별시,중랑구,22,22,8
펜션ㆍ게스트하우스,서울특별시,성북구,64,63,42
펜션ㆍ게스트하우스,서울특별시,강북구,16,16,5
펜션ㆍ게스트하우스,서울특별시,도봉구,13,11,7
펜션ㆍ게스트하우스,서울특별시,노원구,8,9,4
펜션ㆍ게스트하우스,서울특별시,은평구,68,61,41
펜션ㆍ게스트하우스,서울특별시,서대문구,113,110,84
펜션ㆍ게스트하우스,서울특별시,마포구,874,873,688
펜션ㆍ게스트하우스,서울특별시,양천구,26,26,16
펜션ㆍ게스트하우스,서울특별시,강서구,68,64,42
펜션ㆍ게스트하우스,서울특별시,구로구,33,31,23
펜션ㆍ게스트하우스,서울특별시,금천구,10,10,6
펜션ㆍ게스트하우스,서울특별시,영등포구,58,54,54
펜션ㆍ게스트하우스,서울특별시,동작구,35,34,12
펜션ㆍ게스트하우스,서울특별시,관악구,104,104,86
펜션ㆍ게스트하우스,서울특별시,서초구,251,247,240
펜션ㆍ게스트하우스,서울특별시,강남구,147,140,56
펜션ㆍ게스트하우스,서울특별시,송파구,93,95,56
펜션ㆍ게스트하우스,서울특별시,강동구,79,78,43
펜션ㆍ게스트하우스,전남광주통합특별시,목포시,104,99,83
펜션ㆍ게스트하우스,전남광주통합특별시,여수시,694,693,663
펜션ㆍ게스트하우스,전남광주통합특별시,순천시,165,165,160
펜션ㆍ게스트하우스,전남광주통합특별시,나주시,59,59,57
펜션ㆍ게스트하우스,전남광주통합특별시,광양시,66,64,62
펜션ㆍ게스트하우스,전남광주통합특별시,동구,20,20,13
펜션ㆍ게스트하우스,전남광주통합특별시,서구,28,27,16
펜션ㆍ게스트하우스,전남광주통합특별시,남구,7,7,5
펜션ㆍ게스트하우스,전남광주통합특별시,북구,24,24,14
펜션ㆍ게스트하우스,전남광주통합특별시,광산구,14,13,10
펜션ㆍ게스트하우스,전남광주통합특별시,담양군,223,223,205
펜션ㆍ게스트하우스,전남광주통합특별시,곡성군,44,43,39
펜션ㆍ게스트하우스,전남광주통합특별시,구례군,136,138,130
펜션ㆍ게스트하우스,전남광주통합특별시,고흥군,132,132,121
펜션ㆍ게스트하우스,전남광주통합특별시,보성군,57,57,55
펜션ㆍ게스트하우스,전남광주통합특별시,화순군,46,46,41
펜션ㆍ게스트하우스,전남광주통합특별시,장흥군,40,39,36
펜션ㆍ게스트하우스,전남광주통합특별시,강진군,109,109,101
펜션ㆍ게스트하우스,전남광주통합특별시,해남군,83,83,75
펜션ㆍ게스트하우스,전남광주통합특별시,영암군,38,38,32
펜션ㆍ게스트하우스,전남광주통합특별시,무안군,65,65,62
펜션ㆍ게스트하우스,전남광주통합특별시,함평군,42,42,43
펜션ㆍ게스트하우스,전남광주통합특별시,영광군,60,60,58
펜션ㆍ게스트하우스,전남광주통합특별시,장성군,77,77,73
펜션ㆍ게스트하우스,전남광주통합특별시,완도군,147,146,138
펜션ㆍ게스트하우스,전남광주통합특별시,진도군,71,71,65
펜션ㆍ게스트하우스,전남광주통합특별시,신안군,170,170,172
펜션ㆍ게스트하우스,부산광역시,중구,56,53,26
펜션ㆍ게스트하우스,부산광역시,서구,24,24,21
펜션ㆍ게스트하우스,부산광역시,동구,46,43,26
펜션ㆍ게스트하우스,부산광역시,영도구,47,45,26
펜션ㆍ게스트하우스,부산광역시,부산진구,91,89,49
펜션ㆍ게스트하우스,부산광역시,동래구,9,8,7
펜션ㆍ게스트하우스,부산광역시,남구,14,14,9
펜션ㆍ게스트하우스,부산광역시,북구,0,0,0
펜션ㆍ게스트하우스,부산광역시,해운대구,311,312,291
펜션ㆍ게스트하우스,부산광역시,사하구,12,12,7
펜션ㆍ게스트하우스,부산광역시,금정구,7,7,4
펜션ㆍ게스트하우스,부산광역시,강서구,33,33,29
펜션ㆍ게스트하우스,부산광역시,연제구,13,13,6
펜션ㆍ게스트하우스,부산광역시,수영구,357,343,236
펜션ㆍ게스트하우스,부산광역시,사상구,5,5,5
펜션ㆍ게스트하우스,부산광역시,기장군,128,128,117
펜션ㆍ게스트하우스,대구광역시,중구,90,87,54
펜션ㆍ게스트하우스,대구광역시,동구,31,30,18
펜션ㆍ게스트하우스,대구광역시,서구,9,9,6
펜션ㆍ게스트하우스,대구광역시,남구,28,27,22
펜션ㆍ게스트하우스,대구광역시,북구,12,12,6
펜션ㆍ게스트하우스,대구광역시,수성구,25,25,14
펜션ㆍ게스트하우스,대구광역시,달서구,7,7,3
펜션ㆍ게스트하우스,대구광역시,달성군,13,13,12
펜션ㆍ게스트하우스,대구광역시,군위군,39,38,35
펜션ㆍ게스트하우스,인천광역시,제물포구,19,19,14
펜션ㆍ게스트하우스,인천광역시,영종구,156,155,121
펜션ㆍ게스트하우스,인천광역시,미추홀구,16,16,9
펜션ㆍ게스트하우스,인천광역시,연수구,20,20,23
펜션ㆍ게스트하우스,인천광역시,남동구,6,6,4
펜션ㆍ게스트하우스,인천광역시,부평구,13,12,10
펜션ㆍ게스트하우스,인천광역시,계양구,7,7,3
펜션ㆍ게스트하우스,인천광역시,서해구,7,7,6
펜션ㆍ게스트하우스,인천광역시,검단구,3,0,0
펜션ㆍ게스트하우스,인천광역시,강화군,669,663,598
펜션ㆍ게스트하우스,인천광역시,옹진군,448,446,431
펜션ㆍ게스트하우스,대전광역시,동구,25,25,13
펜션ㆍ게스트하우스,대전광역시,중구,60,54,18
펜션ㆍ게스트하우스,대전광역시,서구,82,84,52
펜션ㆍ게스트하우스,대전광역시,유성구,12,12,5
펜션ㆍ게스트하우스,대전광역시,대덕구,3,0,0
펜션ㆍ게스트하우스,울산광역시,중구,8,8,7
펜션ㆍ게스트하우스,울산광역시,남구,12,13,7
펜션ㆍ게스트하우스,울산광역시,동구,15,16,11
펜션ㆍ게스트하우스,울산광역시,북구,77,77,71
펜션ㆍ게스트하우스,울산광역시,울주군,172,172,165
펜션ㆍ게스트하우스,세종특별자치시,0,38,39,27
펜션ㆍ게스트하우스,경기도,수원시 장안구,29,31,26
펜션ㆍ게스트하우스,경기도,수원시 권선구,0,0,0
펜션ㆍ게스트하우스,경기도,수원시 팔달구,230,230,195
펜션ㆍ게스트하우스,경기도,수원시 영통구,7,6,3
펜션ㆍ게스트하우스,경기도,성남시 수정구,3,3,0
펜션ㆍ게스트하우스,경기도,성남시 중원구,0,0,0
펜션ㆍ게스트하우스,경기도,성남시 분당구,11,11,8
펜션ㆍ게스트하우스,경기도,의정부시,16,15,10
펜션ㆍ게스트하우스,경기도,안양시 만안구,4,4,4
펜션ㆍ게스트하우스,경기도,안양시 동안구,5,4,3
펜션ㆍ게스트하우스,경기도,부천시 원미구,7,7,6
펜션ㆍ게스트하우스,경기도,부천시 소사구,0,0,0
펜션ㆍ게스트하우스,경기도,부천시 오정구,4,4,0
펜션ㆍ게스트하우스,경기도,평택시,54,52,34
펜션ㆍ게스트하우스,경기도,동두천시,10,10,10
펜션ㆍ게스트하우스,경기도,안산시 상록구,16,15,16
펜션ㆍ게스트하우스,경기도,안산시 단원구,912,906,945
펜션ㆍ게스트하우스,경기도,고양시 덕양구,10,10,9
펜션ㆍ게스트하우스,경기도,고양시 일산동구,15,15,11
펜션ㆍ게스트하우스,경기도,고양시 일산서구,10,13,5
펜션ㆍ게스트하우스,경기도,과천시,0,0,0
펜션ㆍ게스트하우스,경기도,구리시,6,6,5
펜션ㆍ게스트하우스,경기도,남양주시,137,135,124
펜션ㆍ게스트하우스,경기도,오산시,9,9,6
펜션ㆍ게스트하우스,경기도,시흥시,265,265,267
펜션ㆍ게스트하우스,경기도,의왕시,0,0,0
펜션ㆍ게스트하우스,경기도,하남시,3,3,0
펜션ㆍ게스트하우스,경기도,용인시 처인구,119,120,119
펜션ㆍ게스트하우스,경기도,용인시 기흥구,10,9,5
펜션ㆍ게스트하우스,경기도,용인시 수지구,21,21,17
펜션ㆍ게스트하우스,경기도,파주시,177,174,163
펜션ㆍ게스트하우스,경기도,이천시,38,38,28
펜션ㆍ게스트하우스,경기도,안성시,43,40,35
펜션ㆍ게스트하우스,경기도,김포시,16,16,11
펜션ㆍ게스트하우스,경기도,화성시 만세구,140,138,125
펜션ㆍ게스트하우스,경기도,화성시 효행구,0,0,0
펜션ㆍ게스트하우스,경기도,화성시 병점구,96,96,92
펜션ㆍ게스트하우스,경기도,화성시 동탄구,8,7,4
펜션ㆍ게스트하우스,경기도,광주시,85,83,70
펜션ㆍ게스트하우스,경기도,양주시,55,54,48
펜션ㆍ게스트하우스,경기도,포천시,207,206,181
펜션ㆍ게스트하우스,경기도,여주시,90,91,70
펜션ㆍ게스트하우스,경기도,연천군,72,68,63
펜션ㆍ게스트하우스,경기도,가평군,1257,1251,1236
펜션ㆍ게스트하우스,경기도,양평군,583,579,529
펜션ㆍ게스트하우스,충청북도,청주시 상당구,77,76,71
펜션ㆍ게스트하우스,충청북도,청주시 서원구,10,10,8
펜션ㆍ게스트하우스,충청북도,청주시 흥덕구,21,22,13
펜션ㆍ게스트하우스,충청북도,청주시 청원구,25,24,20
펜션ㆍ게스트하우스,충청북도,충주시,125,120,110
펜션ㆍ게스트하우스,충청북도,제천시,214,215,192
펜션ㆍ게스트하우스,충청북도,보은군,83,81,69
펜션ㆍ게스트하우스,충청북도,옥천군,81,81,71
펜션ㆍ게스트하우스,충청북도,영동군,61,60,55
펜션ㆍ게스트하우스,충청북도,증평군,5,4,3
펜션ㆍ게스트하우스,충청북도,진천군,29,28,27
펜션ㆍ게스트하우스,충청북도,괴산군,150,149,143
펜션ㆍ게스트하우스,충청북도,음성군,21,21,12
펜션ㆍ게스트하우스,충청북도,단양군,255,255,242
펜션ㆍ게스트하우스,충청남도,천안시 동남구,101,100,98
펜션ㆍ게스트하우스,충청남도,천안시 서북구,27,26,22
펜션ㆍ게스트하우스,충청남도,공주시,171,168,149
펜션ㆍ게스트하우스,충청남도,보령시,309,308,306
펜션ㆍ게스트하우스,충청남도,아산시,63,65,55
펜션ㆍ게스트하우스,충청남도,서산시,102,102,94
펜션ㆍ게스트하우스,충청남도,논산시,98,98,91
펜션ㆍ게스트하우스,충청남도,당진시,60,60,53
펜션ㆍ게스트하우스,충청남도,금산군,66,64,57
펜션ㆍ게스트하우스,충청남도,부여군,90,86,69
펜션ㆍ게스트하우스,충청남도,서천군,95,95,90
펜션ㆍ게스트하우스,충청남도,청양군,23,22,18
펜션ㆍ게스트하우스,충청남도,홍성군,51,52,44
펜션ㆍ게스트하우스,충청남도,예산군,57,55,50
펜션ㆍ게스트하우스,충청남도,태안군,1025,1022,1012
펜션ㆍ게스트하우스,경상북도,포항시 남구,275,270,251
펜션ㆍ게스트하우스,경상북도,포항시 북구,334,332,277
펜션ㆍ게스트하우스,경상북도,경주시,1726,1715,1543
펜션ㆍ게스트하우스,경상북도,김천시,39,39,37
펜션ㆍ게스트하우스,경상북도,안동시,181,181,158
펜션ㆍ게스트하우스,경상북도,구미시,25,26,19
펜션ㆍ게스트하우스,경상북도,영주시,79,79,71
펜션ㆍ게스트하우스,경상북도,영천시,34,34,27
펜션ㆍ게스트하우스,경상북도,상주시,49,49,43
펜션ㆍ게스트하우스,경상북도,문경시,127,130,117
펜션ㆍ게스트하우스,경상북도,경산시,23,23,17
펜션ㆍ게스트하우스,경상북도,의성군,13,13,11
펜션ㆍ게스트하우스,경상북도,청송군,37,37,35
펜션ㆍ게스트하우스,경상북도,영양군,11,11,9
펜션ㆍ게스트하우스,경상북도,영덕군,236,236,229
펜션ㆍ게스트하우스,경상북도,청도군,268,267,249
펜션ㆍ게스트하우스,경상북도,고령군,10,10,9
펜션ㆍ게스트하우스,경상북도,성주군,71,71,66
펜션ㆍ게스트하우스,경상북도,칠곡군,46,47,42
펜션ㆍ게스트하우스,경상북도,예천군,41,40,32
펜션ㆍ게스트하우스,경상북도,봉화군,76,75,67
펜션ㆍ게스트하우스,경상북도,울진군,153,152,136
펜션ㆍ게스트하우스,경상북도,울릉군,147,147,138
펜션ㆍ게스트하우스,경상남도,창원시 의창구,9,8,7
펜션ㆍ게스트하우스,경상남도,창원시 성산구,8,9,8
펜션ㆍ게스트하우스,경상남도,창원시 마산합포구,53,51,46
펜션ㆍ게스트하우스,경상남도,창원시 마산회원구,3,3,0
펜션ㆍ게스트하우스,경상남도,창원시 진해구,7,7,4
펜션ㆍ게스트하우스,경상남도,진주시,33,33,25
펜션ㆍ게스트하우스,경상남도,통영시,490,496,453
펜션ㆍ게스트하우스,경상남도,사천시,93,92,91
펜션ㆍ게스트하우스,경상남도,김해시,31,31,24
펜션ㆍ게스트하우스,경상남도,밀양시,237,234,200
펜션ㆍ게스트하우스,경상남도,거제시,691,683,662
펜션ㆍ게스트하우스,경상남도,양산시,86,85,83
펜션ㆍ게스트하우스,경상남도,의령군,10,9,7
펜션ㆍ게스트하우스,경상남도,함안군,18,18,14
펜션ㆍ게스트하우스,경상남도,창녕군,41,40,36
펜션ㆍ게스트하우스,경상남도,고성군,74,72,66
펜션ㆍ게스트하우스,경상남도,남해군,607,612,584
펜션ㆍ게스트하우스,경상남도,하동군,240,241,225
펜션ㆍ게스트하우스,경상남도,산청군,176,174,164
펜션ㆍ게스트하우스,경상남도,함양군,90,88,71
펜션ㆍ게스트하우스,경상남도,거창군,79,77,74
펜션ㆍ게스트하우스,경상남도,합천군,64,62,55
펜션ㆍ게스트하우스,제주특별자치도,제주시,4090,4072,3927
펜션ㆍ게스트하우스,제주특별자치도,서귀포시,1550,1551,1447
펜션ㆍ게스트하우스,강원특별자치도,춘천시,456,453,410
펜션ㆍ게스트하우스,강원특별자치도,원주시,213,210,175
펜션ㆍ게스트하우스,강원특별자치도,강릉시,995,990,889
펜션ㆍ게스트하우스,강원특별자치도,동해시,149,147,136
펜션ㆍ게스트하우스,강원특별자치도,태백시,12,13,13
펜션ㆍ게스트하우스,강원특별자치도,속초시,206,204,183
펜션ㆍ게스트하우스,강원특별자치도,삼척시,322,319,301
펜션ㆍ게스트하우스,강원특별자치도,홍천군,413,412,403
펜션ㆍ게스트하우스,강원특별자치도,횡성군,179,177,163
펜션ㆍ게스트하우스,강원특별자치도,영월군,262,261,248
펜션ㆍ게스트하우스,강원특별자치도,평창군,419,415,413
펜션ㆍ게스트하우스,강원특별자치도,정선군,174,174,163
펜션ㆍ게스트하우스,강원특별자치도,철원군,91,91,81
펜션ㆍ게스트하우스,강원특별자치도,화천군,154,156,152
펜션ㆍ게스트하우스,강원특별자치도,양구군,85,85,87
펜션ㆍ게스트하우스,강원특별자치도,인제군,354,352,303
펜션ㆍ게스트하우스,강원특별자치도,고성군,476,475,452
펜션ㆍ게스트하우스,강원특별자치도,양양군,584,580,549
펜션ㆍ게스트하우스,전북특별자치도,전주시 완산구,319,321,279
펜션ㆍ게스트하우스,전북특별자치도,전주시 덕진구,38,38,28
펜션ㆍ게스트하우스,전북특별자치도,군산시,149,148,128
펜션ㆍ게스트하우스,전북특별자치도,익산시,46,46,42
펜션ㆍ게스트하우스,전북특별자치도,정읍시,45,46,41
펜션ㆍ게스트하우스,전북특별자치도,남원시,108,106,78
펜션ㆍ게스트하우스,전북특별자치도,김제시,22,22,20
펜션ㆍ게스트하우스,전북특별자치도,완주군,115,112,96
펜션ㆍ게스트하우스,전북특별자치도,진안군,77,76,65
펜션ㆍ게스트하우스,전북특별자치도,무주군,126,126,127
펜션ㆍ게스트하우스,전북특별자치도,장수군,28,28,27
펜션ㆍ게스트하우스,전북특별자치도,임실군,20,20,19
펜션ㆍ게스트하우스,전북특별자치도,순창군,39,38,37
펜션ㆍ게스트하우스,전북특별자치도,고창군,96,94,84
펜션ㆍ게스트하우스,전북특별자치도,부안군,152,153,154
한식음식점,서울특별시,종로구,2598,2592,2595
한식음식점,서울특별시,중구,2545,2543,2530
한식음식점,서울특별시,용산구,1641,1638,1609
한식음식점,서울특별시,성동구,1704,1709,1728
한식음식점,서울특별시,광진구,2003,1992,2011
한식음식점,서울특별시,동대문구,2141,2154,2171
한식음식점,서울특별시,중랑구,1937,1934,1970
한식음식점,서울특별시,성북구,1784,1788,1784
한식음식점,서울특별시,강북구,1671,1675,1713
한식음식점,서울특별시,도봉구,1230,1229,1237
한식음식점,서울특별시,노원구,1741,1764,1790
한식음식점,서울특별시,은평구,1868,1882,1932
한식음식점,서울특별시,서대문구,1764,1759,1706
한식음식점,서울특별시,마포구,3006,3018,3069
한식음식점,서울특별시,양천구,1416,1412,1465
한식음식점,서울특별시,강서구,2857,2860,2891
한식음식점,서울특별시,구로구,1983,1987,2007
한식음식점,서울특별시,금천구,1645,1647,1678
한식음식점,서울특별시,영등포구,3123,3120,3116
한식음식점,서울특별시,동작구,1528,1530,1499
한식음식점,서울특별시,관악구,2277,2281,2298
한식음식점,서울특별시,서초구,2478,2486,2514
한식음식점,서울특별시,강남구,4431,4427,4461
한식음식점,서울특별시,송파구,3163,3166,3206
한식음식점,서울특별시,강동구,1956,1960,1959
한식음식점,전남광주통합특별시,목포시,2241,2245,2284
한식음식점,전남광주통합특별시,여수시,3728,3740,3792
한식음식점,전남광주통합특별시,순천시,2491,2495,2506
한식음식점,전남광주통합특별시,나주시,1053,1052,1082
한식음식점,전남광주통합특별시,광양시,1685,1688,1667
한식음식점,전남광주통합특별시,동구,1226,1225,1263
한식음식점,전남광주통합특별시,서구,2205,2213,2258
한식음식점,전남광주통합특별시,남구,1185,1196,1242
한식음식점,전남광주통합특별시,북구,2835,2848,2893
한식음식점,전남광주통합특별시,광산구,2929,2926,2997
한식음식점,전남광주통합특별시,담양군,489,497,493
한식음식점,전남광주통합특별시,곡성군,242,241,237
한식음식점,전남광주통합특별시,구례군,366,367,355
한식음식점,전남광주통합특별시,고흥군,600,602,575
한식음식점,전남광주통합특별시,보성군,420,423,413
한식음식점,전남광주통합특별시,화순군,517,523,535
한식음식점,전남광주통합특별시,장흥군,404,405,406
한식음식점,전남광주통합특별시,강진군,369,373,373
한식음식점,전남광주통합특별시,해남군,625,629,630
한식음식점,전남광주통합특별시,영암군,527,528,519
한식음식점,전남광주통합특별시,무안군,846,844,847
한식음식점,전남광주통합특별시,함평군,219,222,233
한식음식점,전남광주통합특별시,영광군,499,496,504
한식음식점,전남광주통합특별시,장성군,371,374,360
한식음식점,전남광주통합특별시,완도군,527,527,537
한식음식점,전남광주통합특별시,진도군,344,344,352
한식음식점,전남광주통합특별시,신안군,383,387,390
한식음식점,부산광역시,중구,1039,1042,1056
한식음식점,부산광역시,서구,726,734,732
한식음식점,부산광역시,동구,822,820,828
한식음식점,부산광역시,영도구,722,728,760
한식음식점,부산광역시,부산진구,3023,3036,3101
한식음식점,부산광역시,동래구,1936,1948,1971
한식음식점,부산광역시,남구,1544,1559,1597
한식음식점,부산광역시,북구,1462,1462,1503
한식음식점,부산광역시,해운대구,2335,2345,2378
한식음식점,부산광역시,사하구,1893,1897,1974
한식음식점,부산광역시,금정구,1593,1603,1662
한식음식점,부산광역시,강서구,1360,1357,1379
한식음식점,부산광역시,연제구,1498,1502,1522
한식음식점,부산광역시,수영구,1602,1611,1635
한식음식점,부산광역시,사상구,1580,1593,1630
한식음식점,부산광역시,기장군,1573,1582,1589
한식음식점,대구광역시,중구,1655,1666,1672
한식음식점,대구광역시,동구,2718,2729,2791
한식음식점,대구광역시,서구,1634,1642,1672
한식음식점,대구광역시,남구,1291,1299,1370
한식음식점,대구광역시,북구,3142,3161,3299
한식음식점,대구광역시,수성구,2681,2689,2739
한식음식점,대구광역시,달서구,3970,3978,4082
한식음식점,대구광역시,달성군,1900,1901,1890
한식음식점,대구광역시,군위군,261,260,265
한식음식점,인천광역시,제물포구,1058,1063,1104
한식음식점,인천광역시,영종구,1452,1452,1422
한식음식점,인천광역시,미추홀구,2713,2722,2758
한식음식점,인천광역시,연수구,2346,2357,2341
한식음식점,인천광역시,남동구,3092,3116,3232
한식음식점,인천광역시,부평구,2836,2838,2813
한식음식점,인천광역시,계양구,1495,1505,1541
한식음식점,인천광역시,서구,3,10,11
한식음식점,인천광역시,서해구,2361,2359,2422
한식음식점,인천광역시,검단구,1024,1025,1008
한식음식점,인천광역시,강화군,973,970,987
한식음식점,인천광역시,옹진군,389,389,399
한식음식점,대전광역시,동구,1722,1730,1753
한식음식점,대전광역시,중구,1986,1992,2000
한식음식점,대전광역시,서구,3516,3513,3580
한식음식점,대전광역시,유성구,2954,2966,3052
한식음식점,대전광역시,대덕구,1548,1551,1590
한식음식점,울산광역시,중구,1760,1760,1843
한식음식점,울산광역시,남구,3312,3316,3364
한식음식점,울산광역시,동구,1392,1407,1428
한식음식점,울산광역시,북구,1746,1749,1799
한식음식점,울산광역시,울주군,2416,2414,2427
한식음식점,세종특별자치시,0,2308,2308,2376
한식음식점,경기도,수원시 장안구,1406,1404,1429
한식음식점,경기도,수원시 권선구,2018,2025,2057
한식음식점,경기도,수원시 팔달구,1767,1792,1805
한식음식점,경기도,수원시 영통구,1803,1800,1839
한식음식점,경기도,성남시 수정구,1325,1325,1325
한식음식점,경기도,성남시 중원구,1323,1329,1336
한식음식점,경기도,성남시 분당구,2166,2170,2164
한식음식점,경기도,의정부시,3071,3091,3136
한식음식점,경기도,안양시 만안구,1375,1388,1408
한식음식점,경기도,안양시 동안구,1699,1695,1697
한식음식점,경기도,부천시 원미구,2769,2779,2800
한식음식점,경기도,부천시 소사구,927,932,957
한식음식점,경기도,부천시 오정구,882,884,885
한식음식점,경기도,광명시,1315,1307,1297
한식음식점,경기도,평택시,5077,5093,5203
한식음식점,경기도,동두천시,810,808,816
한식음식점,경기도,안산시 상록구,1784,1789,1835
한식음식점,경기도,안산시 단원구,2326,2323,2341
한식음식점,경기도,고양시 덕양구,2520,2522,2532
한식음식점,경기도,고양시 일산동구,1872,1898,1939
한식음식점,경기도,고양시 일산서구,1201,1209,1239
한식음식점,경기도,과천시,300,299,291
한식음식점,경기도,구리시,1215,1212,1189
한식음식점,경기도,남양주시,4101,4116,4189
한식음식점,경기도,오산시,1508,1503,1521
한식음식점,경기도,시흥시,3046,3057,3133
한식음식점,경기도,군포시,1234,1242,1276
한식음식점,경기도,의왕시,645,644,625
한식음식점,경기도,하남시,1578,1582,1626
한식음식점,경기도,용인시 처인구,2251,2250,2179
한식음식점,경기도,용인시 기흥구,1709,1716,1752
한식음식점,경기도,용인시 수지구,1111,1113,1113
한식음식점,경기도,파주시,3589,3589,3661
한식음식점,경기도,이천시,2005,2010,1996
한식음식점,경기도,안성시,2071,2086,2063
한식음식점,경기도,김포시,2959,2992,3036
한식음식점,경기도,화성시,0,0,0
한식음식점,경기도,화성시 만세구,2595,2589,2591
한식음식점,경기도,화성시 효행구,897,895,887
한식음식점,경기도,화성시 병점구,825,817,784
한식음식점,경기도,화성시 동탄구,1910,1928,1852
한식음식점,경기도,광주시,2369,2369,2382
한식음식점,경기도,양주시,2084,2099,2142
한식음식점,경기도,포천시,2047,2041,2057
한식음식점,경기도,여주시,1254,1243,1206
한식음식점,경기도,연천군,627,623,622
한식음식점,경기도,가평군,1193,1192,1191
한식음식점,경기도,양평군,1248,1255,1266
한식음식점,충청북도,청주시 상당구,1651,1657,1645
한식음식점,충청북도,청주시 서원구,1329,1334,1381
한식음식점,충청북도,청주시 흥덕구,2396,2412,2399
한식음식점,충청북도,청주시 청원구,1667,1669,1681
한식음식점,충청북도,충주시,2543,2542,2532
한식음식점,충청북도,제천시,1540,1545,1539
한식음식점,충청북도,보은군,422,423,425
한식음식점,충청북도,옥천군,628,629,632
한식음식점,충청북도,영동군,515,517,514
한식음식점,충청북도,증평군,415,416,420
한식음식점,충청북도,진천군,1026,1018,1032
한식음식점,충청북도,괴산군,493,490,481
한식음식점,충청북도,음성군,1316,1311,1293
한식음식점,충청북도,단양군,447,445,433
한식음식점,충청남도,천안시 동남구,2171,2174,2199
한식음식점,충청남도,천안시 서북구,3283,3293,3345
한식음식점,충청남도,공주시,1211,1221,1223
한식음식점,충청남도,보령시,1470,1473,1478
한식음식점,충청남도,아산시,2697,2707,2773
한식음식점,충청남도,서산시,1892,1900,1934
한식음식점,충청남도,논산시,1108,1111,1121
한식음식점,충청남도,계룡시,323,323,304
한식음식점,충청남도,당진시,2108,2110,2134
한식음식점,충청남도,금산군,589,590,581
한식음식점,충청남도,부여군,612,612,608
한식음식점,충청남도,서천군,544,547,543
한식음식점,충청남도,청양군,338,338,321
한식음식점,충청남도,홍성군,977,983,970
한식음식점,충청남도,예산군,974,974,960
한식음식점,충청남도,태안군,890,891,891
한식음식점,경상북도,포항시 남구,2926,2953,2994
한식음식점,경상북도,포항시 북구,2694,2708,2725
한식음식점,경상북도,경주시,3584,3583,3592
한식음식점,경상북도,김천시,1135,1140,1149
한식음식점,경상북도,안동시,1759,1764,1813
한식음식점,경상북도,구미시,3944,3956,4028
한식음식점,경상북도,영주시,1233,1230,1251
한식음식점,경상북도,영천시,1090,1097,1116
한식음식점,경상북도,상주시,1057,1064,1055
한식음식점,경상북도,문경시,1025,1031,1016
한식음식점,경상북도,경산시,2702,2718,2804
한식음식점,경상북도,의성군,428,432,436
한식음식점,경상북도,청송군,400,402,410
한식음식점,경상북도,영양군,163,162,163
한식음식점,경상북도,영덕군,655,663,660
한식음식점,경상북도,청도군,596,598,592
한식음식점,경상북도,고령군,366,366,366
한식음식점,경상북도,성주군,501,509,508
한식음식점,경상북도,칠곡군,1398,1413,1434
한식음식점,경상북도,예천군,558,558,555
한식음식점,경상북도,봉화군,371,373,380
한식음식점,경상북도,울진군,777,773,760
한식음식점,경상북도,울릉군,208,208,207
한식음식점,경상남도,창원시 의창구,1873,1868,1907
한식음식점,경상남도,창원시 성산구,1975,1979,2028
한식음식점,경상남도,창원시 마산합포구,2061,2068,2097
한식음식점,경상남도,창원시 마산회원구,1468,1473,1536
한식음식점,경상남도,창원시 진해구,1917,1929,2035
한식음식점,경상남도,진주시,3274,3287,3387
한식음식점,경상남도,통영시,1450,1457,1451
한식음식점,경상남도,사천시,1498,1490,1487
한식음식점,경상남도,김해시,4565,4584,4634
한식음식점,경상남도,밀양시,1252,1254,1286
한식음식점,경상남도,거제시,2954,2960,3018
한식음식점,경상남도,양산시,2933,2942,2961
한식음식점,경상남도,의령군,291,295,290
한식음식점,경상남도,함안군,674,668,683
한식음식점,경상남도,창녕군,743,741,748
한식음식점,경상남도,고성군,636,639,647
한식음식점,경상남도,남해군,651,655,637
한식음식점,경상남도,하동군,609,613,616
한식음식점,경상남도,산청군,454,457,454
한식음식점,경상남도,함양군,469,468,474
한식음식점,경상남도,거창군,704,706,705
한식음식점,경상남도,합천군,447,447,459
한식음식점,제주특별자치도,제주시,6928,6917,6955
한식음식점,제주특별자치도,서귀포시,3046,3060,3130
한식음식점,강원특별자치도,춘천시,3056,3049,3044
한식음식점,강원특별자치도,원주시,3959,3963,4044
한식음식점,강원특별자치도,강릉시,2914,2916,2944
한식음식점,강원특별자치도,동해시,1113,1119,1153
한식음식점,강원특별자치도,태백시,526,528,539
한식음식점,강원특별자치도,속초시,1584,1584,1595
한식음식점,강원특별자치도,삼척시,846,848,849
한식음식점,강원특별자치도,홍천군,963,962,969
한식음식점,강원특별자치도,횡성군,684,684,679
한식음식점,강원특별자치도,영월군,600,595,584
한식음식점,강원특별자치도,평창군,817,814,836
한식음식점,강원특별자치도,정선군,651,648,633
한식음식점,강원특별자치도,철원군,651,651,651
한식음식점,강원특별자치도,화천군,358,359,369
한식음식점,강원특별자치도,양구군,309,311,310
한식음식점,강원특별자치도,인제군,599,600,607
한식음식점,강원특별자치도,고성군,496,490,474
한식음식점,강원특별자치도,양양군,599,601,596
한식음식점,전북특별자치도,전주시 완산구,2708,2719,2805
한식음식점,전북특별자치도,전주시 덕진구,2154,2161,2211
한식음식점,전북특별자치도,군산시,2534,2531,2526
한식음식점,전북특별자치도,익산시,2240,2242,2271
한식음식점,전북특별자치도,정읍시,856,857,845
한식음식점,전북특별자치도,남원시,843,839,837
한식음식점,전북특별자치도,김제시,694,691,673
한식음식점,전북특별자치도,완주군,985,983,985
한식음식점,전북특별자치도,진안군,237,237,235
한식음식점,전북특별자치도,무주군,319,320,318
한식음식점,전북특별자치도,장수군,188,189,195
한식음식점,전북특별자치도,임실군,236,238,239
한식음식점,전북특별자치도,순창군,258,258,255
한식음식점,전북특별자치도,고창군,511,510,506
한식음식점,전북특별자치도,부안군,593,605,589
호프주점,서울특별시,종로구,148,150,164
호프주점,서울특별시,중구,113,113,128
호프주점,서울특별시,용산구,93,95,100
호프주점,서울특별시,성동구,97,97,107
호프주점,서울특별시,광진구,210,210,229
호프주점,서울특별시,동대문구,159,160,167
호프주점,서울특별시,중랑구,275,277,302
호프주점,서울특별시,성북구,103,106,122
호프주점,서울특별시,강북구,202,203,216
호프주점,서울특별시,도봉구,141,142,156
호프주점,서울특별시,노원구,178,180,189
호프주점,서울특별시,은평구,160,162,179
호프주점,서울특별시,서대문구,83,84,91
호프주점,서울특별시,마포구,252,256,271
호프주점,서울특별시,양천구,107,107,117
호프주점,서울특별시,강서구,193,194,203
호프주점,서울특별시,구로구,278,279,289
호프주점,서울특별시,금천구,145,144,148
호프주점,서울특별시,영등포구,275,274,286
호프주점,서울특별시,동작구,114,114,123
호프주점,서울특별시,관악구,203,203,222
호프주점,서울특별시,서초구,136,139,145
호프주점,서울특별시,강남구,168,168,196
호프주점,서울특별시,송파구,204,206,226
호프주점,서울특별시,강동구,157,159,175
호프주점,전남광주통합특별시,목포시,363,370,392
호프주점,전남광주통합특별시,여수시,128,128,146
호프주점,전남광주통합특별시,순천시,220,226,249
호프주점,전남광주통합특별시,나주시,41,41,44
호프주점,전남광주통합특별시,광양시,161,161,179
호프주점,전남광주통합특별시,동구,114,116,126
호프주점,전남광주통합특별시,서구,346,346,373
호프주점,전남광주통합특별시,남구,143,145,163
호프주점,전남광주통합특별시,북구,402,406,452
호프주점,전남광주통합특별시,광산구,291,292,338
호프주점,전남광주통합특별시,담양군,9,9,9
호프주점,전남광주통합특별시,곡성군,13,14,16
호프주점,전남광주통합특별시,구례군,5,5,5
호프주점,전남광주통합특별시,고흥군,65,66,69
호프주점,전남광주통합특별시,보성군,20,20,22
호프주점,전남광주통합특별시,화순군,37,37,33
호프주점,전남광주통합특별시,장흥군,13,12,18
호프주점,전남광주통합특별시,강진군,23,23,22
호프주점,전남광주통합특별시,해남군,56,56,63
호프주점,전남광주통합특별시,영암군,31,34,37
호프주점,전남광주통합특별시,무안군,28,29,33
호프주점,전남광주통합특별시,함평군,5,5,5
호프주점,전남광주통합특별시,영광군,21,21,23
호프주점,전남광주통합특별시,장성군,4,4,4
호프주점,전남광주통합특별시,완도군,55,56,62
호프주점,전남광주통합특별시,진도군,23,23,26
호프주점,전남광주통합특별시,신안군,8,8,10
호프주점,부산광역시,중구,48,49,52
호프주점,부산광역시,서구,27,27,27
호프주점,부산광역시,동구,28,29,37
호프주점,부산광역시,영도구,31,32,38
호프주점,부산광역시,부산진구,112,114,126
호프주점,부산광역시,동래구,76,75,86
호프주점,부산광역시,남구,55,54,64
호프주점,부산광역시,북구,74,75,81
호프주점,부산광역시,해운대구,60,59,62
호프주점,부산광역시,사하구,141,143,162
호프주점,부산광역시,금정구,59,59,68
호프주점,부산광역시,강서구,33,34,39
호프주점,부산광역시,연제구,60,62,72
호프주점,부산광역시,수영구,41,41,48
호프주점,부산광역시,사상구,113,113,123
호프주점,부산광역시,기장군,38,39,40
호프주점,대구광역시,중구,43,43,38
호프주점,대구광역시,동구,35,36,42
호프주점,대구광역시,서구,34,33,31
호프주점,대구광역시,남구,27,29,28
호프주점,대구광역시,북구,74,77,90
호프주점,대구광역시,수성구,74,73,83
호프주점,대구광역시,달서구,89,83,90
호프주점,대구광역시,달성군,29,29,34
호프주점,인천광역시,제물포구,58,58,67
호프주점,인천광역시,영종구,17,17,19
호프주점,인천광역시,미추홀구,180,182,194
호프주점,인천광역시,연수구,171,173,194
호프주점,인천광역시,남동구,268,267,283
호프주점,인천광역시,부평구,213,218,234
호프주점,인천광역시,계양구,139,138,153
호프주점,인천광역시,서구,0,0,0
호프주점,인천광역시,서해구,112,115,126
호프주점,인천광역시,검단구,44,43,51
호프주점,인천광역시,강화군,16,16,18
호프주점,인천광역시,옹진군,12,13,12
호프주점,대전광역시,동구,57,58,64
호프주점,대전광역시,중구,83,86,87
호프주점,대전광역시,서구,183,190,221
호프주점,대전광역시,유성구,84,84,95
호프주점,대전광역시,대덕구,82,83,89
호프주점,울산광역시,중구,34,34,38
호프주점,울산광역시,남구,98,97,102
호프주점,울산광역시,동구,22,23,29
호프주점,울산광역시,북구,27,27,31
호프주점,울산광역시,울주군,40,42,39
호프주점,세종특별자치시,0,75,72,87
호프주점,경기도,수원시 장안구,104,106,117
호프주점,경기도,수원시 권선구,107,108,114
호프주점,경기도,수원시 팔달구,103,104,116
호프주점,경기도,수원시 영통구,86,85,91
호프주점,경기도,성남시 수정구,101,104,119
호프주점,경기도,성남시 중원구,136,137,150
호프주점,경기도,성남시 분당구,131,129,131
호프주점,경기도,의정부시,131,130,137
호프주점,경기도,안양시 만안구,150,153,167
호프주점,경기도,안양시 동안구,127,127,142
호프주점,경기도,부천시 원미구,230,231,236
호프주점,경기도,부천시 소사구,100,102,101
호프주점,경기도,부천시 오정구,42,42,49
호프주점,경기도,광명시,50,48,57
호프주점,경기도,평택시,242,242,266
호프주점,경기도,동두천시,49,49,52
호프주점,경기도,안산시 상록구,108,110,120
호프주점,경기도,안산시 단원구,237,234,247
호프주점,경기도,고양시 덕양구,138,136,140
호프주점,경기도,고양시 일산동구,111,111,118
호프주점,경기도,고양시 일산서구,47,47,53
호프주점,경기도,과천시,4,4,5
호프주점,경기도,구리시,107,107,127
호프주점,경기도,남양주시,153,153,164
호프주점,경기도,오산시,71,73,73
호프주점,경기도,시흥시,166,163,174
호프주점,경기도,군포시,156,157,171
호프주점,경기도,의왕시,17,18,20
호프주점,경기도,하남시,63,65,67
호프주점,경기도,용인시 처인구,93,93,103
호프주점,경기도,용인시 기흥구,62,61,68
호프주점,경기도,용인시 수지구,42,43,45
호프주점,경기도,파주시,134,135,143
호프주점,경기도,이천시,50,50,52
호프주점,경기도,안성시,53,53,57
호프주점,경기도,김포시,168,167,172
호프주점,경기도,화성시,0,0,0
호프주점,경기도,화성시 만세구,70,69,79
호프주점,경기도,화성시 효행구,28,28,28
호프주점,경기도,화성시 병점구,39,41,46
호프주점,경기도,화성시 동탄구,76,80,82
호프주점,경기도,광주시,106,108,106
호프주점,경기도,양주시,39,39,43
호프주점,경기도,포천시,62,63,74
호프주점,경기도,여주시,28,27,32
호프주점,경기도,연천군,14,15,17
호프주점,경기도,가평군,10,10,10
호프주점,경기도,양평군,35,35,38
호프주점,충청북도,청주시 상당구,80,80,90
호프주점,충청북도,청주시 서원구,98,97,114
호프주점,충청북도,청주시 흥덕구,122,123,121
호프주점,충청북도,청주시 청원구,119,118,121
호프주점,충청북도,충주시,163,167,179
호프주점,충청북도,제천시,103,105,115
호프주점,충청북도,보은군,6,6,7
호프주점,충청북도,옥천군,16,15,16
호프주점,충청북도,영동군,14,14,17
호프주점,충청북도,증평군,35,35,43
호프주점,충청북도,진천군,72,73,80
호프주점,충청북도,괴산군,13,13,12
호프주점,충청북도,음성군,81,83,91
호프주점,충청북도,단양군,8,8,7
호프주점,충청남도,천안시 동남구,95,98,111
호프주점,충청남도,천안시 서북구,174,174,190
호프주점,충청남도,공주시,51,51,64
호프주점,충청남도,보령시,31,32,43
호프주점,충청남도,아산시,164,167,199
호프주점,충청남도,서산시,64,65,68
호프주점,충청남도,논산시,27,27,31
호프주점,충청남도,계룡시,9,9,10
호프주점,충청남도,당진시,54,51,61
호프주점,충청남도,금산군,6,6,7
호프주점,충청남도,부여군,26,25,27
호프주점,충청남도,서천군,42,43,49
호프주점,충청남도,청양군,18,18,20
호프주점,충청남도,홍성군,48,48,58
호프주점,충청남도,예산군,57,58,60
호프주점,충청남도,태안군,50,51,55
호프주점,경상북도,포항시 남구,88,88,103
호프주점,경상북도,포항시 북구,81,81,88
호프주점,경상북도,경주시,80,80,82
호프주점,경상북도,김천시,11,11,10
호프주점,경상북도,안동시,67,65,64
호프주점,경상북도,구미시,104,105,117
호프주점,경상북도,영주시,34,34,35
호프주점,경상북도,영천시,19,19,25
호프주점,경상북도,상주시,14,14,15
호프주점,경상북도,문경시,9,10,9
호프주점,경상북도,경산시,32,32,36
호프주점,경상북도,의성군,4,3,5
호프주점,경상북도,청송군,3,3,4
호프주점,경상북도,영양군,6,6,6
호프주점,경상북도,영덕군,17,17,19
호프주점,경상북도,청도군,0,0,0
호프주점,경상북도,고령군,4,4,5
호프주점,경상북도,성주군,0,0,0
호프주점,경상북도,칠곡군,13,13,16
호프주점,경상북도,예천군,10,10,10
호프주점,경상북도,봉화군,10,10,9
호프주점,경상북도,울진군,25,25,22
호프주점,경상북도,울릉군,5,5,7
호프주점,경상남도,창원시 의창구,44,44,48
호프주점,경상남도,창원시 성산구,61,64,76
호프주점,경상남도,창원시 마산합포구,47,48,58
호프주점,경상남도,창원시 마산회원구,70,69,76
호프주점,경상남도,창원시 진해구,58,58,54
호프주점,경상남도,진주시,79,77,92
호프주점,경상남도,통영시,121,122,135
호프주점,경상남도,사천시,10,10,13
호프주점,경상남도,김해시,129,129,133
호프주점,경상남도,밀양시,5,5,5
호프주점,경상남도,거제시,52,52,58
호프주점,경상남도,양산시,75,75,83
호프주점,경상남도,의령군,3,3,3
호프주점,경상남도,함안군,15,16,21
호프주점,경상남도,창녕군,19,19,20
호프주점,경상남도,고성군,23,22,21
호프주점,경상남도,남해군,3,3,0
호프주점,경상남도,하동군,11,11,13
호프주점,경상남도,산청군,0,0,0
호프주점,경상남도,함양군,5,5,6
호프주점,경상남도,거창군,17,18,12
호프주점,경상남도,합천군,5,5,6
호프주점,제주특별자치도,제주시,297,300,326
호프주점,제주특별자치도,서귀포시,111,111,128
호프주점,강원특별자치도,춘천시,124,125,141
호프주점,강원특별자치도,원주시,126,126,149
호프주점,강원특별자치도,강릉시,130,129,143
호프주점,강원특별자치도,동해시,70,69,75
호프주점,강원특별자치도,태백시,23,22,23
호프주점,강원특별자치도,속초시,51,51,56
호프주점,강원특별자치도,삼척시,68,69,78
호프주점,강원특별자치도,홍천군,26,26,33
호프주점,강원특별자치도,횡성군,5,6,7
호프주점,강원특별자치도,영월군,8,9,9
호프주점,강원특별자치도,평창군,13,13,13
호프주점,강원특별자치도,정선군,10,11,9
호프주점,강원특별자치도,철원군,17,17,18
호프주점,강원특별자치도,화천군,6,6,7
호프주점,강원특별자치도,양구군,8,8,9
호프주점,강원특별자치도,인제군,10,11,12
호프주점,강원특별자치도,고성군,14,14,14
호프주점,강원특별자치도,양양군,13,12,15
호프주점,전북특별자치도,전주시 완산구,74,75,82
호프주점,전북특별자치도,전주시 덕진구,77,78,87
호프주점,전북특별자치도,군산시,204,209,233
호프주점,전북특별자치도,익산시,127,130,150
호프주점,전북특별자치도,정읍시,29,30,42
호프주점,전북특별자치도,남원시,32,33,36
호프주점,전북특별자치도,김제시,7,7,7
호프주점,전북특별자치도,완주군,17,17,19
호프주점,전북특별자치도,진안군,4,5,5
호프주점,전북특별자치도,무주군,13,13,14
호프주점,전북특별자치도,장수군,8,8,11
호프주점,전북특별자치도,임실군,7,8,9
호프주점,전북특별자치도,순창군,8,7,9
호프주점,전북특별자치도,고창군,9,9,12
호프주점,전북특별자치도,부안군,34,33,38
pc방,서울특별시,종로구,23,22,23
pc방,서울특별시,중구,14,15,16
pc방,서울특별시,용산구,12,12,12
pc방,서울특별시,성동구,26,26,30
pc방,서울특별시,광진구,51,51,53
pc방,서울특별시,동대문구,37,37,36
pc방,서울특별시,중랑구,49,50,51
pc방,서울특별시,성북구,34,34,34
pc방,서울특별시,강북구,39,40,44
pc방,서울특별시,도봉구,26,26,27
pc방,서울특별시,노원구,46,44,47
pc방,서울특별시,은평구,39,39,42
pc방,서울특별시,서대문구,34,33,35
pc방,서울특별시,마포구,29,29,30
pc방,서울특별시,양천구,35,35,33
pc방,서울특별시,강서구,54,54,59
pc방,서울특별시,구로구,36,36,42
pc방,서울특별시,금천구,26,26,30
pc방,서울특별시,영등포구,46,45,48
pc방,서울특별시,동작구,39,39,44
pc방,서울특별시,관악구,77,77,80
pc방,서울특별시,서초구,27,27,31
pc방,서울특별시,강남구,56,54,57
pc방,서울특별시,송파구,61,60,60
pc방,서울특별시,강동구,54,54,60
pc방,전남광주통합특별시,목포시,49,49,60
pc방,전남광주통합특별시,여수시,42,41,43
pc방,전남광주통합특별시,순천시,52,51,50
pc방,전남광주통합특별시,나주시,12,11,14
pc방,전남광주통합특별시,광양시,32,32,28
pc방,전남광주통합특별시,동구,21,21,23
pc방,전남광주통합특별시,서구,48,49,50
pc방,전남광주통합특별시,남구,24,24,23
pc방,전남광주통합특별시,북구,78,80,82
pc방,전남광주통합특별시,광산구,66,69,76
pc방,전남광주통합특별시,담양군,3,3,4
pc방,전남광주통합특별시,곡성군,0,0,0
pc방,전남광주통합특별시,구례군,3,3,0
pc방,전남광주통합특별시,고흥군,5,4,5
pc방,전남광주통합특별시,보성군,0,0,0
pc방,전남광주통합특별시,화순군,6,6,6
pc방,전남광주통합특별시,장흥군,3,3,4
pc방,전남광주통합특별시,강진군,0,0,0
pc방,전남광주통합특별시,해남군,6,6,6
pc방,전남광주통합특별시,영암군,6,6,8
pc방,전남광주통합특별시,무안군,11,11,13
pc방,전남광주통합특별시,함평군,0,0,0
pc방,전남광주통합특별시,영광군,4,4,5
pc방,전남광주통합특별시,장성군,3,3,3
pc방,전남광주통합특별시,완도군,5,5,7
pc방,전남광주통합특별시,진도군,3,3,5
pc방,부산광역시,중구,5,5,4
pc방,부산광역시,서구,11,11,9
pc방,부산광역시,동구,10,10,10
pc방,부산광역시,영도구,9,9,11
pc방,부산광역시,부산진구,38,38,40
pc방,부산광역시,동래구,25,25,23
pc방,부산광역시,남구,34,34,37
pc방,부산광역시,북구,31,31,36
pc방,부산광역시,해운대구,33,36,33
pc방,부산광역시,사하구,36,36,38
pc방,부산광역시,금정구,31,32,35
pc방,부산광역시,강서구,9,9,10
pc방,부산광역시,연제구,16,16,15
pc방,부산광역시,수영구,19,20,22
pc방,부산광역시,사상구,29,29,31
pc방,부산광역시,기장군,17,17,16
pc방,대구광역시,중구,13,13,15
pc방,대구광역시,동구,42,42,48
pc방,대구광역시,서구,21,21,24
pc방,대구광역시,남구,22,22,28
pc방,대구광역시,북구,59,61,64
pc방,대구광역시,수성구,49,47,51
pc방,대구광역시,달서구,68,70,74
pc방,대구광역시,달성군,25,25,24
pc방,인천광역시,제물포구,11,11,11
pc방,인천광역시,영종구,11,10,14
pc방,인천광역시,미추홀구,54,55,66
pc방,인천광역시,연수구,38,39,43
pc방,인천광역시,남동구,70,67,67
pc방,인천광역시,부평구,67,66,57
pc방,인천광역시,계양구,30,31,37
pc방,인천광역시,서해구,41,40,38
pc방,인천광역시,검단구,26,24,21
pc방,인천광역시,강화군,3,3,3
pc방,인천광역시,옹진군,7,7,7
pc방,대전광역시,동구,38,38,44
pc방,대전광역시,중구,33,32,36
pc방,대전광역시,서구,72,70,71
pc방,대전광역시,유성구,46,45,50
pc방,대전광역시,대덕구,23,23,25
pc방,울산광역시,중구,26,26,28
pc방,울산광역시,남구,65,65,72
pc방,울산광역시,동구,19,19,19
pc방,울산광역시,북구,26,25,32
pc방,울산광역시,울주군,24,25,29
pc방,세종특별자치시,0,32,32,28
pc방,경기도,수원시 장안구,37,38,41
pc방,경기도,수원시 권선구,51,54,57
pc방,경기도,수원시 팔달구,37,35,33
pc방,경기도,수원시 영통구,34,34,37
pc방,경기도,성남시 수정구,44,45,41
pc방,경기도,성남시 중원구,21,21,23
pc방,경기도,성남시 분당구,36,36,39
pc방,경기도,의정부시,62,62,62
pc방,경기도,안양시 만안구,34,36,41
pc방,경기도,안양시 동안구,38,38,40
pc방,경기도,부천시 원미구,59,62,64
pc방,경기도,부천시 소사구,20,20,23
pc방,경기도,부천시 오정구,23,24,29
pc방,경기도,광명시,30,31,36
pc방,경기도,평택시,124,120,116
pc방,경기도,동두천시,10,10,10
pc방,경기도,안산시 상록구,64,66,69
pc방,경기도,안산시 단원구,87,88,85
pc방,경기도,고양시 덕양구,47,47,49
pc방,경기도,고양시 일산동구,33,33,31
pc방,경기도,고양시 일산서구,22,22,23
pc방,경기도,과천시,4,3,3
pc방,경기도,구리시,29,28,31
pc방,경기도,남양주시,62,64,65
pc방,경기도,오산시,40,39,35
pc방,경기도,시흥시,90,90,96
pc방,경기도,군포시,39,40,40
pc방,경기도,의왕시,14,14,14
pc방,경기도,하남시,29,31,31
pc방,경기도,용인시 처인구,50,49,40
pc방,경기도,용인시 기흥구,35,35,36
pc방,경기도,용인시 수지구,26,27,27
pc방,경기도,파주시,55,55,59
pc방,경기도,이천시,32,32,34
pc방,경기도,안성시,21,22,20
pc방,경기도,김포시,50,51,50
pc방,경기도,화성시,0,0,0
pc방,경기도,화성시 만세구,42,44,44
pc방,경기도,화성시 효행구,14,15,16
pc방,경기도,화성시 병점구,22,22,22
pc방,경기도,화성시 동탄구,38,41,36
pc방,경기도,광주시,32,32,34
pc방,경기도,양주시,32,33,33
pc방,경기도,포천시,22,22,23
pc방,경기도,여주시,9,9,11
pc방,경기도,연천군,7,7,7
pc방,경기도,가평군,11,11,11
pc방,경기도,양평군,14,12,12
pc방,충청북도,청주시 상당구,26,28,29
pc방,충청북도,청주시 서원구,32,30,27
pc방,충청북도,청주시 흥덕구,52,51,50
pc방,충청북도,청주시 청원구,26,25,32
pc방,충청북도,충주시,36,35,44
pc방,충청북도,제천시,15,15,18
pc방,충청북도,보은군,5,5,3
pc방,충청북도,옥천군,0,0,0
pc방,충청북도,영동군,3,3,5
pc방,충청북도,증평군,7,7,7
pc방,충청북도,진천군,12,12,11
pc방,충청북도,괴산군,3,3,3
pc방,충청북도,음성군,17,17,19
pc방,충청북도,단양군,3,3,3
pc방,충청남도,천안시 동남구,50,51,53
pc방,충청남도,천안시 서북구,91,91,96
pc방,충청남도,공주시,12,12,11
pc방,충청남도,보령시,20,19,17
pc방,충청남도,아산시,61,61,66
pc방,충청남도,서산시,35,35,35
pc방,충청남도,논산시,19,19,19
pc방,충청남도,계룡시,3,4,4
pc방,충청남도,당진시,40,41,44
pc방,충청남도,금산군,5,5,5
pc방,충청남도,부여군,0,0,0
pc방,충청남도,서천군,8,8,10
pc방,충청남도,청양군,4,4,4
pc방,충청남도,홍성군,16,16,15
pc방,충청남도,예산군,16,15,18
pc방,충청남도,태안군,21,21,15
pc방,경상북도,포항시 남구,43,43,42
pc방,경상북도,포항시 북구,32,32,36
pc방,경상북도,경주시,32,32,36
pc방,경상북도,김천시,11,11,12
pc방,경상북도,안동시,26,26,29
pc방,경상북도,구미시,88,87,106
pc방,경상북도,영주시,10,11,14
pc방,경상북도,영천시,11,11,13
pc방,경상북도,상주시,5,5,6
pc방,경상북도,문경시,8,8,7
pc방,경상북도,경산시,51,51,57
pc방,경상북도,의성군,0,0,0
pc방,경상북도,청송군,0,0,0
pc방,경상북도,영양군,3,3,3
pc방,경상북도,영덕군,0,0,0
pc방,경상북도,청도군,0,0,0
pc방,경상북도,고령군,3,3,0
pc방,경상북도,성주군,0,0,0
pc방,경상북도,칠곡군,20,20,21
pc방,경상북도,예천군,5,5,5
pc방,경상북도,봉화군,0,0,0
pc방,경상북도,울진군,5,6,6
pc방,경상북도,울릉군,0,0,0
pc방,경상남도,창원시 의창구,29,30,31
pc방,경상남도,창원시 성산구,34,36,35
pc방,경상남도,창원시 마산합포구,23,23,26
pc방,경상남도,창원시 마산회원구,24,24,24
pc방,경상남도,창원시 진해구,27,27,30
pc방,경상남도,진주시,49,49,60
pc방,경상남도,통영시,12,12,14
pc방,경상남도,사천시,10,10,10
pc방,경상남도,김해시,80,82,86
pc방,경상남도,밀양시,7,7,6
pc방,경상남도,거제시,22,22,21
pc방,경상남도,양산시,36,36,45
pc방,경상남도,의령군,0,0,0
pc방,경상남도,함안군,4,4,4
pc방,경상남도,창녕군,6,6,7
pc방,경상남도,고성군,3,3,3
pc방,경상남도,남해군,0,0,0
pc방,경상남도,하동군,0,0,0
pc방,경상남도,산청군,0,0,0
pc방,경상남도,함양군,3,3,4
pc방,경상남도,거창군,7,7,7
pc방,경상남도,합천군,0,0,0
pc방,제주특별자치도,제주시,83,83,87
pc방,제주특별자치도,서귀포시,30,33,34
pc방,강원특별자치도,춘천시,39,40,45
pc방,강원특별자치도,원주시,59,58,69
pc방,강원특별자치도,강릉시,44,44,50
pc방,강원특별자치도,동해시,16,16,18
pc방,강원특별자치도,태백시,6,6,6
pc방,강원특별자치도,속초시,25,25,23
pc방,강원특별자치도,삼척시,9,9,10
pc방,강원특별자치도,홍천군,9,9,9
pc방,강원특별자치도,횡성군,5,5,4
pc방,강원특별자치도,영월군,0,0,0
pc방,강원특별자치도,평창군,6,6,7
pc방,강원특별자치도,정선군,5,5,5
pc방,강원특별자치도,철원군,14,14,16
pc방,강원특별자치도,화천군,8,8,8
pc방,강원특별자치도,양구군,4,4,5
pc방,강원특별자치도,인제군,17,17,19
pc방,강원특별자치도,고성군,6,6,6
pc방,강원특별자치도,양양군,0,0,0
pc방,전북특별자치도,전주시 완산구,47,48,52
pc방,전북특별자치도,전주시 덕진구,55,56,65
pc방,전북특별자치도,군산시,41,41,36
pc방,전북특별자치도,익산시,46,47,49
pc방,전북특별자치도,정읍시,12,12,15
pc방,전북특별자치도,남원시,9,9,9
pc방,전북특별자치도,김제시,7,7,7
pc방,전북특별자치도,완주군,7,7,7
pc방,전북특별자치도,무주군,3,4,5
pc방,전북특별자치도,장수군,0,0,0
pc방,전북특별자치도,임실군,0,0,0
pc방,전북특별자치도,순창군,0,0,0
pc방,전북특별자치도,고창군,0,0,0
pc방,전북특별자치도,부안군,3,3,3
가전제품수리점,서울특별시,종로구,76,75,64
가전제품수리점,서울특별시,중구,64,62,63
가전제품수리점,서울특별시,용산구,72,72,68
가전제품수리점,서울특별시,성동구,95,93,86
가전제품수리점,서울특별시,광진구,161,158,151
가전제품수리점,서울특별시,동대문구,136,139,134
가전제품수리점,서울특별시,중랑구,281,276,246
가전제품수리점,서울특별시,성북구,201,201,194
가전제품수리점,서울특별시,강북구,189,185,165
가전제품수리점,서울특별시,도봉구,166,167,155
가전제품수리점,서울특별시,노원구,231,227,212
가전제품수리점,서울특별시,은평구,233,236,223
가전제품수리점,서울특별시,서대문구,95,93,91
가전제품수리점,서울특별시,마포구,135,126,108
가전제품수리점,서울특별시,양천구,165,165,151
가전제품수리점,서울특별시,강서구,246,240,217
가전제품수리점,서울특별시,구로구,156,154,161
가전제품수리점,서울특별시,금천구,137,136,117
가전제품수리점,서울특별시,영등포구,155,153,146
가전제품수리점,서울특별시,동작구,129,126,121
가전제품수리점,서울특별시,관악구,199,192,166
가전제품수리점,서울특별시,서초구,107,104,99
가전제품수리점,서울특별시,강남구,149,142,126
가전제품수리점,서울특별시,송파구,197,194,192
가전제품수리점,서울특별시,강동구,205,201,188
가전제품수리점,전남광주통합특별시,목포시,137,137,130
가전제품수리점,전남광주통합특별시,여수시,106,106,101
가전제품수리점,전남광주통합특별시,순천시,143,143,136
가전제품수리점,전남광주통합특별시,나주시,37,35,36
가전제품수리점,전남광주통합특별시,광양시,45,44,42
가전제품수리점,전남광주통합특별시,동구,41,42,45
가전제품수리점,전남광주통합특별시,서구,113,114,104
가전제품수리점,전남광주통합특별시,남구,90,89,89
가전제품수리점,전남광주통합특별시,북구,199,199,188
가전제품수리점,전남광주통합특별시,광산구,185,190,175
가전제품수리점,전남광주통합특별시,담양군,19,18,18
가전제품수리점,전남광주통합특별시,곡성군,6,6,6
가전제품수리점,전남광주통합특별시,구례군,5,5,5
가전제품수리점,전남광주통합특별시,고흥군,20,19,20
가전제품수리점,전남광주통합특별시,보성군,12,12,15
가전제품수리점,전남광주통합특별시,화순군,13,13,12
가전제품수리점,전남광주통합특별시,장흥군,13,14,14
가전제품수리점,전남광주통합특별시,강진군,4,4,4
가전제품수리점,전남광주통합특별시,해남군,18,17,15
가전제품수리점,전남광주통합특별시,영암군,11,11,10
가전제품수리점,전남광주통합특별시,무안군,27,26,23
가전제품수리점,전남광주통합특별시,함평군,6,6,4
가전제품수리점,전남광주통합특별시,영광군,21,21,19
가전제품수리점,전남광주통합특별시,장성군,20,20,17
가전제품수리점,전남광주통합특별시,완도군,16,16,17
가전제품수리점,전남광주통합특별시,진도군,7,7,7
가전제품수리점,전남광주통합특별시,신안군,17,17,16
가전제품수리점,부산광역시,중구,26,25,23
가전제품수리점,부산광역시,서구,33,35,37
가전제품수리점,부산광역시,동구,36,38,37
가전제품수리점,부산광역시,영도구,32,32,30
가전제품수리점,부산광역시,부산진구,150,147,145
가전제품수리점,부산광역시,동래구,115,116,105
가전제품수리점,부산광역시,남구,93,90,83
가전제품수리점,부산광역시,북구,97,97,99
가전제품수리점,부산광역시,해운대구,125,129,121
가전제품수리점,부산광역시,사하구,112,113,106
가전제품수리점,부산광역시,금정구,82,83,81
가전제품수리점,부산광역시,강서구,47,45,43
가전제품수리점,부산광역시,연제구,111,110,108
가전제품수리점,부산광역시,수영구,64,63,61
가전제품수리점,부산광역시,사상구,84,82,74
가전제품수리점,부산광역시,기장군,78,78,76
가전제품수리점,대구광역시,중구,50,50,51
가전제품수리점,대구광역시,동구,176,177,168
가전제품수리점,대구광역시,서구,108,105,105
가전제품수리점,대구광역시,남구,86,86,75
가전제품수리점,대구광역시,북구,237,232,209
가전제품수리점,대구광역시,수성구,115,115,120
가전제품수리점,대구광역시,달서구,267,262,240
가전제품수리점,대구광역시,달성군,110,109,98
가전제품수리점,대구광역시,군위군,7,8,8
가전제품수리점,인천광역시,제물포구,72,69,68
가전제품수리점,인천광역시,영종구,42,42,36
가전제품수리점,인천광역시,미추홀구,277,273,246
가전제품수리점,인천광역시,연수구,144,140,129
가전제품수리점,인천광역시,남동구,340,342,337
가전제품수리점,인천광역시,부평구,361,355,344
가전제품수리점,인천광역시,계양구,229,228,221
가전제품수리점,인천광역시,서해구,232,232,207
가전제품수리점,인천광역시,검단구,160,155,141
가전제품수리점,인천광역시,강화군,19,19,14
가전제품수리점,인천광역시,옹진군,6,6,7
가전제품수리점,대전광역시,동구,132,129,119
가전제품수리점,대전광역시,중구,156,156,149
가전제품수리점,대전광역시,서구,248,249,212
가전제품수리점,대전광역시,유성구,112,112,101
가전제품수리점,대전광역시,대덕구,108,105,100
가전제품수리점,울산광역시,중구,104,104,111
가전제품수리점,울산광역시,남구,105,106,95
가전제품수리점,울산광역시,동구,26,27,29
가전제품수리점,울산광역시,북구,54,55,54
가전제품수리점,울산광역시,울주군,67,65,66
가전제품수리점,세종특별자치시,0,121,124,112
가전제품수리점,경기도,수원시 장안구,156,155,149
가전제품수리점,경기도,수원시 권선구,307,309,300
가전제품수리점,경기도,수원시 팔달구,125,123,124
가전제품수리점,경기도,수원시 영통구,137,136,131
가전제품수리점,경기도,성남시 수정구,111,112,98
가전제품수리점,경기도,성남시 중원구,118,116,119
가전제품수리점,경기도,성남시 분당구,132,126,113
가전제품수리점,경기도,의정부시,395,394,356
가전제품수리점,경기도,안양시 만안구,127,128,117
가전제품수리점,경기도,안양시 동안구,134,132,125
가전제품수리점,경기도,부천시 원미구,225,218,205
가전제품수리점,경기도,부천시 소사구,106,103,110
가전제품수리점,경기도,부천시 오정구,143,143,140
가전제품수리점,경기도,광명시,117,117,99
가전제품수리점,경기도,평택시,334,328,280
가전제품수리점,경기도,동두천시,50,51,48
가전제품수리점,경기도,안산시 상록구,276,277,249
가전제품수리점,경기도,안산시 단원구,202,193,182
가전제품수리점,경기도,고양시 덕양구,307,308,284
가전제품수리점,경기도,고양시 일산동구,171,172,168
가전제품수리점,경기도,고양시 일산서구,149,149,157
가전제품수리점,경기도,과천시,9,9,9
가전제품수리점,경기도,구리시,179,176,162
가전제품수리점,경기도,남양주시,681,676,635
가전제품수리점,경기도,오산시,178,177,158
가전제품수리점,경기도,시흥시,332,325,298
가전제품수리점,경기도,군포시,121,124,120
가전제품수리점,경기도,의왕시,70,69,69
가전제품수리점,경기도,하남시,178,176,174
가전제품수리점,경기도,용인시 처인구,166,169,143
가전제품수리점,경기도,용인시 기흥구,163,160,144
가전제품수리점,경기도,용인시 수지구,81,79,70
가전제품수리점,경기도,파주시,372,371,306
가전제품수리점,경기도,이천시,86,86,83
가전제품수리점,경기도,안성시,90,90,91
가전제품수리점,경기도,김포시,266,271,244
가전제품수리점,경기도,화성시,0,0,0
가전제품수리점,경기도,화성시 만세구,117,116,105
가전제품수리점,경기도,화성시 효행구,124,125,107
가전제품수리점,경기도,화성시 병점구,127,124,109
가전제품수리점,경기도,화성시 동탄구,155,157,132
가전제품수리점,경기도,광주시,257,253,248
가전제품수리점,경기도,양주시,236,233,197
가전제품수리점,경기도,포천시,78,76,62
가전제품수리점,경기도,여주시,55,56,53
가전제품수리점,경기도,연천군,18,19,18
가전제품수리점,경기도,가평군,23,23,22
가전제품수리점,경기도,양평군,44,45,49
가전제품수리점,충청북도,청주시 상당구,115,112,98
가전제품수리점,충청북도,청주시 서원구,88,87,80
가전제품수리점,충청북도,청주시 흥덕구,126,125,120
가전제품수리점,충청북도,청주시 청원구,99,97,87
가전제품수리점,충청북도,충주시,113,112,96
가전제품수리점,충청북도,제천시,50,50,44
가전제품수리점,충청북도,보은군,9,9,9
가전제품수리점,충청북도,옥천군,17,17,15
가전제품수리점,충청북도,영동군,12,12,11
가전제품수리점,충청북도,증평군,21,20,17
가전제품수리점,충청북도,진천군,31,31,29
가전제품수리점,충청북도,괴산군,11,10,10
가전제품수리점,충청북도,음성군,37,36,26
가전제품수리점,충청북도,단양군,9,9,5
가전제품수리점,충청남도,천안시 동남구,187,187,181
가전제품수리점,충청남도,천안시 서북구,222,227,210
가전제품수리점,충청남도,공주시,29,29,26
가전제품수리점,충청남도,보령시,28,28,27
가전제품수리점,충청남도,아산시,244,241,210
가전제품수리점,충청남도,서산시,99,99,95
가전제품수리점,충청남도,논산시,45,44,39
가전제품수리점,충청남도,계룡시,12,12,11
가전제품수리점,충청남도,당진시,36,38,34
가전제품수리점,충청남도,금산군,9,9,11
가전제품수리점,충청남도,부여군,9,9,8
가전제품수리점,충청남도,서천군,15,15,17
가전제품수리점,충청남도,청양군,7,7,8
가전제품수리점,충청남도,홍성군,54,53,52
가전제품수리점,충청남도,예산군,24,25,22
가전제품수리점,충청남도,태안군,11,11,9
가전제품수리점,경상북도,포항시 남구,81,80,71
가전제품수리점,경상북도,포항시 북구,106,103,94
가전제품수리점,경상북도,경주시,103,100,99
가전제품수리점,경상북도,김천시,34,34,32
가전제품수리점,경상북도,안동시,68,68,65
가전제품수리점,경상북도,구미시,138,139,143
가전제품수리점,경상북도,영주시,26,26,23
가전제품수리점,경상북도,영천시,26,26,24
가전제품수리점,경상북도,상주시,29,28,27
가전제품수리점,경상북도,문경시,15,14,12
가전제품수리점,경상북도,경산시,105,105,97
가전제품수리점,경상북도,의성군,17,16,17
가전제품수리점,경상북도,청송군,5,5,4
가전제품수리점,경상북도,영양군,3,3,3
가전제품수리점,경상북도,영덕군,18,17,15
가전제품수리점,경상북도,청도군,13,12,11
가전제품수리점,경상북도,고령군,9,9,9
가전제품수리점,경상북도,성주군,14,14,14
가전제품수리점,경상북도,칠곡군,36,35,30
가전제품수리점,경상북도,예천군,15,15,14
가전제품수리점,경상북도,봉화군,7,7,7
가전제품수리점,경상북도,울진군,11,11,11
가전제품수리점,경상북도,울릉군,7,7,5
가전제품수리점,경상남도,창원시 의창구,137,136,124
가전제품수리점,경상남도,창원시 성산구,86,83,84
가전제품수리점,경상남도,창원시 마산합포구,69,68,57
가전제품수리점,경상남도,창원시 마산회원구,87,87,89
가전제품수리점,경상남도,창원시 진해구,77,77,76
가전제품수리점,경상남도,진주시,174,173,151
가전제품수리점,경상남도,통영시,80,79,77
가전제품수리점,경상남도,사천시,31,31,29
가전제품수리점,경상남도,김해시,235,235,210
가전제품수리점,경상남도,밀양시,26,26,26
가전제품수리점,경상남도,거제시,76,77,74
가전제품수리점,경상남도,양산시,223,226,198
가전제품수리점,경상남도,의령군,4,4,3
가전제품수리점,경상남도,함안군,26,26,21
가전제품수리점,경상남도,창녕군,11,11,10
가전제품수리점,경상남도,고성군,20,20,18
가전제품수리점,경상남도,남해군,8,9,7
가전제품수리점,경상남도,하동군,11,11,12
가전제품수리점,경상남도,산청군,0,0,0
가전제품수리점,경상남도,함양군,7,7,6
가전제품수리점,경상남도,거창군,12,12,12
가전제품수리점,경상남도,합천군,8,7,5
가전제품수리점,제주특별자치도,제주시,260,256,235
가전제품수리점,제주특별자치도,서귀포시,83,82,62
가전제품수리점,강원특별자치도,춘천시,157,156,135
가전제품수리점,강원특별자치도,원주시,277,278,243
가전제품수리점,강원특별자치도,강릉시,158,160,145
가전제품수리점,강원특별자치도,동해시,53,53,44
가전제품수리점,강원특별자치도,태백시,5,5,6
가전제품수리점,강원특별자치도,속초시,52,51,41
가전제품수리점,강원특별자치도,삼척시,23,24,24
가전제품수리점,강원특별자치도,홍천군,23,23,19
가전제품수리점,강원특별자치도,횡성군,14,13,12
가전제품수리점,강원특별자치도,영월군,15,15,15
가전제품수리점,강원특별자치도,평창군,16,16,14
가전제품수리점,강원특별자치도,정선군,12,12,13
가전제품수리점,강원특별자치도,철원군,7,8,9
가전제품수리점,강원특별자치도,화천군,10,10,10
가전제품수리점,강원특별자치도,양구군,15,15,15
가전제품수리점,강원특별자치도,인제군,3,0,3
가전제품수리점,강원특별자치도,고성군,11,11,10
가전제품수리점,강원특별자치도,양양군,11,10,9
가전제품수리점,전북특별자치도,전주시 완산구,167,167,156
가전제품수리점,전북특별자치도,전주시 덕진구,152,154,137
가전제품수리점,전북특별자치도,군산시,91,91,86
가전제품수리점,전북특별자치도,익산시,113,114,108
가전제품수리점,전북특별자치도,정읍시,39,40,38
가전제품수리점,전북특별자치도,남원시,30,31,33
가전제품수리점,전북특별자치도,김제시,40,40,31
가전제품수리점,전북특별자치도,완주군,38,37,35
가전제품수리점,전북특별자치도,진안군,7,7,6
가전제품수리점,전북특별자치도,무주군,5,4,3
가전제품수리점,전북특별자치도,장수군,3,0,0
가전제품수리점,전북특별자치도,임실군,11,12,13
가전제품수리점,전북특별자치도,순창군,9,9,9
가전제품수리점,전북특별자치도,고창군,14,15,13
가전제품수리점,전북특별자치도,부안군,12,12,10
결혼상담소,서울특별시,종로구,23,23,22
결혼상담소,서울특별시,중구,22,21,20
결혼상담소,서울특별시,용산구,6,7,9
결혼상담소,서울특별시,성동구,13,14,12
결혼상담소,서울특별시,광진구,12,13,14
결혼상담소,서울특별시,동대문구,3,4,0
결혼상담소,서울특별시,중랑구,15,15,11
결혼상담소,서울특별시,성북구,5,5,3
결혼상담소,서울특별시,강북구,7,7,6
결혼상담소,서울특별시,도봉구,4,4,4
결혼상담소,서울특별시,노원구,8,8,8
결혼상담소,서울특별시,은평구,11,11,8
결혼상담소,서울특별시,서대문구,5,4,5
결혼상담소,서울특별시,마포구,24,24,20
결혼상담소,서울특별시,양천구,7,7,9
결혼상담소,서울특별시,강서구,24,24,19
결혼상담소,서울특별시,구로구,23,22,22
결혼상담소,서울특별시,금천구,17,17,14
결혼상담소,서울특별시,영등포구,25,25,22
결혼상담소,서울특별시,동작구,3,4,5
결혼상담소,서울특별시,관악구,11,12,13
결혼상담소,서울특별시,서초구,59,57,55
결혼상담소,서울특별시,강남구,175,172,171
결혼상담소,서울특별시,송파구,32,32,23
결혼상담소,서울특별시,강동구,15,15,15
결혼상담소,전남광주통합특별시,목포시,6,6,8
결혼상담소,전남광주통합특별시,여수시,10,10,10
결혼상담소,전남광주통합특별시,순천시,13,12,12
결혼상담소,전남광주통합특별시,나주시,6,6,6
결혼상담소,전남광주통합특별시,광양시,4,4,5
결혼상담소,전남광주통합특별시,동구,43,44,43
결혼상담소,전남광주통합특별시,서구,32,32,32
결혼상담소,전남광주통합특별시,남구,19,18,20
결혼상담소,전남광주통합특별시,북구,16,16,14
결혼상담소,전남광주통합특별시,광산구,12,12,9
결혼상담소,전남광주통합특별시,화순군,0,0,0
결혼상담소,전남광주통합특별시,장흥군,0,0,0
결혼상담소,전남광주통합특별시,해남군,0,0,0
결혼상담소,전남광주통합특별시,영암군,0,0,0
결혼상담소,전남광주통합특별시,무안군,0,0,0
결혼상담소,전남광주통합특별시,함평군,0,0,0
결혼상담소,전남광주통합특별시,영광군,0,0,0
결혼상담소,전남광주통합특별시,장성군,0,0,0
결혼상담소,전남광주통합특별시,완도군,0,0,0
결혼상담소,전남광주통합특별시,진도군,0,0,0
결혼상담소,부산광역시,중구,0,0,0
결혼상담소,부산광역시,서구,3,3,0
결혼상담소,부산광역시,동구,10,10,8
결혼상담소,부산광역시,영도구,0,0,0
결혼상담소,부산광역시,부산진구,26,26,26
결혼상담소,부산광역시,동래구,9,9,12
결혼상담소,부산광역시,남구,6,6,6
결혼상담소,부산광역시,북구,0,0,0
결혼상담소,부산광역시,해운대구,25,25,23
결혼상담소,부산광역시,사하구,3,3,3
결혼상담소,부산광역시,금정구,6,6,6
결혼상담소,부산광역시,강서구,0,0,0
결혼상담소,부산광역시,연제구,9,9,7
결혼상담소,부산광역시,수영구,13,12,16
결혼상담소,부산광역시,사상구,5,5,6
결혼상담소,부산광역시,기장군,6,6,7
결혼상담소,대구광역시,중구,67,65,52
결혼상담소,대구광역시,동구,24,23,20
결혼상담소,대구광역시,서구,7,7,7
결혼상담소,대구광역시,남구,18,18,20
결혼상담소,대구광역시,북구,10,10,9
결혼상담소,대구광역시,수성구,24,24,25
결혼상담소,대구광역시,달서구,14,14,11
결혼상담소,대구광역시,달성군,0,0,0
결혼상담소,인천광역시,제물포구,0,0,0
결혼상담소,인천광역시,영종구,0,0,0
결혼상담소,인천광역시,미추홀구,11,12,10
결혼상담소,인천광역시,연수구,16,16,16
결혼상담소,인천광역시,남동구,29,29,25
결혼상담소,인천광역시,부평구,17,17,21
결혼상담소,인천광역시,계양구,4,4,4
결혼상담소,인천광역시,서해구,14,15,11
결혼상담소,인천광역시,검단구,0,0,0
결혼상담소,인천광역시,강화군,0,0,0
결혼상담소,대전광역시,동구,11,11,12
결혼상담소,대전광역시,중구,22,22,21
결혼상담소,대전광역시,서구,38,38,41
결혼상담소,대전광역시,유성구,15,14,14
결혼상담소,대전광역시,대덕구,8,8,8
결혼상담소,울산광역시,중구,3,3,3
결혼상담소,울산광역시,남구,17,17,19
결혼상담소,울산광역시,동구,0,0,0
결혼상담소,울산광역시,북구,0,0,0
결혼상담소,울산광역시,울주군,4,4,5
결혼상담소,세종특별자치시,0,15,13,13
결혼상담소,경기도,수원시 장안구,7,7,7
결혼상담소,경기도,수원시 권선구,8,8,3
결혼상담소,경기도,수원시 팔달구,25,25,25
결혼상담소,경기도,수원시 영통구,10,10,9
결혼상담소,경기도,성남시 수정구,9,8,7
결혼상담소,경기도,성남시 중원구,5,5,6
결혼상담소,경기도,성남시 분당구,17,18,14
결혼상담소,경기도,의정부시,13,13,11
결혼상담소,경기도,안양시 만안구,4,3,4
결혼상담소,경기도,안양시 동안구,5,4,0
결혼상담소,경기도,부천시 원미구,25,24,23
결혼상담소,경기도,부천시 소사구,0,0,0
결혼상담소,경기도,광명시,11,11,10
결혼상담소,경기도,평택시,25,24,22
결혼상담소,경기도,동두천시,0,0,0
결혼상담소,경기도,안산시 상록구,7,6,6
결혼상담소,경기도,안산시 단원구,12,12,15
결혼상담소,경기도,고양시 덕양구,16,18,12
결혼상담소,경기도,고양시 일산동구,10,10,11
결혼상담소,경기도,고양시 일산서구,5,5,5
결혼상담소,경기도,과천시,0,0,0
결혼상담소,경기도,구리시,4,4,4
결혼상담소,경기도,남양주시,18,16,18
결혼상담소,경기도,오산시,5,6,7
결혼상담소,경기도,시흥시,13,13,8
결혼상담소,경기도,군포시,10,10,11
결혼상담소,경기도,의왕시,4,4,3
결혼상담소,경기도,하남시,17,16,12
결혼상담소,경기도,용인시 처인구,4,4,3
결혼상담소,경기도,용인시 기흥구,20,19,15
결혼상담소,경기도,용인시 수지구,5,5,4
결혼상담소,경기도,파주시,9,9,6
결혼상담소,경기도,이천시,7,6,6
결혼상담소,경기도,안성시,8,7,3
결혼상담소,경기도,김포시,12,13,11
결혼상담소,경기도,화성시,0,0,0
결혼상담소,경기도,화성시 만세구,4,4,4
결혼상담소,경기도,화성시 효행구,3,3,0
결혼상담소,경기도,화성시 병점구,4,3,0
결혼상담소,경기도,화성시 동탄구,6,7,4
결혼상담소,경기도,광주시,11,11,9
결혼상담소,경기도,양주시,8,8,7
결혼상담소,경기도,포천시,0,0,0
결혼상담소,경기도,여주시,3,3,3
결혼상담소,경기도,연천군,3,3,0
결혼상담소,경기도,가평군,0,0,0
결혼상담소,경기도,양평군,0,0,0
결혼상담소,충청북도,청주시 상당구,15,14,14
결혼상담소,충청북도,청주시 서원구,17,17,17
결혼상담소,충청북도,청주시 흥덕구,12,11,9
결혼상담소,충청북도,청주시 청원구,4,4,0
결혼상담소,충청북도,충주시,6,6,4
결혼상담소,충청북도,제천시,4,4,4
결혼상담소,충청북도,옥천군,0,0,0
결혼상담소,충청북도,영동군,0,0,0
결혼상담소,충청북도,증평군,0,0,0
결혼상담소,충청북도,진천군,0,0,0
결혼상담소,충청북도,괴산군,0,0,0
결혼상담소,충청북도,음성군,0,0,0
결혼상담소,충청남도,천안시 동남구,19,20,18
결혼상담소,충청남도,천안시 서북구,29,28,24
결혼상담소,충청남도,공주시,4,4,3
결혼상담소,충청남도,보령시,4,4,4
결혼상담소,충청남도,아산시,8,8,8
결혼상담소,충청남도,서산시,7,7,6
결혼상담소,충청남도,논산시,10,10,7
결혼상담소,충청남도,계룡시,0,0,0
결혼상담소,충청남도,당진시,9,9,7
결혼상담소,충청남도,금산군,0,0,0
결혼상담소,충청남도,부여군,0,0,0
결혼상담소,충청남도,서천군,3,3,4
결혼상담소,충청남도,청양군,0,0,0
결혼상담소,충청남도,홍성군,3,3,4
결혼상담소,충청남도,태안군,0,0,0
결혼상담소,경상북도,포항시 남구,4,5,4
결혼상담소,경상북도,포항시 북구,13,12,11
결혼상담소,경상북도,경주시,9,10,9
결혼상담소,경상북도,김천시,0,0,0
결혼상담소,경상북도,안동시,3,3,6
결혼상담소,경상북도,구미시,8,8,8
결혼상담소,경상북도,영주시,6,6,7
결혼상담소,경상북도,영천시,0,0,0
결혼상담소,경상북도,상주시,4,4,4
결혼상담소,경상북도,문경시,0,0,0
결혼상담소,경상북도,경산시,6,6,3
결혼상담소,경상북도,의성군,0,0,0
결혼상담소,경상북도,영양군,0,0,0
결혼상담소,경상북도,청도군,0,0,0
결혼상담소,경상북도,성주군,0,0,0
결혼상담소,경상북도,칠곡군,0,0,0
결혼상담소,경상북도,예천군,3,3,3
결혼상담소,경상북도,울진군,0,0,0
결혼상담소,경상남도,창원시 의창구,10,10,12
결혼상담소,경상남도,창원시 성산구,23,23,19
결혼상담소,경상남도,창원시 마산합포구,5,6,6
결혼상담소,경상남도,창원시 마산회원구,4,4,8
결혼상담소,경상남도,창원시 진해구,3,3,0
결혼상담소,경상남도,진주시,15,15,12
결혼상담소,경상남도,통영시,4,4,5
결혼상담소,경상남도,사천시,4,4,3
결혼상담소,경상남도,김해시,21,20,16
결혼상담소,경상남도,밀양시,0,0,0
결혼상담소,경상남도,거제시,6,6,5
결혼상담소,경상남도,양산시,7,8,6
결혼상담소,경상남도,창녕군,3,3,3
결혼상담소,경상남도,고성군,0,0,0
결혼상담소,경상남도,남해군,0,0,0
결혼상담소,경상남도,하동군,0,0,0
결혼상담소,경상남도,함양군,0,0,0
결혼상담소,경상남도,거창군,0,0,0
결혼상담소,제주특별자치도,제주시,26,26,23
결혼상담소,제주특별자치도,서귀포시,7,7,6
결혼상담소,강원특별자치도,춘천시,8,8,8
결혼상담소,강원특별자치도,원주시,12,12,7
결혼상담소,강원특별자치도,강릉시,5,5,7
결혼상담소,강원특별자치도,동해시,0,0,0
결혼상담소,강원특별자치도,속초시,0,0,0
결혼상담소,강원특별자치도,삼척시,0,0,0
결혼상담소,강원특별자치도,홍천군,0,0,0
결혼상담소,강원특별자치도,평창군,0,0,0
결혼상담소,강원특별자치도,철원군,0,0,0
결혼상담소,강원특별자치도,양구군,0,0,0
결혼상담소,전북특별자치도,전주시 완산구,33,33,33
결혼상담소,전북특별자치도,전주시 덕진구,19,18,15
결혼상담소,전북특별자치도,군산시,11,11,13
결혼상담소,전북특별자치도,익산시,13,13,12
결혼상담소,전북특별자치도,정읍시,5,5,4
결혼상담소,전북특별자치도,남원시,4,4,4
결혼상담소,전북특별자치도,김제시,5,5,4
결혼상담소,전북특별자치도,완주군,0,0,0
결혼상담소,전북특별자치도,진안군,3,3,3
결혼상담소,전북특별자치도,임실군,0,0,0
결혼상담소,전북특별자치도,순창군,0,0,0
결혼상담소,전북특별자치도,고창군,0,0,0
결혼상담소,전북특별자치도,부안군,0,0,0
노래방,서울특별시,종로구,58,60,61
노래방,서울특별시,중구,58,58,60
노래방,서울특별시,용산구,58,59,64
노래방,서울특별시,성동구,116,118,124
노래방,서울특별시,광진구,280,280,288
노래방,서울특별시,동대문구,152,153,160
노래방,서울특별시,중랑구,307,307,312
노래방,서울특별시,성북구,116,119,127
노래방,서울특별시,강북구,245,246,250
노래방,서울특별시,도봉구,150,150,157
노래방,서울특별시,노원구,218,217,228
노래방,서울특별시,은평구,159,160,166
노래방,서울특별시,서대문구,86,86,92
노래방,서울특별시,마포구,173,173,180
노래방,서울특별시,양천구,185,186,192
노래방,서울특별시,강서구,279,275,277
노래방,서울특별시,구로구,243,242,255
노래방,서울특별시,금천구,153,155,162
노래방,서울특별시,영등포구,269,271,280
노래방,서울특별시,동작구,121,121,129
노래방,서울특별시,관악구,227,228,246
노래방,서울특별시,서초구,162,162,169
노래방,서울특별시,강남구,182,183,189
노래방,서울특별시,송파구,368,368,386
노래방,서울특별시,강동구,207,207,213
노래방,전남광주통합특별시,목포시,131,131,139
노래방,전남광주통합특별시,여수시,96,97,103
노래방,전남광주통합특별시,순천시,121,121,130
노래방,전남광주통합특별시,나주시,30,30,30
노래방,전남광주통합특별시,광양시,68,68,69
노래방,전남광주통합특별시,동구,55,55,58
노래방,전남광주통합특별시,서구,189,191,196
노래방,전남광주통합특별시,남구,72,72,74
노래방,전남광주통합특별시,북구,259,260,267
노래방,전남광주통합특별시,광산구,230,231,234
노래방,전남광주통합특별시,담양군,9,9,9
노래방,전남광주통합특별시,곡성군,6,6,6
노래방,전남광주통합특별시,구례군,5,5,5
노래방,전남광주통합특별시,고흥군,10,10,11
노래방,전남광주통합특별시,보성군,10,10,11
노래방,전남광주통합특별시,화순군,14,14,14
노래방,전남광주통합특별시,장흥군,8,8,9
노래방,전남광주통합특별시,강진군,8,8,8
노래방,전남광주통합특별시,해남군,5,5,5
노래방,전남광주통합특별시,영암군,7,7,7
노래방,전남광주통합특별시,무안군,22,23,24
노래방,전남광주통합특별시,함평군,4,4,4
노래방,전남광주통합특별시,영광군,6,6,6
노래방,전남광주통합특별시,장성군,7,7,7
노래방,전남광주통합특별시,완도군,6,6,7
노래방,전남광주통합특별시,진도군,7,7,6
노래방,전남광주통합특별시,신안군,12,12,13
노래방,부산광역시,중구,17,17,18
노래방,부산광역시,서구,16,16,15
노래방,부산광역시,동구,12,12,14
노래방,부산광역시,영도구,21,21,22
노래방,부산광역시,부산진구,113,114,118
노래방,부산광역시,동래구,119,121,130
노래방,부산광역시,남구,64,64,66
노래방,부산광역시,북구,135,136,147
노래방,부산광역시,해운대구,117,118,121
노래방,부산광역시,사하구,96,99,106
노래방,부산광역시,금정구,103,104,108
노래방,부산광역시,강서구,32,33,35
노래방,부산광역시,연제구,73,76,79
노래방,부산광역시,수영구,70,70,76
노래방,부산광역시,사상구,108,109,118
노래방,부산광역시,기장군,56,56,57
노래방,대구광역시,중구,51,51,53
노래방,대구광역시,동구,129,133,140
노래방,대구광역시,서구,103,106,113
노래방,대구광역시,남구,82,83,90
노래방,대구광역시,북구,196,197,215
노래방,대구광역시,수성구,168,170,175
노래방,대구광역시,달서구,368,370,387
노래방,대구광역시,달성군,90,91,97
노래방,대구광역시,군위군,7,7,8
노래방,인천광역시,제물포구,55,55,55
노래방,인천광역시,영종구,31,31,30
노래방,인천광역시,미추홀구,284,284,282
노래방,인천광역시,연수구,231,231,242
노래방,인천광역시,남동구,418,420,431
노래방,인천광역시,부평구,321,322,334
노래방,인천광역시,계양구,219,221,227
노래방,인천광역시,서해구,295,298,300
노래방,인천광역시,검단구,93,92,93
노래방,인천광역시,강화군,22,22,22
노래방,인천광역시,옹진군,14,14,16
노래방,대전광역시,동구,137,136,146
노래방,대전광역시,중구,187,187,191
노래방,대전광역시,서구,365,369,389
노래방,대전광역시,유성구,177,177,187
노래방,대전광역시,대덕구,168,168,176
노래방,울산광역시,중구,94,96,108
노래방,울산광역시,남구,178,179,195
노래방,울산광역시,동구,67,68,68
노래방,울산광역시,북구,88,89,92
노래방,울산광역시,울주군,89,90,92
노래방,세종특별자치시,0,139,138,143
노래방,경기도,수원시 장안구,135,138,139
노래방,경기도,수원시 권선구,226,226,231
노래방,경기도,수원시 팔달구,126,126,137
노래방,경기도,수원시 영통구,129,131,138
노래방,경기도,성남시 수정구,107,107,115
노래방,경기도,성남시 중원구,182,183,190
노래방,경기도,성남시 분당구,152,153,157
노래방,경기도,의정부시,221,221,229
노래방,경기도,안양시 만안구,135,137,143
노래방,경기도,안양시 동안구,130,131,136
노래방,경기도,부천시 원미구,263,265,281
노래방,경기도,부천시 소사구,79,79,80
노래방,경기도,부천시 오정구,133,134,137
노래방,경기도,광명시,84,85,92
노래방,경기도,평택시,268,268,275
노래방,경기도,동두천시,19,19,20
노래방,경기도,안산시 상록구,250,253,263
노래방,경기도,안산시 단원구,295,296,302
노래방,경기도,고양시 덕양구,194,196,202
노래방,경기도,고양시 일산동구,194,197,205
노래방,경기도,고양시 일산서구,110,110,114
노래방,경기도,과천시,6,6,6
노래방,경기도,구리시,77,79,78
노래방,경기도,남양주시,178,180,183
노래방,경기도,오산시,133,136,134
노래방,경기도,시흥시,344,345,348
노래방,경기도,군포시,101,102,103
노래방,경기도,의왕시,35,35,36
노래방,경기도,하남시,67,70,71
노래방,경기도,용인시 처인구,147,148,148
노래방,경기도,용인시 기흥구,109,108,112
노래방,경기도,용인시 수지구,55,55,56
노래방,경기도,파주시,213,215,216
노래방,경기도,이천시,108,108,114
노래방,경기도,안성시,103,105,106
노래방,경기도,김포시,167,173,183
노래방,경기도,화성시,0,0,0
노래방,경기도,화성시 만세구,133,136,143
노래방,경기도,화성시 효행구,62,63,64
노래방,경기도,화성시 병점구,79,81,79
노래방,경기도,화성시 동탄구,79,79,82
노래방,경기도,광주시,198,199,203
노래방,경기도,양주시,66,66,72
노래방,경기도,포천시,72,72,80
노래방,경기도,여주시,73,73,77
노래방,경기도,연천군,8,8,9
노래방,경기도,가평군,16,16,18
노래방,경기도,양평군,31,31,31
노래방,충청북도,청주시 상당구,113,113,114
노래방,충청북도,청주시 서원구,121,122,128
노래방,충청북도,청주시 흥덕구,217,216,222
노래방,충청북도,청주시 청원구,124,125,130
노래방,충청북도,충주시,115,116,120
노래방,충청북도,제천시,79,79,85
노래방,충청북도,보은군,10,10,10
노래방,충청북도,옥천군,10,10,11
노래방,충청북도,영동군,19,20,22
노래방,충청북도,증평군,19,19,20
노래방,충청북도,진천군,32,32,33
노래방,충청북도,괴산군,12,12,13
노래방,충청북도,음성군,71,69,70
노래방,충청북도,단양군,16,16,15
노래방,충청남도,천안시 동남구,128,129,134
노래방,충청남도,천안시 서북구,233,234,241
노래방,충청남도,공주시,38,38,39
노래방,충청남도,보령시,75,75,79
노래방,충청남도,아산시,116,118,123
노래방,충청남도,서산시,80,81,78
노래방,충청남도,논산시,70,70,74
노래방,충청남도,계룡시,11,11,11
노래방,충청남도,당진시,120,121,124
노래방,충청남도,금산군,15,15,16
노래방,충청남도,부여군,10,10,11
노래방,충청남도,서천군,14,14,14
노래방,충청남도,청양군,14,13,12
노래방,충청남도,홍성군,38,38,41
노래방,충청남도,예산군,41,42,40
노래방,충청남도,태안군,32,31,35
노래방,경상북도,포항시 남구,175,176,183
노래방,경상북도,포항시 북구,120,121,128
노래방,경상북도,경주시,134,137,148
노래방,경상북도,김천시,55,55,62
노래방,경상북도,안동시,65,66,69
노래방,경상북도,구미시,252,255,262
노래방,경상북도,영주시,26,27,30
노래방,경상북도,영천시,40,41,42
노래방,경상북도,상주시,18,18,20
노래방,경상북도,문경시,20,20,21
노래방,경상북도,경산시,99,100,103
노래방,경상북도,의성군,10,10,11
노래방,경상북도,청송군,10,10,10
노래방,경상북도,영양군,0,0,0
노래방,경상북도,영덕군,16,16,17
노래방,경상북도,청도군,9,9,9
노래방,경상북도,고령군,12,12,13
노래방,경상북도,성주군,16,16,18
노래방,경상북도,칠곡군,52,53,55
노래방,경상북도,예천군,15,15,14
노래방,경상북도,봉화군,7,7,7
노래방,경상북도,울진군,24,24,24
노래방,경상남도,창원시 의창구,120,123,134
노래방,경상남도,창원시 성산구,74,73,81
노래방,경상남도,창원시 마산합포구,41,41,43
노래방,경상남도,창원시 마산회원구,58,58,58
노래방,경상남도,창원시 진해구,61,61,66
노래방,경상남도,진주시,196,198,207
노래방,경상남도,통영시,38,38,41
노래방,경상남도,사천시,37,37,37
노래방,경상남도,김해시,165,168,181
노래방,경상남도,밀양시,31,31,32
노래방,경상남도,거제시,115,115,117
노래방,경상남도,양산시,113,113,115
노래방,경상남도,의령군,3,3,3
노래방,경상남도,함안군,17,17,18
노래방,경상남도,창녕군,14,15,16
노래방,경상남도,고성군,12,12,13
노래방,경상남도,남해군,15,15,14
노래방,경상남도,하동군,9,9,9
노래방,경상남도,산청군,6,6,7
노래방,경상남도,함양군,7,7,7
노래방,경상남도,거창군,16,15,15
노래방,경상남도,합천군,4,4,3
노래방,제주특별자치도,제주시,195,196,204
노래방,제주특별자치도,서귀포시,67,67,72
노래방,강원특별자치도,춘천시,154,156,160
노래방,강원특별자치도,원주시,180,180,183
노래방,강원특별자치도,강릉시,95,96,101
노래방,강원특별자치도,동해시,30,31,33
노래방,강원특별자치도,태백시,13,12,14
노래방,강원특별자치도,속초시,60,59,63
노래방,강원특별자치도,삼척시,24,24,24
노래방,강원특별자치도,홍천군,24,24,23
노래방,강원특별자치도,횡성군,22,22,24
노래방,강원특별자치도,영월군,10,10,10
노래방,강원특별자치도,평창군,17,17,19
노래방,강원특별자치도,정선군,9,9,10
노래방,강원특별자치도,철원군,13,13,14
노래방,강원특별자치도,화천군,5,5,5
노래방,강원특별자치도,양구군,7,7,7
노래방,강원특별자치도,인제군,10,10,9
노래방,강원특별자치도,고성군,6,6,6
노래방,강원특별자치도,양양군,12,12,13
노래방,전북특별자치도,전주시 완산구,214,216,226
노래방,전북특별자치도,전주시 덕진구,121,123,130
노래방,전북특별자치도,군산시,92,94,96
노래방,전북특별자치도,익산시,152,151,154
노래방,전북특별자치도,정읍시,13,13,13
노래방,전북특별자치도,남원시,22,22,22
노래방,전북특별자치도,김제시,14,14,14
노래방,전북특별자치도,완주군,18,19,19
노래방,전북특별자치도,진안군,0,0,0
노래방,전북특별자치도,무주군,9,9,9
노래방,전북특별자치도,장수군,0,0,0
노래방,전북특별자치도,임실군,5,5,5
노래방,전북특별자치도,순창군,3,3,4
노래방,전북특별자치도,고창군,7,7,7
노래방,전북특별자치도,부안군,9,9,10
당구장,서울특별시,종로구,78,79,86
당구장,서울특별시,중구,76,76,82
당구장,서울특별시,용산구,43,43,42
당구장,서울특별시,성동구,71,71,76
당구장,서울특별시,광진구,139,138,142
당구장,서울특별시,동대문구,109,110,113
당구장,서울특별시,중랑구,115,113,121
당구장,서울특별시,성북구,91,92,93
당구장,서울특별시,강북구,100,101,104
당구장,서울특별시,도봉구,100,100,99
당구장,서울특별시,노원구,121,122,123
당구장,서울특별시,은평구,107,108,112
당구장,서울특별시,서대문구,72,74,79
당구장,서울특별시,마포구,111,115,119
당구장,서울특별시,양천구,99,103,101
당구장,서울특별시,강서구,157,158,158
당구장,서울특별시,구로구,96,95,102
당구장,서울특별시,금천구,76,75,76
당구장,서울특별시,영등포구,131,132,133
당구장,서울특별시,동작구,82,82,80
당구장,서울특별시,관악구,105,105,111
당구장,서울특별시,서초구,151,151,154
당구장,서울특별시,강남구,181,181,188
당구장,서울특별시,송파구,188,191,198
당구장,서울특별시,강동구,130,129,130
당구장,전남광주통합특별시,목포시,104,110,114
당구장,전남광주통합특별시,여수시,116,116,113
당구장,전남광주통합특별시,순천시,120,120,117
당구장,전남광주통합특별시,나주시,43,44,48
당구장,전남광주통합특별시,광양시,77,77,73
당구장,전남광주통합특별시,동구,47,48,43
당구장,전남광주통합특별시,서구,116,116,116
당구장,전남광주통합특별시,남구,75,72,71
당구장,전남광주통합특별시,북구,157,159,163
당구장,전남광주통합특별시,광산구,194,193,191
당구장,전남광주통합특별시,담양군,10,10,12
당구장,전남광주통합특별시,곡성군,10,10,9
당구장,전남광주통합특별시,구례군,9,9,8
당구장,전남광주통합특별시,고흥군,25,25,23
당구장,전남광주통합특별시,보성군,14,14,14
당구장,전남광주통합특별시,화순군,10,10,10
당구장,전남광주통합특별시,장흥군,21,22,21
당구장,전남광주통합특별시,강진군,17,17,17
당구장,전남광주통합특별시,해남군,18,18,19
당구장,전남광주통합특별시,영암군,22,20,19
당구장,전남광주통합특별시,무안군,32,32,33
당구장,전남광주통합특별시,함평군,5,5,6
당구장,전남광주통합특별시,영광군,18,18,21
당구장,전남광주통합특별시,장성군,15,15,14
당구장,전남광주통합특별시,완도군,26,26,27
당구장,전남광주통합특별시,진도군,9,9,9
당구장,전남광주통합특별시,신안군,10,10,10
당구장,부산광역시,중구,24,25,25
당구장,부산광역시,서구,21,22,22
당구장,부산광역시,동구,27,26,31
당구장,부산광역시,영도구,24,24,29
당구장,부산광역시,부산진구,109,107,100
당구장,부산광역시,동래구,72,71,69
당구장,부산광역시,남구,52,52,56
당구장,부산광역시,북구,57,56,53
당구장,부산광역시,해운대구,78,78,72
당구장,부산광역시,사하구,89,87,94
당구장,부산광역시,금정구,66,66,71
당구장,부산광역시,강서구,51,51,51
당구장,부산광역시,연제구,47,47,50
당구장,부산광역시,수영구,38,37,35
당구장,부산광역시,사상구,79,79,79
당구장,부산광역시,기장군,51,49,49
당구장,대구광역시,중구,32,32,33
당구장,대구광역시,동구,77,80,86
당구장,대구광역시,서구,40,41,41
당구장,대구광역시,남구,31,30,30
당구장,대구광역시,북구,106,107,104
당구장,대구광역시,수성구,97,94,96
당구장,대구광역시,달서구,158,161,170
당구장,대구광역시,달성군,67,67,67
당구장,대구광역시,군위군,7,7,6
당구장,인천광역시,제물포구,47,48,49
당구장,인천광역시,영종구,35,35,31
당구장,인천광역시,미추홀구,137,137,141
당구장,인천광역시,연수구,120,119,125
당구장,인천광역시,남동구,173,175,177
당구장,인천광역시,부평구,169,171,174
당구장,인천광역시,계양구,124,125,119
당구장,인천광역시,서구,0,0,0
당구장,인천광역시,서해구,166,165,158
당구장,인천광역시,검단구,65,63,62
당구장,인천광역시,강화군,20,20,23
당구장,인천광역시,옹진군,10,10,10
당구장,대전광역시,동구,75,77,75
당구장,대전광역시,중구,68,69,70
당구장,대전광역시,서구,150,149,145
당구장,대전광역시,유성구,103,102,109
당구장,대전광역시,대덕구,70,69,66
당구장,울산광역시,중구,66,68,73
당구장,울산광역시,남구,127,127,123
당구장,울산광역시,동구,71,71,75
당구장,울산광역시,북구,95,93,95
당구장,울산광역시,울주군,82,83,82
당구장,세종특별자치시,0,102,101,106
당구장,경기도,수원시 장안구,83,84,92
당구장,경기도,수원시 권선구,110,111,106
당구장,경기도,수원시 팔달구,75,74,74
당구장,경기도,수원시 영통구,83,87,90
당구장,경기도,성남시 수정구,81,81,83
당구장,경기도,성남시 중원구,74,76,82
당구장,경기도,성남시 분당구,97,97,94
당구장,경기도,의정부시,158,159,164
당구장,경기도,안양시 만안구,92,90,91
당구장,경기도,안양시 동안구,96,96,90
당구장,경기도,부천시 원미구,168,166,168
당구장,경기도,부천시 소사구,67,66,67
당구장,경기도,부천시 오정구,60,60,63
당구장,경기도,광명시,78,79,82
당구장,경기도,평택시,197,198,198
당구장,경기도,동두천시,44,44,45
당구장,경기도,안산시 상록구,143,144,146
당구장,경기도,안산시 단원구,148,147,148
당구장,경기도,고양시 덕양구,171,172,162
당구장,경기도,고양시 일산동구,110,111,106
당구장,경기도,고양시 일산서구,78,78,81
당구장,경기도,과천시,6,6,7
당구장,경기도,구리시,65,64,67
당구장,경기도,남양주시,214,214,223
당구장,경기도,오산시,80,79,87
당구장,경기도,시흥시,230,232,239
당구장,경기도,군포시,72,72,72
당구장,경기도,의왕시,45,45,46
당구장,경기도,하남시,86,84,83
당구장,경기도,용인시 처인구,118,117,124
당구장,경기도,용인시 기흥구,78,77,81
당구장,경기도,용인시 수지구,66,66,70
당구장,경기도,파주시,156,157,154
당구장,경기도,이천시,83,83,83
당구장,경기도,안성시,69,69,72
당구장,경기도,김포시,144,143,136
당구장,경기도,화성시,0,0,0
당구장,경기도,화성시 만세구,125,124,118
당구장,경기도,화성시 효행구,48,45,54
당구장,경기도,화성시 병점구,54,54,49
당구장,경기도,화성시 동탄구,82,81,73
당구장,경기도,광주시,141,138,131
당구장,경기도,양주시,106,104,107
당구장,경기도,포천시,79,79,79
당구장,경기도,여주시,35,35,35
당구장,경기도,연천군,16,16,17
당구장,경기도,가평군,38,38,41
당구장,경기도,양평군,38,38,37
당구장,충청북도,청주시 상당구,65,65,68
당구장,충청북도,청주시 서원구,73,73,72
당구장,충청북도,청주시 흥덕구,121,123,116
당구장,충청북도,청주시 청원구,90,89,93
당구장,충청북도,충주시,106,107,104
당구장,충청북도,제천시,52,52,56
당구장,충청북도,보은군,12,12,12
당구장,충청북도,옥천군,13,13,14
당구장,충청북도,영동군,13,14,15
당구장,충청북도,증평군,16,16,17
당구장,충청북도,진천군,36,36,36
당구장,충청북도,괴산군,8,8,8
당구장,충청북도,음성군,49,48,50
당구장,충청북도,단양군,18,18,15
당구장,충청남도,천안시 동남구,110,110,111
당구장,충청남도,천안시 서북구,157,159,163
당구장,충청남도,공주시,31,31,29
당구장,충청남도,보령시,34,35,33
당구장,충청남도,아산시,119,119,124
당구장,충청남도,서산시,66,66,66
당구장,충청남도,논산시,44,45,39
당구장,충청남도,계룡시,9,9,11
당구장,충청남도,당진시,72,72,69
당구장,충청남도,금산군,14,14,14
당구장,충청남도,부여군,16,16,16
당구장,충청남도,서천군,11,11,13
당구장,충청남도,청양군,6,6,6
당구장,충청남도,홍성군,34,34,33
당구장,충청남도,예산군,36,36,30
당구장,충청남도,태안군,24,23,22
당구장,경상북도,포항시 남구,102,102,102
당구장,경상북도,포항시 북구,106,107,103
당구장,경상북도,경주시,80,80,77
당구장,경상북도,김천시,47,48,45
당구장,경상북도,안동시,45,45,44
당구장,경상북도,구미시,142,141,144
당구장,경상북도,영주시,41,40,36
당구장,경상북도,영천시,22,21,18
당구장,경상북도,상주시,17,17,18
당구장,경상북도,문경시,28,27,26
당구장,경상북도,경산시,95,97,98
당구장,경상북도,의성군,10,10,10
당구장,경상북도,청송군,5,5,5
당구장,경상북도,영양군,4,4,4
당구장,경상북도,영덕군,9,9,7
당구장,경상북도,청도군,9,9,10
당구장,경상북도,고령군,4,4,4
당구장,경상북도,성주군,6,6,6
당구장,경상북도,칠곡군,51,50,47
당구장,경상북도,예천군,12,12,13
당구장,경상북도,봉화군,12,12,15
당구장,경상북도,울진군,18,18,18
당구장,경상북도,울릉군,5,5,4
당구장,경상남도,창원시 의창구,67,67,68
당구장,경상남도,창원시 성산구,71,71,73
당구장,경상남도,창원시 마산합포구,47,47,43
당구장,경상남도,창원시 마산회원구,42,42,41
당구장,경상남도,창원시 진해구,62,64,65
당구장,경상남도,진주시,103,101,97
당구장,경상남도,통영시,47,49,49
당구장,경상남도,사천시,29,29,31
당구장,경상남도,김해시,151,151,158
당구장,경상남도,밀양시,26,27,27
당구장,경상남도,거제시,102,102,100
당구장,경상남도,양산시,105,104,101
당구장,경상남도,의령군,3,3,4
당구장,경상남도,함안군,9,9,10
당구장,경상남도,창녕군,11,11,10
당구장,경상남도,고성군,11,12,12
당구장,경상남도,남해군,15,15,14
당구장,경상남도,하동군,7,7,9
당구장,경상남도,산청군,14,14,14
당구장,경상남도,함양군,12,12,12
당구장,경상남도,거창군,16,16,17
당구장,경상남도,합천군,9,9,9
당구장,제주특별자치도,제주시,246,245,245
당구장,제주특별자치도,서귀포시,88,90,93
당구장,강원특별자치도,춘천시,121,120,122
당구장,강원특별자치도,원주시,121,121,128
당구장,강원특별자치도,강릉시,80,81,89
당구장,강원특별자치도,동해시,35,35,42
당구장,강원특별자치도,태백시,18,18,21
당구장,강원특별자치도,속초시,43,44,43
당구장,강원특별자치도,삼척시,24,24,26
당구장,강원특별자치도,홍천군,29,29,31
당구장,강원특별자치도,횡성군,23,23,21
당구장,강원특별자치도,영월군,36,36,37
당구장,강원특별자치도,평창군,22,22,21
당구장,강원특별자치도,정선군,19,19,18
당구장,강원특별자치도,철원군,25,25,26
당구장,강원특별자치도,화천군,12,12,12
당구장,강원특별자치도,양구군,8,8,9
당구장,강원특별자치도,인제군,29,29,31
당구장,강원특별자치도,고성군,10,10,10
당구장,강원특별자치도,양양군,20,20,18
당구장,전북특별자치도,전주시 완산구,113,116,118
당구장,전북특별자치도,전주시 덕진구,113,112,115
당구장,전북특별자치도,군산시,91,92,91
당구장,전북특별자치도,익산시,92,91,97
당구장,전북특별자치도,정읍시,31,31,35
당구장,전북특별자치도,남원시,27,27,29
당구장,전북특별자치도,김제시,28,28,28
당구장,전북특별자치도,완주군,25,24,25
당구장,전북특별자치도,진안군,3,3,3
당구장,전북특별자치도,무주군,13,13,12
당구장,전북특별자치도,장수군,7,7,7
당구장,전북특별자치도,임실군,8,8,8
당구장,전북특별자치도,순창군,8,8,6
당구장,전북특별자치도,고창군,20,19,20
당구장,전북특별자치도,부안군,16,16,17
독서실,서울특별시,종로구,28,29,32
독서실,서울특별시,중구,43,43,44
독서실,서울특별시,용산구,20,20,21
독서실,서울특별시,성동구,33,33,35
독서실,서울특별시,광진구,57,57,58
독서실,서울특별시,동대문구,65,65,74
독서실,서울특별시,중랑구,34,35,34
독서실,서울특별시,성북구,77,78,85
독서실,서울특별시,강북구,24,24,27
독서실,서울특별시,도봉구,31,32,33
독서실,서울특별시,노원구,68,69,69
독서실,서울특별시,은평구,48,49,49
독서실,서울특별시,서대문구,61,61,70
독서실,서울특별시,마포구,53,55,57
독서실,서울특별시,양천구,57,58,64
독서실,서울특별시,강서구,45,45,45
독서실,서울특별시,구로구,45,46,47
독서실,서울특별시,금천구,28,29,32
독서실,서울특별시,영등포구,66,66,71
독서실,서울특별시,동작구,123,124,136
독서실,서울특별시,관악구,271,275,290
독서실,서울특별시,서초구,46,49,54
독서실,서울특별시,강남구,132,130,150
독서실,서울특별시,송파구,98,98,104
독서실,서울특별시,강동구,61,61,63
독서실,전남광주통합특별시,목포시,14,14,17
독서실,전남광주통합특별시,여수시,23,23,23
독서실,전남광주통합특별시,순천시,23,23,26
독서실,전남광주통합특별시,나주시,8,8,8
독서실,전남광주통합특별시,광양시,15,15,15
독서실,전남광주통합특별시,동구,22,22,25
독서실,전남광주통합특별시,서구,39,39,41
독서실,전남광주통합특별시,남구,32,32,33
독서실,전남광주통합특별시,북구,81,81,84
독서실,전남광주통합특별시,광산구,36,36,37
독서실,전남광주통합특별시,담양군,0,0,0
독서실,전남광주통합특별시,고흥군,0,0,0
독서실,전남광주통합특별시,화순군,0,0,0
독서실,전남광주통합특별시,해남군,0,0,0
독서실,전남광주통합특별시,영암군,0,0,0
독서실,전남광주통합특별시,무안군,9,9,9
독서실,전남광주통합특별시,영광군,4,4,4
독서실,전남광주통합특별시,진도군,0,0,0
독서실,부산광역시,중구,0,0,0
독서실,부산광역시,서구,10,10,11
독서실,부산광역시,동구,6,6,5
독서실,부산광역시,영도구,10,10,10
독서실,부산광역시,부산진구,20,21,22
독서실,부산광역시,동래구,24,23,25
독서실,부산광역시,남구,18,17,18
독서실,부산광역시,북구,21,21,22
독서실,부산광역시,해운대구,25,25,29
독서실,부산광역시,사하구,35,35,34
독서실,부산광역시,금정구,21,21,23
독서실,부산광역시,강서구,6,6,5
독서실,부산광역시,연제구,15,15,16
독서실,부산광역시,수영구,14,14,14
독서실,부산광역시,사상구,15,16,16
독서실,부산광역시,기장군,9,9,10
독서실,대구광역시,중구,19,19,21
독서실,대구광역시,동구,25,24,28
독서실,대구광역시,서구,5,5,8
독서실,대구광역시,남구,4,4,6
독서실,대구광역시,북구,53,53,56
독서실,대구광역시,수성구,58,60,69
독서실,대구광역시,달서구,52,53,64
독서실,대구광역시,달성군,22,22,23
독서실,대구광역시,군위군,0,0,0
독서실,인천광역시,제물포구,6,8,10
독서실,인천광역시,영종구,10,10,10
독서실,인천광역시,미추홀구,39,39,47
독서실,인천광역시,연수구,49,48,50
독서실,인천광역시,남동구,30,31,31
독서실,인천광역시,부평구,45,45,53
독서실,인천광역시,계양구,34,34,37
독서실,인천광역시,서해구,19,19,21
독서실,인천광역시,검단구,13,13,16
독서실,인천광역시,강화군,0,0,0
독서실,인천광역시,옹진군,0,0,0
독서실,대전광역시,동구,15,16,18
독서실,대전광역시,중구,21,21,24
독서실,대전광역시,서구,61,63,70
독서실,대전광역시,유성구,68,68,76
독서실,대전광역시,대덕구,21,22,23
독서실,울산광역시,중구,17,17,17
독서실,울산광역시,남구,62,62,66
독서실,울산광역시,동구,17,17,20
독서실,울산광역시,북구,20,20,24
독서실,울산광역시,울주군,24,26,26
독서실,세종특별자치시,0,39,39,42
독서실,경기도,수원시 장안구,33,32,34
독서실,경기도,수원시 권선구,19,20,20
독서실,경기도,수원시 팔달구,35,35,37
독서실,경기도,수원시 영통구,60,60,62
독서실,경기도,성남시 수정구,26,26,27
독서실,경기도,성남시 중원구,23,23,26
독서실,경기도,성남시 분당구,71,69,74
독서실,경기도,의정부시,33,34,40
독서실,경기도,안양시 만안구,20,20,19
독서실,경기도,안양시 동안구,33,34,34
독서실,경기도,부천시 원미구,57,58,60
독서실,경기도,부천시 소사구,19,18,19
독서실,경기도,부천시 오정구,3,3,4
독서실,경기도,광명시,27,26,29
독서실,경기도,평택시,33,33,33
독서실,경기도,동두천시,6,6,6
독서실,경기도,안산시 상록구,40,40,42
독서실,경기도,안산시 단원구,51,53,58
독서실,경기도,고양시 덕양구,41,42,43
독서실,경기도,고양시 일산동구,32,34,38
독서실,경기도,고양시 일산서구,35,36,40
독서실,경기도,과천시,3,3,3
독서실,경기도,구리시,20,20,21
독서실,경기도,남양주시,46,49,48
독서실,경기도,오산시,45,45,43
독서실,경기도,시흥시,38,38,42
독서실,경기도,군포시,27,27,31
독서실,경기도,의왕시,7,7,8
독서실,경기도,하남시,17,18,19
독서실,경기도,용인시 처인구,29,30,28
독서실,경기도,용인시 기흥구,55,54,56
독서실,경기도,용인시 수지구,54,55,63
독서실,경기도,파주시,51,51,53
독서실,경기도,이천시,22,22,24
독서실,경기도,안성시,9,9,9
독서실,경기도,김포시,34,33,33
독서실,경기도,화성시 만세구,34,34,35
독서실,경기도,화성시 효행구,7,7,9
독서실,경기도,화성시 병점구,12,12,13
독서실,경기도,화성시 동탄구,20,19,22
독서실,경기도,광주시,22,22,23
독서실,경기도,양주시,17,17,19
독서실,경기도,포천시,10,10,9
독서실,경기도,여주시,9,9,10
독서실,경기도,연천군,0,0,0
독서실,경기도,가평군,0,0,0
독서실,경기도,양평군,3,3,3
독서실,충청북도,청주시 상당구,20,20,21
독서실,충청북도,청주시 서원구,22,22,25
독서실,충청북도,청주시 흥덕구,17,17,19
독서실,충청북도,청주시 청원구,18,18,18
독서실,충청북도,충주시,18,18,18
독서실,충청북도,제천시,5,5,7
독서실,충청북도,보은군,0,0,0
독서실,충청북도,옥천군,0,0,0
독서실,충청북도,영동군,4,4,4
독서실,충청북도,증평군,0,0,0
독서실,충청북도,진천군,4,4,4
독서실,충청북도,괴산군,0,0,0
독서실,충청북도,음성군,9,9,9
독서실,충청남도,천안시 동남구,30,30,31
독서실,충청남도,천안시 서북구,33,33,34
독서실,충청남도,공주시,9,9,9
독서실,충청남도,보령시,10,10,11
독서실,충청남도,아산시,18,19,21
독서실,충청남도,서산시,24,24,27
독서실,충청남도,논산시,4,5,4
독서실,충청남도,계룡시,5,5,6
독서실,충청남도,당진시,6,6,6
독서실,충청남도,금산군,0,0,0
독서실,충청남도,부여군,4,4,4
독서실,충청남도,서천군,5,5,5
독서실,충청남도,청양군,0,0,0
독서실,충청남도,홍성군,6,6,6
독서실,충청남도,예산군,0,0,0
독서실,충청남도,태안군,0,0,0
독서실,경상북도,포항시 남구,13,13,14
독서실,경상북도,포항시 북구,22,22,25
독서실,경상북도,경주시,16,16,16
독서실,경상북도,김천시,6,6,7
독서실,경상북도,안동시,18,18,22
독서실,경상북도,구미시,28,28,31
독서실,경상북도,영주시,10,10,10
독서실,경상북도,영천시,3,3,3
독서실,경상북도,상주시,7,7,7
독서실,경상북도,문경시,0,0,0
독서실,경상북도,경산시,31,31,34
독서실,경상북도,영덕군,0,0,0
독서실,경상북도,청도군,0,0,0
독서실,경상북도,칠곡군,0,0,0
독서실,경상북도,예천군,0,0,0
독서실,경상북도,울진군,3,3,3
독서실,경상남도,창원시 의창구,13,13,14
독서실,경상남도,창원시 성산구,24,23,24
독서실,경상남도,창원시 마산합포구,11,11,12
독서실,경상남도,창원시 마산회원구,12,12,13
독서실,경상남도,창원시 진해구,6,6,7
독서실,경상남도,진주시,43,43,47
독서실,경상남도,통영시,5,5,4
독서실,경상남도,사천시,8,8,9
독서실,경상남도,김해시,28,28,30
독서실,경상남도,밀양시,6,6,6
독서실,경상남도,거제시,15,15,18
독서실,경상남도,양산시,22,22,24
독서실,경상남도,의령군,0,0,0
독서실,경상남도,함안군,4,4,5
독서실,경상남도,창녕군,0,0,0
독서실,경상남도,고성군,0,0,0
독서실,경상남도,남해군,0,0,0
독서실,경상남도,함양군,0,0,0
독서실,경상남도,거창군,7,7,8
독서실,제주특별자치도,제주시,55,56,60
독서실,제주특별자치도,서귀포시,8,8,9
독서실,강원특별자치도,춘천시,25,25,28
독서실,강원특별자치도,원주시,22,23,28
독서실,강원특별자치도,강릉시,17,17,21
독서실,강원특별자치도,동해시,7,7,7
독서실,강원특별자치도,태백시,0,0,0
독서실,강원특별자치도,속초시,9,9,9
독서실,강원특별자치도,삼척시,7,7,7
독서실,강원특별자치도,홍천군,3,3,3
독서실,강원특별자치도,횡성군,0,0,0
독서실,강원특별자치도,영월군,0,0,0
독서실,강원특별자치도,평창군,0,0,0
독서실,강원특별자치도,정선군,0,0,0
독서실,강원특별자치도,철원군,3,3,4
독서실,강원특별자치도,인제군,0,0,0
독서실,강원특별자치도,고성군,0,0,0
독서실,강원특별자치도,양양군,3,3,3
독서실,전북특별자치도,전주시 완산구,45,45,47
독서실,전북특별자치도,전주시 덕진구,69,69,73
독서실,전북특별자치도,군산시,22,22,25
독서실,전북특별자치도,익산시,21,22,24
독서실,전북특별자치도,정읍시,5,5,7
독서실,전북특별자치도,남원시,8,8,9
독서실,전북특별자치도,김제시,3,3,3
독서실,전북특별자치도,완주군,5,6,7
독서실,전북특별자치도,무주군,0,0,0
독서실,전북특별자치도,순창군,0,0,0
독서실,전북특별자치도,고창군,0,0,0
독서실,전북특별자치도,부안군,3,4,4
목욕탕,서울특별시,종로구,15,16,18
목욕탕,서울특별시,중구,21,21,18
목욕탕,서울특별시,용산구,17,17,17
목욕탕,서울특별시,성동구,9,9,10
목욕탕,서울특별시,광진구,19,19,19
목욕탕,서울특별시,동대문구,18,18,20
목욕탕,서울특별시,중랑구,20,21,23
목욕탕,서울특별시,성북구,21,21,20
목욕탕,서울특별시,강북구,24,24,24
목욕탕,서울특별시,도봉구,18,18,18
목욕탕,서울특별시,노원구,15,15,16
목욕탕,서울특별시,은평구,21,21,23
목욕탕,서울특별시,서대문구,15,16,17
목욕탕,서울특별시,마포구,17,18,17
목욕탕,서울특별시,양천구,22,22,22
목욕탕,서울특별시,강서구,36,36,34
목욕탕,서울특별시,구로구,18,18,17
목욕탕,서울특별시,금천구,15,15,15
목욕탕,서울특별시,영등포구,25,25,27
목욕탕,서울특별시,동작구,13,13,16
목욕탕,서울특별시,관악구,18,18,18
목욕탕,서울특별시,서초구,23,22,24
목욕탕,서울특별시,강남구,37,36,36
목욕탕,서울특별시,송파구,24,24,25
목욕탕,서울특별시,강동구,20,20,20
목욕탕,전남광주통합특별시,목포시,34,35,36
목욕탕,전남광주통합특별시,여수시,76,76,77
목욕탕,전남광주통합특별시,순천시,28,28,30
목욕탕,전남광주통합특별시,나주시,22,22,23
목욕탕,전남광주통합특별시,광양시,17,17,18
목욕탕,전남광주통합특별시,동구,15,15,14
목욕탕,전남광주통합특별시,서구,31,32,30
목욕탕,전남광주통합특별시,남구,33,32,31
목욕탕,전남광주통합특별시,북구,45,45,48
목욕탕,전남광주통합특별시,광산구,18,19,21
목욕탕,전남광주통합특별시,담양군,6,6,6
목욕탕,전남광주통합특별시,곡성군,3,3,3
목욕탕,전남광주통합특별시,구례군,4,4,4
목욕탕,전남광주통합특별시,고흥군,11,11,11
목욕탕,전남광주통합특별시,보성군,5,5,5
목욕탕,전남광주통합특별시,화순군,8,8,8
목욕탕,전남광주통합특별시,장흥군,4,4,4
목욕탕,전남광주통합특별시,강진군,5,5,5
목욕탕,전남광주통합특별시,해남군,6,6,6
목욕탕,전남광주통합특별시,영암군,4,4,5
목욕탕,전남광주통합특별시,무안군,7,7,7
목욕탕,전남광주통합특별시,함평군,5,5,5
목욕탕,전남광주통합특별시,영광군,10,10,11
목욕탕,전남광주통합특별시,장성군,4,4,4
목욕탕,전남광주통합특별시,완도군,9,9,9
목욕탕,전남광주통합특별시,진도군,3,3,3
목욕탕,전남광주통합특별시,신안군,0,0,0
목욕탕,부산광역시,중구,20,20,20
목욕탕,부산광역시,서구,30,31,33
목욕탕,부산광역시,동구,31,32,32
목욕탕,부산광역시,영도구,27,27,27
목욕탕,부산광역시,부산진구,57,57,59
목욕탕,부산광역시,동래구,48,48,50
목욕탕,부산광역시,남구,38,38,39
목욕탕,부산광역시,북구,36,36,37
목욕탕,부산광역시,해운대구,52,53,52
목욕탕,부산광역시,사하구,69,69,71
목욕탕,부산광역시,금정구,39,39,39
목욕탕,부산광역시,강서구,11,11,10
목욕탕,부산광역시,연제구,34,35,37
목욕탕,부산광역시,수영구,33,33,34
목욕탕,부산광역시,사상구,31,31,35
목욕탕,부산광역시,기장군,22,22,20
목욕탕,대구광역시,중구,10,11,11
목욕탕,대구광역시,동구,31,31,31
목욕탕,대구광역시,서구,23,23,21
목욕탕,대구광역시,남구,16,16,16
목욕탕,대구광역시,북구,24,24,26
목욕탕,대구광역시,수성구,27,27,28
목욕탕,대구광역시,달서구,35,35,35
목욕탕,대구광역시,달성군,13,13,14
목욕탕,대구광역시,군위군,0,0,0
목욕탕,인천광역시,제물포구,12,12,12
목욕탕,인천광역시,영종구,3,3,4
목욕탕,인천광역시,미추홀구,28,28,29
목욕탕,인천광역시,연수구,17,17,19
목욕탕,인천광역시,남동구,35,35,35
목욕탕,인천광역시,부평구,24,24,22
목욕탕,인천광역시,계양구,18,18,19
목욕탕,인천광역시,서해구,20,21,22
목욕탕,인천광역시,검단구,3,3,3
목욕탕,인천광역시,강화군,13,14,13
목욕탕,인천광역시,옹진군,0,0,0
목욕탕,대전광역시,동구,24,24,23
목욕탕,대전광역시,중구,15,16,17
목욕탕,대전광역시,서구,17,18,15
목욕탕,대전광역시,유성구,8,7,8
목욕탕,대전광역시,대덕구,9,10,11
목욕탕,울산광역시,중구,36,36,37
목욕탕,울산광역시,남구,43,44,47
목욕탕,울산광역시,동구,18,18,18
목욕탕,울산광역시,북구,16,15,18
목욕탕,울산광역시,울주군,40,40,40
목욕탕,세종특별자치시,0,12,12,15
목욕탕,경기도,수원시 장안구,13,13,13
목욕탕,경기도,수원시 권선구,16,16,16
목욕탕,경기도,수원시 팔달구,12,12,12
목욕탕,경기도,수원시 영통구,6,6,6
목욕탕,경기도,성남시 수정구,14,14,13
목욕탕,경기도,성남시 중원구,10,10,10
목욕탕,경기도,성남시 분당구,16,16,16
목욕탕,경기도,의정부시,32,32,32
목욕탕,경기도,안양시 만안구,12,12,14
목욕탕,경기도,안양시 동안구,12,12,12
목욕탕,경기도,부천시 원미구,26,26,25
목욕탕,경기도,부천시 소사구,10,10,10
목욕탕,경기도,부천시 오정구,10,10,10
목욕탕,경기도,광명시,9,9,10
목욕탕,경기도,평택시,30,30,30
목욕탕,경기도,동두천시,7,7,7
목욕탕,경기도,안산시 상록구,20,20,20
목욕탕,경기도,안산시 단원구,10,10,10
목욕탕,경기도,고양시 덕양구,20,20,21
목욕탕,경기도,고양시 일산동구,14,14,13
목욕탕,경기도,고양시 일산서구,13,13,14
목욕탕,경기도,과천시,0,0,0
목욕탕,경기도,구리시,9,9,10
목욕탕,경기도,남양주시,22,22,24
목욕탕,경기도,오산시,7,7,6
목욕탕,경기도,시흥시,25,25,26
목욕탕,경기도,군포시,7,8,7
목욕탕,경기도,의왕시,4,4,4
목욕탕,경기도,하남시,10,10,11
목욕탕,경기도,용인시 처인구,21,21,21
목욕탕,경기도,용인시 기흥구,13,13,13
목욕탕,경기도,용인시 수지구,8,7,8
목욕탕,경기도,파주시,24,24,25
목욕탕,경기도,이천시,13,13,14
목욕탕,경기도,안성시,17,17,16
목욕탕,경기도,김포시,22,22,19
목욕탕,경기도,화성시 만세구,11,11,11
목욕탕,경기도,화성시 효행구,4,4,4
목욕탕,경기도,화성시 병점구,5,5,5
목욕탕,경기도,화성시 동탄구,12,12,10
목욕탕,경기도,광주시,16,15,14
목욕탕,경기도,양주시,14,14,13
목욕탕,경기도,포천시,12,12,10
목욕탕,경기도,여주시,11,11,11
목욕탕,경기도,연천군,3,3,3
목욕탕,경기도,가평군,6,6,8
목욕탕,경기도,양평군,10,10,10
목욕탕,충청북도,청주시 상당구,15,15,15
목욕탕,충청북도,청주시 서원구,6,6,7
목욕탕,충청북도,청주시 흥덕구,10,10,9
목욕탕,충청북도,청주시 청원구,12,13,14
목욕탕,충청북도,충주시,31,31,32
목욕탕,충청북도,제천시,19,19,19
목욕탕,충청북도,보은군,3,3,3
목욕탕,충청북도,옥천군,4,4,4
목욕탕,충청북도,영동군,0,0,0
목욕탕,충청북도,증평군,6,6,6
목욕탕,충청북도,진천군,5,5,5
목욕탕,충청북도,괴산군,0,0,0
목욕탕,충청북도,음성군,7,7,6
목욕탕,충청북도,단양군,0,0,0
목욕탕,충청남도,천안시 동남구,17,17,17
목욕탕,충청남도,천안시 서북구,21,22,20
목욕탕,충청남도,공주시,11,11,11
목욕탕,충청남도,보령시,13,13,13
목욕탕,충청남도,아산시,18,18,17
목욕탕,충청남도,서산시,12,12,14
목욕탕,충청남도,논산시,15,15,15
목욕탕,충청남도,계룡시,4,4,4
목욕탕,충청남도,당진시,17,17,18
목욕탕,충청남도,금산군,8,8,8
목욕탕,충청남도,부여군,8,8,8
목욕탕,충청남도,서천군,5,5,5
목욕탕,충청남도,청양군,4,4,4
목욕탕,충청남도,홍성군,8,8,8
목욕탕,충청남도,예산군,10,10,10
목욕탕,충청남도,태안군,9,9,9
목욕탕,경상북도,포항시 남구,37,37,41
목욕탕,경상북도,포항시 북구,36,37,39
목욕탕,경상북도,경주시,52,53,53
목욕탕,경상북도,김천시,9,9,10
목욕탕,경상북도,안동시,14,14,16
목욕탕,경상북도,구미시,31,31,33
목욕탕,경상북도,영주시,14,14,14
목욕탕,경상북도,영천시,12,12,11
목욕탕,경상북도,상주시,9,9,9
목욕탕,경상북도,문경시,9,9,9
목욕탕,경상북도,경산시,22,22,24
목욕탕,경상북도,의성군,6,6,6
목욕탕,경상북도,청송군,4,4,4
목욕탕,경상북도,영양군,4,4,5
목욕탕,경상북도,영덕군,17,17,17
목욕탕,경상북도,청도군,11,11,11
목욕탕,경상북도,고령군,5,5,5
목욕탕,경상북도,성주군,12,12,10
목욕탕,경상북도,칠곡군,18,18,19
목욕탕,경상북도,예천군,4,5,4
목욕탕,경상북도,봉화군,6,6,6
목욕탕,경상북도,울진군,10,10,10
목욕탕,경상북도,울릉군,3,3,3
목욕탕,경상남도,창원시 의창구,34,34,35
목욕탕,경상남도,창원시 성산구,24,24,24
목욕탕,경상남도,창원시 마산합포구,62,62,64
목욕탕,경상남도,창원시 마산회원구,45,45,45
목욕탕,경상남도,창원시 진해구,37,37,37
목욕탕,경상남도,진주시,82,81,84
목욕탕,경상남도,통영시,30,29,33
목욕탕,경상남도,사천시,34,34,34
목욕탕,경상남도,김해시,71,72,73
목욕탕,경상남도,밀양시,23,23,23
목욕탕,경상남도,거제시,30,30,30
목욕탕,경상남도,양산시,47,47,47
목욕탕,경상남도,의령군,9,9,10
목욕탕,경상남도,함안군,12,12,12
목욕탕,경상남도,창녕군,15,15,15
목욕탕,경상남도,고성군,16,16,16
목욕탕,경상남도,남해군,15,15,16
목욕탕,경상남도,하동군,17,18,18
목욕탕,경상남도,산청군,12,12,12
목욕탕,경상남도,함양군,10,10,10
목욕탕,경상남도,거창군,17,17,18
목욕탕,경상남도,합천군,17,17,17
목욕탕,제주특별자치도,제주시,78,78,76
목욕탕,제주특별자치도,서귀포시,39,38,39
목욕탕,강원특별자치도,춘천시,15,17,16
목욕탕,강원특별자치도,원주시,24,24,25
목욕탕,강원특별자치도,강릉시,23,23,23
목욕탕,강원특별자치도,동해시,11,11,11
목욕탕,강원특별자치도,태백시,9,9,11
목욕탕,강원특별자치도,속초시,12,12,12
목욕탕,강원특별자치도,삼척시,10,10,9
목욕탕,강원특별자치도,홍천군,8,8,8
목욕탕,강원특별자치도,횡성군,5,5,5
목욕탕,강원특별자치도,영월군,5,5,5
목욕탕,강원특별자치도,평창군,7,7,8
목욕탕,강원특별자치도,정선군,6,6,6
목욕탕,강원특별자치도,철원군,3,3,3
목욕탕,강원특별자치도,화천군,3,3,3
목욕탕,강원특별자치도,양구군,0,0,0
목욕탕,강원특별자치도,인제군,6,6,7
목욕탕,강원특별자치도,고성군,3,3,3
목욕탕,강원특별자치도,양양군,5,6,5
목욕탕,전북특별자치도,전주시 완산구,20,21,21
목욕탕,전북특별자치도,전주시 덕진구,16,16,16
목욕탕,전북특별자치도,군산시,36,37,39
목욕탕,전북특별자치도,익산시,30,31,32
목욕탕,전북특별자치도,정읍시,17,17,18
목욕탕,전북특별자치도,남원시,13,13,13
목욕탕,전북특별자치도,김제시,9,9,8
목욕탕,전북특별자치도,완주군,9,9,9
목욕탕,전북특별자치도,진안군,0,0,0
목욕탕,전북특별자치도,무주군,0,0,0
목욕탕,전북특별자치도,장수군,0,0,0
목욕탕,전북특별자치도,임실군,0,0,0
목욕탕,전북특별자치도,순창군,3,3,3
목욕탕,전북특별자치도,고창군,6,6,6
목욕탕,전북특별자치도,부안군,11,11,10
미용실,서울특별시,종로구,264,265,265
미용실,서울특별시,중구,330,329,321
미용실,서울특별시,용산구,395,398,389
미용실,서울특별시,성동구,594,588,580
미용실,서울특별시,광진구,786,785,767
미용실,서울특별시,동대문구,667,666,645
미용실,서울특별시,중랑구,810,814,806
미용실,서울특별시,성북구,807,800,784
미용실,서울특별시,강북구,692,696,672
미용실,서울특별시,도봉구,597,598,599
미용실,서울특별시,노원구,829,829,817
미용실,서울특별시,은평구,945,942,945
미용실,서울특별시,서대문구,578,578,577
미용실,서울특별시,마포구,1148,1138,1088
미용실,서울특별시,양천구,856,857,855
미용실,서울특별시,강서구,1148,1148,1120
미용실,서울특별시,구로구,746,747,750
미용실,서울특별시,금천구,483,484,489
미용실,서울특별시,영등포구,779,776,778
미용실,서울특별시,동작구,658,659,647
미용실,서울특별시,관악구,911,911,898
미용실,서울특별시,서초구,736,735,722
미용실,서울특별시,강남구,1556,1552,1512
미용실,서울특별시,송파구,1271,1269,1256
미용실,서울특별시,강동구,1014,1015,984
미용실,전남광주통합특별시,목포시,659,660,659
미용실,전남광주통합특별시,여수시,727,728,720
미용실,전남광주통합특별시,순천시,730,729,710
미용실,전남광주통합특별시,나주시,250,246,238
미용실,전남광주통합특별시,광양시,355,356,346
미용실,전남광주통합특별시,동구,322,321,329
미용실,전남광주통합특별시,서구,806,804,790
미용실,전남광주통합특별시,남구,496,495,496
미용실,전남광주통합특별시,북구,1136,1136,1111
미용실,전남광주통합특별시,광산구,1063,1060,1027
미용실,전남광주통합특별시,담양군,60,59,61
미용실,전남광주통합특별시,곡성군,39,39,38
미용실,전남광주통합특별시,구례군,49,48,47
미용실,전남광주통합특별시,고흥군,121,121,116
미용실,전남광주통합특별시,보성군,66,66,67
미용실,전남광주통합특별시,화순군,137,137,132
미용실,전남광주통합특별시,장흥군,72,73,72
미용실,전남광주통합특별시,강진군,72,72,67
미용실,전남광주통합특별시,해남군,129,127,124
미용실,전남광주통합특별시,영암군,108,108,104
미용실,전남광주통합특별시,무안군,209,210,202
미용실,전남광주통합특별시,함평군,45,45,46
미용실,전남광주통합특별시,영광군,121,122,115
미용실,전남광주통합특별시,장성군,84,84,80
미용실,전남광주통합특별시,완도군,96,96,98
미용실,전남광주통합특별시,진도군,60,60,61
미용실,전남광주통합특별시,신안군,32,32,32
미용실,부산광역시,중구,209,209,211
미용실,부산광역시,서구,261,259,260
미용실,부산광역시,동구,209,209,208
미용실,부산광역시,영도구,261,262,264
미용실,부산광역시,부산진구,1041,1037,991
미용실,부산광역시,동래구,719,717,719
미용실,부산광역시,남구,610,607,603
미용실,부산광역시,북구,600,597,584
미용실,부산광역시,해운대구,836,839,829
미용실,부산광역시,사하구,727,732,737
미용실,부산광역시,금정구,590,594,593
미용실,부산광역시,강서구,228,228,228
미용실,부산광역시,연제구,555,555,558
미용실,부산광역시,수영구,524,528,525
미용실,부산광역시,사상구,427,427,419
미용실,부산광역시,기장군,363,362,355
미용실,대구광역시,중구,461,458,440
미용실,대구광역시,동구,883,883,864
미용실,대구광역시,서구,492,490,475
미용실,대구광역시,남구,461,463,458
미용실,대구광역시,북구,1075,1074,1072
미용실,대구광역시,수성구,1197,1193,1165
미용실,대구광역시,달서구,1442,1439,1426
미용실,대구광역시,달성군,552,551,543
미용실,대구광역시,군위군,31,30,30
미용실,인천광역시,제물포구,257,257,258
미용실,인천광역시,영종구,187,184,172
미용실,인천광역시,미추홀구,999,1000,976
미용실,인천광역시,연수구,744,742,706
미용실,인천광역시,남동구,1186,1185,1193
미용실,인천광역시,부평구,1110,1114,1098
미용실,인천광역시,계양구,627,629,604
미용실,인천광역시,서구,0,0,0
미용실,인천광역시,서해구,897,893,873
미용실,인천광역시,검단구,393,390,350
미용실,인천광역시,강화군,133,133,130
미용실,인천광역시,옹진군,23,23,22
미용실,대전광역시,동구,578,579,582
미용실,대전광역시,중구,593,593,594
미용실,대전광역시,서구,1385,1382,1328
미용실,대전광역시,유성구,836,835,809
미용실,대전광역시,대덕구,454,456,453
미용실,울산광역시,중구,618,620,620
미용실,울산광역시,남구,1049,1047,1025
미용실,울산광역시,동구,391,392,401
미용실,울산광역시,북구,437,439,432
미용실,울산광역시,울주군,472,470,458
미용실,세종특별자치시,0,598,600,594
미용실,경기도,수원시 장안구,625,624,619
미용실,경기도,수원시 권선구,827,828,807
미용실,경기도,수원시 팔달구,592,591,586
미용실,경기도,수원시 영통구,742,740,728
미용실,경기도,성남시 수정구,530,532,539
미용실,경기도,성남시 중원구,488,488,494
미용실,경기도,성남시 분당구,940,942,909
미용실,경기도,의정부시,1115,1113,1111
미용실,경기도,안양시 만안구,499,501,497
미용실,경기도,안양시 동안구,708,703,687
미용실,경기도,부천시 원미구,1098,1096,1072
미용실,경기도,부천시 소사구,514,508,504
미용실,경기도,부천시 오정구,347,346,347
미용실,경기도,광명시,552,549,532
미용실,경기도,평택시,1377,1369,1338
미용실,경기도,동두천시,249,247,246
미용실,경기도,안산시 상록구,716,717,717
미용실,경기도,안산시 단원구,779,778,759
미용실,경기도,고양시 덕양구,886,882,864
미용실,경기도,고양시 일산동구,603,603,589
미용실,경기도,고양시 일산서구,532,527,518
미용실,경기도,과천시,99,98,88
미용실,경기도,구리시,450,449,445
미용실,경기도,남양주시,1398,1397,1376
미용실,경기도,오산시,497,494,483
미용실,경기도,시흥시,1099,1094,1065
미용실,경기도,군포시,487,490,495
미용실,경기도,의왕시,225,223,220
미용실,경기도,하남시,550,545,526
미용실,경기도,용인시 처인구,559,560,540
미용실,경기도,용인시 기흥구,660,662,651
미용실,경기도,용인시 수지구,512,509,491
미용실,경기도,파주시,896,894,851
미용실,경기도,이천시,512,513,495
미용실,경기도,안성시,425,424,415
미용실,경기도,김포시,875,876,872
미용실,경기도,화성시,0,0,0
미용실,경기도,화성시 만세구,452,450,443
미용실,경기도,화성시 효행구,235,234,218
미용실,경기도,화성시 병점구,322,319,302
미용실,경기도,화성시 동탄구,722,724,646
미용실,경기도,광주시,685,683,672
미용실,경기도,양주시,534,536,522
미용실,경기도,포천시,298,297,291
미용실,경기도,여주시,252,251,246
미용실,경기도,연천군,84,84,84
미용실,경기도,가평군,129,127,124
미용실,경기도,양평군,208,207,203
미용실,충청북도,청주시 상당구,530,527,506
미용실,충청북도,청주시 서원구,463,461,460
미용실,충청북도,청주시 흥덕구,755,754,719
미용실,충청북도,청주시 청원구,442,445,439
미용실,충청북도,충주시,585,586,580
미용실,충청북도,제천시,402,406,401
미용실,충청북도,보은군,69,69,69
미용실,충청북도,옥천군,102,101,99
미용실,충청북도,영동군,105,105,105
미용실,충청북도,증평군,120,119,118
미용실,충청북도,진천군,173,173,166
미용실,충청북도,괴산군,51,51,49
미용실,충청북도,음성군,213,210,206
미용실,충청북도,단양군,56,55,57
미용실,충청남도,천안시 동남구,582,585,582
미용실,충청남도,천안시 서북구,1027,1023,993
미용실,충청남도,공주시,217,215,213
미용실,충청남도,보령시,237,241,237
미용실,충청남도,아산시,742,738,705
미용실,충청남도,서산시,461,462,460
미용실,충청남도,논산시,296,294,292
미용실,충청남도,계룡시,76,75,75
미용실,충청남도,당진시,427,428,425
미용실,충청남도,금산군,106,105,104
미용실,충청남도,부여군,130,130,130
미용실,충청남도,서천군,92,92,95
미용실,충청남도,청양군,54,54,53
미용실,충청남도,홍성군,269,270,263
미용실,충청남도,예산군,192,191,181
미용실,충청남도,태안군,135,135,138
미용실,경상북도,포항시 남구,696,696,688
미용실,경상북도,포항시 북구,796,796,775
미용실,경상북도,경주시,654,651,642
미용실,경상북도,김천시,347,346,345
미용실,경상북도,안동시,406,407,402
미용실,경상북도,구미시,1238,1243,1229
미용실,경상북도,영주시,331,332,333
미용실,경상북도,영천시,218,219,212
미용실,경상북도,상주시,215,213,212
미용실,경상북도,문경시,182,182,185
미용실,경상북도,경산시,687,689,668
미용실,경상북도,의성군,95,95,97
미용실,경상북도,청송군,40,40,41
미용실,경상북도,영양군,24,24,23
미용실,경상북도,영덕군,81,81,78
미용실,경상북도,청도군,66,66,66
미용실,경상북도,고령군,50,50,49
미용실,경상북도,성주군,64,64,62
미용실,경상북도,칠곡군,303,303,298
미용실,경상북도,예천군,93,93,97
미용실,경상북도,봉화군,48,48,48
미용실,경상북도,울진군,112,112,108
미용실,경상북도,울릉군,18,18,18
미용실,경상남도,창원시 의창구,546,542,539
미용실,경상남도,창원시 성산구,670,669,659
미용실,경상남도,창원시 마산합포구,472,476,480
미용실,경상남도,창원시 마산회원구,507,507,504
미용실,경상남도,창원시 진해구,451,450,455
미용실,경상남도,진주시,957,957,967
미용실,경상남도,통영시,337,336,329
미용실,경상남도,사천시,298,297,298
미용실,경상남도,김해시,1353,1354,1341
미용실,경상남도,밀양시,241,240,235
미용실,경상남도,거제시,569,570,564
미용실,경상남도,양산시,884,882,876
미용실,경상남도,의령군,28,28,29
미용실,경상남도,함안군,99,99,107
미용실,경상남도,창녕군,130,130,129
미용실,경상남도,고성군,88,90,93
미용실,경상남도,남해군,85,86,83
미용실,경상남도,하동군,79,78,82
미용실,경상남도,산청군,37,38,34
미용실,경상남도,함양군,59,59,55
미용실,경상남도,거창군,159,158,157
미용실,경상남도,합천군,68,68,66
미용실,제주특별자치도,제주시,1296,1291,1278
미용실,제주특별자치도,서귀포시,392,391,391
미용실,강원특별자치도,춘천시,848,845,831
미용실,강원특별자치도,원주시,1017,1018,1009
미용실,강원특별자치도,강릉시,639,639,628
미용실,강원특별자치도,동해시,245,245,234
미용실,강원특별자치도,태백시,118,118,124
미용실,강원특별자치도,속초시,224,224,223
미용실,강원특별자치도,삼척시,168,168,161
미용실,강원특별자치도,홍천군,150,150,153
미용실,강원특별자치도,횡성군,72,72,71
미용실,강원특별자치도,영월군,71,71,71
미용실,강원특별자치도,평창군,75,76,79
미용실,강원특별자치도,정선군,67,67,67
미용실,강원특별자치도,철원군,95,95,94
미용실,강원특별자치도,화천군,41,41,41
미용실,강원특별자치도,양구군,52,52,55
미용실,강원특별자치도,인제군,59,59,58
미용실,강원특별자치도,고성군,48,47,45
미용실,강원특별자치도,양양군,46,46,46
미용실,전북특별자치도,전주시 완산구,1052,1050,1022
미용실,전북특별자치도,전주시 덕진구,801,799,793
미용실,전북특별자치도,군산시,687,684,691
미용실,전북특별자치도,익산시,749,751,735
미용실,전북특별자치도,정읍시,274,274,275
미용실,전북특별자치도,남원시,177,177,181
미용실,전북특별자치도,김제시,162,162,162
미용실,전북특별자치도,완주군,152,152,146
미용실,전북특별자치도,진안군,39,39,38
미용실,전북특별자치도,무주군,49,50,49
미용실,전북특별자치도,장수군,41,41,40
미용실,전북특별자치도,임실군,39,39,41
미용실,전북특별자치도,순창군,49,48,47
미용실,전북특별자치도,고창군,112,111,114
미용실,전북특별자치도,부안군,95,95,99
부동산중개업,서울특별시,종로구,710,705,735
부동산중개업,서울특별시,중구,846,838,832
부동산중개업,서울특별시,용산구,1076,1078,1087
부동산중개업,서울특별시,성동구,1096,1095,1091
부동산중개업,서울특별시,광진구,1066,1073,1088
부동산중개업,서울특별시,동대문구,1132,1134,1124
부동산중개업,서울특별시,중랑구,819,818,841
부동산중개업,서울특별시,성북구,931,925,942
부동산중개업,서울특별시,강북구,621,624,642
부동산중개업,서울특별시,도봉구,515,522,546
부동산중개업,서울특별시,노원구,795,802,821
부동산중개업,서울특별시,은평구,1178,1181,1226
부동산중개업,서울특별시,서대문구,770,773,785
부동산중개업,서울특별시,마포구,1508,1509,1521
부동산중개업,서울특별시,양천구,996,1000,1009
부동산중개업,서울특별시,강서구,1629,1621,1665
부동산중개업,서울특별시,구로구,965,969,998
부동산중개업,서울특별시,금천구,943,949,986
부동산중개업,서울특별시,영등포구,1692,1679,1741
부동산중개업,서울특별시,동작구,968,971,998
부동산중개업,서울특별시,관악구,1138,1146,1124
부동산중개업,서울특별시,서초구,3058,3044,2926
부동산중개업,서울특별시,강남구,5122,5139,5167
부동산중개업,서울특별시,송파구,2412,2416,2370
부동산중개업,서울특별시,강동구,1532,1532,1562
부동산중개업,전남광주통합특별시,목포시,352,354,364
부동산중개업,전남광주통합특별시,여수시,367,368,379
부동산중개업,전남광주통합특별시,순천시,540,542,555
부동산중개업,전남광주통합특별시,나주시,246,246,267
부동산중개업,전남광주통합특별시,광양시,251,252,259
부동산중개업,전남광주통합특별시,동구,459,457,491
부동산중개업,전남광주통합특별시,서구,1113,1115,1151
부동산중개업,전남광주통합특별시,남구,496,505,530
부동산중개업,전남광주통합특별시,북구,1098,1112,1095
부동산중개업,전남광주통합특별시,광산구,1169,1164,1203
부동산중개업,전남광주통합특별시,담양군,67,66,72
부동산중개업,전남광주통합특별시,곡성군,19,19,18
부동산중개업,전남광주통합특별시,구례군,18,18,21
부동산중개업,전남광주통합특별시,고흥군,27,27,28
부동산중개업,전남광주통합특별시,보성군,19,19,18
부동산중개업,전남광주통합특별시,화순군,91,90,93
부동산중개업,전남광주통합특별시,장흥군,32,32,31
부동산중개업,전남광주통합특별시,강진군,15,15,17
부동산중개업,전남광주통합특별시,해남군,54,54,53
부동산중개업,전남광주통합특별시,영암군,51,51,49
부동산중개업,전남광주통합특별시,무안군,232,233,227
부동산중개업,전남광주통합특별시,함평군,28,27,27
부동산중개업,전남광주통합특별시,영광군,33,34,36
부동산중개업,전남광주통합특별시,장성군,76,78,87
부동산중개업,전남광주통합특별시,완도군,13,13,15
부동산중개업,전남광주통합특별시,진도군,18,18,18
부동산중개업,전남광주통합특별시,신안군,15,15,12
부동산중개업,부산광역시,중구,153,152,155
부동산중개업,부산광역시,서구,172,172,178
부동산중개업,부산광역시,동구,224,225,228
부동산중개업,부산광역시,영도구,141,143,145
부동산중개업,부산광역시,부산진구,1001,1009,1053
부동산중개업,부산광역시,동래구,769,767,795
부동산중개업,부산광역시,남구,694,696,681
부동산중개업,부산광역시,북구,373,378,408
부동산중개업,부산광역시,해운대구,1266,1268,1301
부동산중개업,부산광역시,사하구,464,465,497
부동산중개업,부산광역시,금정구,488,491,506
부동산중개업,부산광역시,강서구,682,686,685
부동산중개업,부산광역시,연제구,680,687,714
부동산중개업,부산광역시,수영구,653,654,646
부동산중개업,부산광역시,사상구,340,342,347
부동산중개업,부산광역시,기장군,465,466,476
부동산중개업,대구광역시,중구,438,443,487
부동산중개업,대구광역시,동구,779,784,825
부동산중개업,대구광역시,서구,314,316,324
부동산중개업,대구광역시,남구,399,412,408
부동산중개업,대구광역시,북구,758,761,794
부동산중개업,대구광역시,수성구,1440,1439,1489
부동산중개업,대구광역시,달서구,1091,1098,1138
부동산중개업,대구광역시,달성군,533,533,547
부동산중개업,대구광역시,군위군,42,43,52
부동산중개업,인천광역시,제물포구,194,200,203
부동산중개업,인천광역시,영종구,443,441,455
부동산중개업,인천광역시,미추홀구,893,900,948
부동산중개업,인천광역시,연수구,1388,1399,1359
부동산중개업,인천광역시,남동구,1015,1018,1051
부동산중개업,인천광역시,부평구,1053,1059,1099
부동산중개업,인천광역시,계양구,531,536,556
부동산중개업,인천광역시,서구,0,0,0
부동산중개업,인천광역시,서해구,1157,1157,1189
부동산중개업,인천광역시,검단구,662,666,658
부동산중개업,인천광역시,강화군,331,329,351
부동산중개업,인천광역시,옹진군,47,47,53
부동산중개업,대전광역시,동구,456,460,460
부동산중개업,대전광역시,중구,446,448,473
부동산중개업,대전광역시,서구,1276,1284,1296
부동산중개업,대전광역시,유성구,1100,1111,1113
부동산중개업,대전광역시,대덕구,275,276,288
부동산중개업,울산광역시,중구,360,361,377
부동산중개업,울산광역시,남구,1059,1064,1032
부동산중개업,울산광역시,동구,163,164,169
부동산중개업,울산광역시,북구,315,322,316
부동산중개업,울산광역시,울주군,452,450,456
부동산중개업,세종특별자치시,0,1378,1382,1452
부동산중개업,경기도,수원시 장안구,546,547,560
부동산중개업,경기도,수원시 권선구,794,797,832
부동산중개업,경기도,수원시 팔달구,707,714,719
부동산중개업,경기도,수원시 영통구,1056,1063,1105
부동산중개업,경기도,성남시 수정구,753,757,760
부동산중개업,경기도,성남시 중원구,596,599,633
부동산중개업,경기도,성남시 분당구,1554,1553,1576
부동산중개업,경기도,의정부시,921,924,953
부동산중개업,경기도,안양시 만안구,536,541,557
부동산중개업,경기도,안양시 동안구,1039,1042,1072
부동산중개업,경기도,부천시 원미구,1153,1161,1192
부동산중개업,경기도,부천시 소사구,506,510,504
부동산중개업,경기도,부천시 오정구,352,354,363
부동산중개업,경기도,광명시,838,838,839
부동산중개업,경기도,평택시,2405,2411,2476
부동산중개업,경기도,동두천시,183,184,191
부동산중개업,경기도,안산시 상록구,614,618,632
부동산중개업,경기도,안산시 단원구,926,930,961
부동산중개업,경기도,고양시 덕양구,1253,1262,1299
부동산중개업,경기도,고양시 일산동구,960,958,1001
부동산중개업,경기도,고양시 일산서구,606,607,638
부동산중개업,경기도,과천시,291,291,276
부동산중개업,경기도,구리시,548,552,557
부동산중개업,경기도,남양주시,1984,1993,2040
부동산중개업,경기도,오산시,546,549,536
부동산중개업,경기도,시흥시,1506,1508,1552
부동산중개업,경기도,군포시,505,506,515
부동산중개업,경기도,의왕시,384,381,367
부동산중개업,경기도,하남시,1156,1158,1171
부동산중개업,경기도,용인시 처인구,1142,1150,1168
부동산중개업,경기도,용인시 기흥구,1485,1491,1541
부동산중개업,경기도,용인시 수지구,1030,1025,1061
부동산중개업,경기도,파주시,1509,1523,1538
부동산중개업,경기도,이천시,661,667,681
부동산중개업,경기도,안성시,576,573,574
부동산중개업,경기도,김포시,1738,1746,1798
부동산중개업,경기도,화성시,0,0,0
부동산중개업,경기도,화성시 만세구,1106,1117,1184
부동산중개업,경기도,화성시 효행구,499,494,505
부동산중개업,경기도,화성시 병점구,445,445,413
부동산중개업,경기도,화성시 동탄구,1550,1563,1524
부동산중개업,경기도,광주시,1172,1180,1166
부동산중개업,경기도,양주시,758,759,794
부동산중개업,경기도,포천시,445,447,455
부동산중개업,경기도,여주시,350,352,367
부동산중개업,경기도,연천군,116,115,119
부동산중개업,경기도,가평군,234,235,245
부동산중개업,경기도,양평군,638,642,676
부동산중개업,충청북도,청주시 상당구,365,363,389
부동산중개업,충청북도,청주시 서원구,421,421,404
부동산중개업,충청북도,청주시 흥덕구,858,862,877
부동산중개업,충청북도,청주시 청원구,400,396,410
부동산중개업,충청북도,충주시,432,432,446
부동산중개업,충청북도,제천시,176,176,188
부동산중개업,충청북도,보은군,31,31,31
부동산중개업,충청북도,옥천군,51,51,50
부동산중개업,충청북도,영동군,44,46,48
부동산중개업,충청북도,증평군,54,54,53
부동산중개업,충청북도,진천군,145,145,147
부동산중개업,충청북도,괴산군,66,66,58
부동산중개업,충청북도,음성군,322,321,318
부동산중개업,충청북도,단양군,32,33,35
부동산중개업,충청남도,천안시 동남구,679,675,685
부동산중개업,충청남도,천안시 서북구,1369,1377,1391
부동산중개업,충청남도,공주시,200,203,200
부동산중개업,충청남도,보령시,122,120,126
부동산중개업,충청남도,아산시,1050,1041,1046
부동산중개업,충청남도,서산시,341,343,352
부동산중개업,충청남도,논산시,171,171,181
부동산중개업,충청남도,계룡시,59,60,59
부동산중개업,충청남도,당진시,375,376,387
부동산중개업,충청남도,금산군,76,76,82
부동산중개업,충청남도,부여군,55,54,55
부동산중개업,충청남도,서천군,66,65,68
부동산중개업,충청남도,청양군,25,27,26
부동산중개업,충청남도,홍성군,174,173,169
부동산중개업,충청남도,예산군,138,137,150
부동산중개업,충청남도,태안군,87,87,97
부동산중개업,경상북도,포항시 남구,354,355,362
부동산중개업,경상북도,포항시 북구,635,643,639
부동산중개업,경상북도,경주시,404,403,413
부동산중개업,경상북도,김천시,208,210,215
부동산중개업,경상북도,안동시,172,171,183
부동산중개업,경상북도,구미시,793,799,822
부동산중개업,경상북도,영주시,123,124,128
부동산중개업,경상북도,영천시,154,153,155
부동산중개업,경상북도,상주시,91,92,94
부동산중개업,경상북도,문경시,88,88,96
부동산중개업,경상북도,경산시,607,609,637
부동산중개업,경상북도,의성군,38,38,40
부동산중개업,경상북도,청송군,23,23,24
부동산중개업,경상북도,영양군,0,0,0
부동산중개업,경상북도,영덕군,40,40,39
부동산중개업,경상북도,청도군,78,79,95
부동산중개업,경상북도,고령군,45,41,42
부동산중개업,경상북도,성주군,59,59,67
부동산중개업,경상북도,칠곡군,214,217,226
부동산중개업,경상북도,예천군,70,69,70
부동산중개업,경상북도,봉화군,23,23,24
부동산중개업,경상북도,울진군,31,31,29
부동산중개업,경상북도,울릉군,8,8,6
부동산중개업,경상남도,창원시 의창구,487,488,485
부동산중개업,경상남도,창원시 성산구,678,683,694
부동산중개업,경상남도,창원시 마산합포구,339,342,349
부동산중개업,경상남도,창원시 마산회원구,278,277,303
부동산중개업,경상남도,창원시 진해구,306,308,319
부동산중개업,경상남도,진주시,821,819,839
부동산중개업,경상남도,통영시,148,148,152
부동산중개업,경상남도,사천시,195,195,198
부동산중개업,경상남도,김해시,1277,1287,1340
부동산중개업,경상남도,밀양시,213,216,228
부동산중개업,경상남도,거제시,350,352,376
부동산중개업,경상남도,양산시,836,850,880
부동산중개업,경상남도,의령군,26,26,25
부동산중개업,경상남도,함안군,117,121,122
부동산중개업,경상남도,창녕군,111,113,114
부동산중개업,경상남도,고성군,58,59,64
부동산중개업,경상남도,남해군,56,56,62
부동산중개업,경상남도,하동군,51,54,56
부동산중개업,경상남도,산청군,38,38,41
부동산중개업,경상남도,함양군,31,32,35
부동산중개업,경상남도,거창군,55,54,57
부동산중개업,경상남도,합천군,37,39,42
부동산중개업,제주특별자치도,제주시,1649,1666,1725
부동산중개업,제주특별자치도,서귀포시,467,468,512
부동산중개업,강원특별자치도,춘천시,568,569,574
부동산중개업,강원특별자치도,원주시,921,924,952
부동산중개업,강원특별자치도,강릉시,396,397,406
부동산중개업,강원특별자치도,동해시,79,79,80
부동산중개업,강원특별자치도,태백시,13,13,12
부동산중개업,강원특별자치도,속초시,229,228,242
부동산중개업,강원특별자치도,삼척시,48,49,45
부동산중개업,강원특별자치도,홍천군,143,143,152
부동산중개업,강원특별자치도,횡성군,109,110,117
부동산중개업,강원특별자치도,영월군,36,36,38
부동산중개업,강원특별자치도,평창군,90,90,90
부동산중개업,강원특별자치도,정선군,27,27,28
부동산중개업,강원특별자치도,철원군,61,60,61
부동산중개업,강원특별자치도,화천군,21,21,19
부동산중개업,강원특별자치도,양구군,14,13,12
부동산중개업,강원특별자치도,인제군,35,36,35
부동산중개업,강원특별자치도,고성군,60,59,63
부동산중개업,강원특별자치도,양양군,54,55,56
부동산중개업,전북특별자치도,전주시 완산구,908,912,941
부동산중개업,전북특별자치도,전주시 덕진구,876,882,898
부동산중개업,전북특별자치도,군산시,595,599,617
부동산중개업,전북특별자치도,익산시,442,449,460
부동산중개업,전북특별자치도,정읍시,95,95,93
부동산중개업,전북특별자치도,남원시,62,62,68
부동산중개업,전북특별자치도,김제시,86,86,88
부동산중개업,전북특별자치도,완주군,165,163,163
부동산중개업,전북특별자치도,진안군,13,13,15
부동산중개업,전북특별자치도,무주군,16,16,16
부동산중개업,전북특별자치도,장수군,15,15,16
부동산중개업,전북특별자치도,임실군,13,13,12
부동산중개업,전북특별자치도,순창군,13,13,13
부동산중개업,전북특별자치도,고창군,57,57,57
부동산중개업,전북특별자치도,부안군,71,71,80
사진촬영업,서울특별시,종로구,268,269,263
사진촬영업,서울특별시,중구,241,244,230
사진촬영업,서울특별시,용산구,281,280,275
사진촬영업,서울특별시,성동구,344,340,328
사진촬영업,서울특별시,광진구,303,300,275
사진촬영업,서울특별시,동대문구,186,185,168
사진촬영업,서울특별시,중랑구,184,183,176
사진촬영업,서울특별시,성북구,206,206,224
사진촬영업,서울특별시,강북구,123,122,121
사진촬영업,서울특별시,도봉구,93,92,88
사진촬영업,서울특별시,노원구,182,181,181
사진촬영업,서울특별시,은평구,191,190,167
사진촬영업,서울특별시,서대문구,239,238,233
사진촬영업,서울특별시,마포구,578,575,601
사진촬영업,서울특별시,양천구,143,142,132
사진촬영업,서울특별시,강서구,288,285,282
사진촬영업,서울특별시,구로구,136,138,132
사진촬영업,서울특별시,금천구,126,127,123
사진촬영업,서울특별시,영등포구,272,267,249
사진촬영업,서울특별시,동작구,161,159,158
사진촬영업,서울특별시,관악구,225,224,203
사진촬영업,서울특별시,서초구,438,439,436
사진촬영업,서울특별시,강남구,1207,1213,1217
사진촬영업,서울특별시,송파구,385,385,370
사진촬영업,서울특별시,강동구,203,206,186
사진촬영업,전남광주통합특별시,목포시,75,75,80
사진촬영업,전남광주통합특별시,여수시,79,78,81
사진촬영업,전남광주통합특별시,순천시,101,100,100
사진촬영업,전남광주통합특별시,나주시,24,23,27
사진촬영업,전남광주통합특별시,광양시,29,29,25
사진촬영업,전남광주통합특별시,동구,134,136,133
사진촬영업,전남광주통합특별시,서구,89,90,79
사진촬영업,전남광주통합특별시,남구,73,73,59
사진촬영업,전남광주통합특별시,북구,140,139,139
사진촬영업,전남광주통합특별시,광산구,119,118,111
사진촬영업,전남광주통합특별시,담양군,13,13,16
사진촬영업,전남광주통합특별시,곡성군,8,7,9
사진촬영업,전남광주통합특별시,구례군,4,4,4
사진촬영업,전남광주통합특별시,고흥군,11,11,11
사진촬영업,전남광주통합특별시,보성군,6,6,6
사진촬영업,전남광주통합특별시,화순군,10,10,12
사진촬영업,전남광주통합특별시,장흥군,7,7,8
사진촬영업,전남광주통합특별시,강진군,5,5,5
사진촬영업,전남광주통합특별시,해남군,13,13,11
사진촬영업,전남광주통합특별시,영암군,0,0,0
사진촬영업,전남광주통합특별시,무안군,19,19,23
사진촬영업,전남광주통합특별시,함평군,4,4,5
사진촬영업,전남광주통합특별시,영광군,9,9,9
사진촬영업,전남광주통합특별시,장성군,15,15,14
사진촬영업,전남광주통합특별시,완도군,8,8,8
사진촬영업,전남광주통합특별시,진도군,5,5,4
사진촬영업,전남광주통합특별시,신안군,0,0,0
사진촬영업,부산광역시,중구,34,33,35
사진촬영업,부산광역시,서구,28,28,25
사진촬영업,부산광역시,동구,32,32,30
사진촬영업,부산광역시,영도구,38,38,35
사진촬영업,부산광역시,부산진구,196,195,196
사진촬영업,부산광역시,동래구,81,81,76
사진촬영업,부산광역시,남구,105,106,102
사진촬영업,부산광역시,북구,57,58,61
사진촬영업,부산광역시,해운대구,162,165,154
사진촬영업,부산광역시,사하구,76,77,82
사진촬영업,부산광역시,금정구,70,70,59
사진촬영업,부산광역시,강서구,42,43,30
사진촬영업,부산광역시,연제구,63,59,58
사진촬영업,부산광역시,수영구,126,127,114
사진촬영업,부산광역시,사상구,47,47,44
사진촬영업,부산광역시,기장군,53,52,56
사진촬영업,대구광역시,중구,205,209,197
사진촬영업,대구광역시,동구,89,87,88
사진촬영업,대구광역시,서구,40,40,38
사진촬영업,대구광역시,남구,119,119,111
사진촬영업,대구광역시,북구,120,120,118
사진촬영업,대구광역시,수성구,156,156,147
사진촬영업,대구광역시,달서구,159,157,149
사진촬영업,대구광역시,달성군,61,60,57
사진촬영업,대구광역시,군위군,4,4,3
사진촬영업,인천광역시,제물포구,61,61,56
사진촬영업,인천광역시,영종구,38,37,31
사진촬영업,인천광역시,미추홀구,152,152,146
사진촬영업,인천광역시,연수구,132,134,147
사진촬영업,인천광역시,남동구,168,166,167
사진촬영업,인천광역시,부평구,186,180,179
사진촬영업,인천광역시,계양구,94,97,98
사진촬영업,인천광역시,서구,0,0,0
사진촬영업,인천광역시,서해구,158,158,146
사진촬영업,인천광역시,검단구,98,94,81
사진촬영업,인천광역시,강화군,15,15,15
사진촬영업,인천광역시,옹진군,0,0,0
사진촬영업,대전광역시,동구,65,64,54
사진촬영업,대전광역시,중구,108,111,95
사진촬영업,대전광역시,서구,226,224,211
사진촬영업,대전광역시,유성구,148,147,144
사진촬영업,대전광역시,대덕구,50,47,44
사진촬영업,울산광역시,중구,84,85,85
사진촬영업,울산광역시,남구,114,116,111
사진촬영업,울산광역시,동구,29,28,29
사진촬영업,울산광역시,북구,50,50,45
사진촬영업,울산광역시,울주군,35,37,37
사진촬영업,세종특별자치시,0,144,147,138
사진촬영업,경기도,수원시 장안구,90,90,89
사진촬영업,경기도,수원시 권선구,109,106,108
사진촬영업,경기도,수원시 팔달구,169,169,163
사진촬영업,경기도,수원시 영통구,145,146,135
사진촬영업,경기도,성남시 수정구,97,97,96
사진촬영업,경기도,성남시 중원구,87,90,89
사진촬영업,경기도,성남시 분당구,202,198,190
사진촬영업,경기도,의정부시,179,176,156
사진촬영업,경기도,안양시 만안구,83,83,80
사진촬영업,경기도,안양시 동안구,123,124,120
사진촬영업,경기도,부천시 원미구,185,184,182
사진촬영업,경기도,부천시 소사구,73,72,68
사진촬영업,경기도,부천시 오정구,32,31,31
사진촬영업,경기도,광명시,89,89,85
사진촬영업,경기도,평택시,173,176,176
사진촬영업,경기도,동두천시,21,22,23
사진촬영업,경기도,안산시 상록구,82,84,93
사진촬영업,경기도,안산시 단원구,123,125,128
사진촬영업,경기도,고양시 덕양구,323,324,292
사진촬영업,경기도,고양시 일산동구,197,200,184
사진촬영업,경기도,고양시 일산서구,111,112,112
사진촬영업,경기도,과천시,31,31,22
사진촬영업,경기도,구리시,113,112,108
사진촬영업,경기도,남양주시,315,314,306
사진촬영업,경기도,오산시,57,60,64
사진촬영업,경기도,시흥시,182,187,174
사진촬영업,경기도,군포시,72,71,68
사진촬영업,경기도,의왕시,50,48,48
사진촬영업,경기도,하남시,264,259,236
사진촬영업,경기도,용인시 처인구,106,105,86
사진촬영업,경기도,용인시 기흥구,178,178,188
사진촬영업,경기도,용인시 수지구,143,146,143
사진촬영업,경기도,파주시,286,284,260
사진촬영업,경기도,이천시,55,55,57
사진촬영업,경기도,안성시,66,65,59
사진촬영업,경기도,김포시,228,226,221
사진촬영업,경기도,화성시,0,0,0
사진촬영업,경기도,화성시 만세구,51,50,50
사진촬영업,경기도,화성시 효행구,42,42,37
사진촬영업,경기도,화성시 병점구,42,39,33
사진촬영업,경기도,화성시 동탄구,189,192,178
사진촬영업,경기도,광주시,135,137,124
사진촬영업,경기도,양주시,105,109,110
사진촬영업,경기도,포천시,48,49,47
사진촬영업,경기도,여주시,29,30,27
사진촬영업,경기도,연천군,8,8,8
사진촬영업,경기도,가평군,16,16,15
사진촬영업,경기도,양평군,60,59,52
사진촬영업,충청북도,청주시 상당구,98,98,93
사진촬영업,충청북도,청주시 서원구,70,69,68
사진촬영업,충청북도,청주시 흥덕구,81,78,73
사진촬영업,충청북도,청주시 청원구,53,54,50
사진촬영업,충청북도,충주시,66,65,62
사진촬영업,충청북도,제천시,34,34,32
사진촬영업,충청북도,보은군,5,5,5
사진촬영업,충청북도,옥천군,9,10,9
사진촬영업,충청북도,영동군,11,11,11
사진촬영업,충청북도,증평군,8,8,8
사진촬영업,충청북도,진천군,14,14,12
사진촬영업,충청북도,괴산군,5,5,5
사진촬영업,충청북도,음성군,17,17,16
사진촬영업,충청북도,단양군,9,9,8
사진촬영업,충청남도,천안시 동남구,125,124,116
사진촬영업,충청남도,천안시 서북구,124,126,122
사진촬영업,충청남도,공주시,21,21,21
사진촬영업,충청남도,보령시,25,25,22
사진촬영업,충청남도,아산시,105,104,99
사진촬영업,충청남도,서산시,49,49,48
사진촬영업,충청남도,논산시,29,29,27
사진촬영업,충청남도,계룡시,9,9,10
사진촬영업,충청남도,당진시,34,33,35
사진촬영업,충청남도,금산군,8,8,8
사진촬영업,충청남도,부여군,10,10,9
사진촬영업,충청남도,서천군,12,12,13
사진촬영업,충청남도,청양군,6,6,6
사진촬영업,충청남도,홍성군,33,34,33
사진촬영업,충청남도,예산군,20,20,19
사진촬영업,충청남도,태안군,18,18,14
사진촬영업,경상북도,포항시 남구,68,69,65
사진촬영업,경상북도,포항시 북구,104,103,101
사진촬영업,경상북도,경주시,99,99,97
사진촬영업,경상북도,김천시,32,32,27
사진촬영업,경상북도,안동시,61,60,58
사진촬영업,경상북도,구미시,118,117,116
사진촬영업,경상북도,영주시,30,30,30
사진촬영업,경상북도,영천시,13,12,12
사진촬영업,경상북도,상주시,24,25,21
사진촬영업,경상북도,문경시,18,18,14
사진촬영업,경상북도,경산시,76,75,66
사진촬영업,경상북도,의성군,8,8,8
사진촬영업,경상북도,청송군,0,0,0
사진촬영업,경상북도,영양군,5,5,5
사진촬영업,경상북도,영덕군,6,6,6
사진촬영업,경상북도,청도군,7,7,7
사진촬영업,경상북도,고령군,3,3,3
사진촬영업,경상북도,성주군,4,4,4
사진촬영업,경상북도,칠곡군,20,20,20
사진촬영업,경상북도,예천군,16,15,13
사진촬영업,경상북도,봉화군,5,5,6
사진촬영업,경상북도,울진군,8,8,9
사진촬영업,경상북도,울릉군,0,0,0
사진촬영업,경상남도,창원시 의창구,73,73,71
사진촬영업,경상남도,창원시 성산구,79,79,77
사진촬영업,경상남도,창원시 마산합포구,50,48,43
사진촬영업,경상남도,창원시 마산회원구,46,44,45
사진촬영업,경상남도,창원시 진해구,35,35,35
사진촬영업,경상남도,진주시,113,112,109
사진촬영업,경상남도,통영시,35,36,35
사진촬영업,경상남도,사천시,17,17,16
사진촬영업,경상남도,김해시,130,127,124
사진촬영업,경상남도,밀양시,21,21,21
사진촬영업,경상남도,거제시,52,53,48
사진촬영업,경상남도,양산시,82,83,79
사진촬영업,경상남도,의령군,3,3,3
사진촬영업,경상남도,함안군,8,8,5
사진촬영업,경상남도,창녕군,11,11,10
사진촬영업,경상남도,고성군,5,5,5
사진촬영업,경상남도,남해군,8,8,7
사진촬영업,경상남도,하동군,7,7,6
사진촬영업,경상남도,산청군,3,3,3
사진촬영업,경상남도,함양군,9,9,8
사진촬영업,경상남도,거창군,9,9,8
사진촬영업,경상남도,합천군,7,7,7
사진촬영업,제주특별자치도,제주시,555,553,511
사진촬영업,제주특별자치도,서귀포시,134,133,132
사진촬영업,강원특별자치도,춘천시,123,122,114
사진촬영업,강원특별자치도,원주시,122,122,121
사진촬영업,강원특별자치도,강릉시,97,98,96
사진촬영업,강원특별자치도,동해시,26,25,25
사진촬영업,강원특별자치도,태백시,12,14,15
사진촬영업,강원특별자치도,속초시,47,48,48
사진촬영업,강원특별자치도,삼척시,15,15,14
사진촬영업,강원특별자치도,홍천군,16,16,16
사진촬영업,강원특별자치도,횡성군,12,12,7
사진촬영업,강원특별자치도,영월군,7,7,7
사진촬영업,강원특별자치도,평창군,13,13,13
사진촬영업,강원특별자치도,정선군,13,13,10
사진촬영업,강원특별자치도,철원군,12,11,10
사진촬영업,강원특별자치도,화천군,6,6,6
사진촬영업,강원특별자치도,양구군,5,5,7
사진촬영업,강원특별자치도,인제군,10,10,10
사진촬영업,강원특별자치도,고성군,9,9,10
사진촬영업,강원특별자치도,양양군,8,8,9
사진촬영업,전북특별자치도,전주시 완산구,177,176,179
사진촬영업,전북특별자치도,전주시 덕진구,109,108,100
사진촬영업,전북특별자치도,군산시,80,80,73
사진촬영업,전북특별자치도,익산시,65,66,64
사진촬영업,전북특별자치도,정읍시,25,25,26
사진촬영업,전북특별자치도,남원시,22,22,21
사진촬영업,전북특별자치도,김제시,17,17,16
사진촬영업,전북특별자치도,완주군,18,19,21
사진촬영업,전북특별자치도,진안군,3,3,4
사진촬영업,전북특별자치도,무주군,4,4,5
사진촬영업,전북특별자치도,장수군,5,5,5
사진촬영업,전북특별자치도,임실군,3,3,3
사진촬영업,전북특별자치도,순창군,0,0,0
사진촬영업,전북특별자치도,고창군,8,7,8
사진촬영업,전북특별자치도,부안군,10,10,10
세탁소,서울특별시,종로구,96,96,96
세탁소,서울특별시,중구,83,82,83
세탁소,서울특별시,용산구,118,120,122
세탁소,서울특별시,성동구,145,146,147
세탁소,서울특별시,광진구,207,207,208
세탁소,서울특별시,동대문구,212,211,203
세탁소,서울특별시,중랑구,211,211,216
세탁소,서울특별시,성북구,201,201,204
세탁소,서울특별시,강북구,120,120,118
세탁소,서울특별시,도봉구,123,124,122
세탁소,서울특별시,노원구,162,162,160
세탁소,서울특별시,은평구,204,205,213
세탁소,서울특별시,서대문구,145,145,146
세탁소,서울특별시,마포구,210,212,203
세탁소,서울특별시,양천구,190,189,189
세탁소,서울특별시,강서구,295,297,303
세탁소,서울특별시,구로구,172,172,167
세탁소,서울특별시,금천구,135,136,134
세탁소,서울특별시,영등포구,200,202,197
세탁소,서울특별시,동작구,192,193,195
세탁소,서울특별시,관악구,373,377,371
세탁소,서울특별시,서초구,223,223,221
세탁소,서울특별시,강남구,371,372,375
세탁소,서울특별시,송파구,301,299,299
세탁소,서울특별시,강동구,211,212,211
세탁소,전남광주통합특별시,목포시,166,167,168
세탁소,전남광주통합특별시,여수시,161,162,159
세탁소,전남광주통합특별시,순천시,142,143,145
세탁소,전남광주통합특별시,나주시,55,56,55
세탁소,전남광주통합특별시,광양시,78,82,79
세탁소,전남광주통합특별시,동구,76,76,75
세탁소,전남광주통합특별시,서구,203,200,196
세탁소,전남광주통합특별시,남구,116,117,117
세탁소,전남광주통합특별시,북구,316,317,309
세탁소,전남광주통합특별시,광산구,234,234,236
세탁소,전남광주통합특별시,담양군,13,13,13
세탁소,전남광주통합특별시,곡성군,8,8,8
세탁소,전남광주통합특별시,구례군,16,16,17
세탁소,전남광주통합특별시,고흥군,20,19,19
세탁소,전남광주통합특별시,보성군,18,18,18
세탁소,전남광주통합특별시,화순군,33,33,30
세탁소,전남광주통합특별시,장흥군,23,23,22
세탁소,전남광주통합특별시,강진군,18,18,19
세탁소,전남광주통합특별시,해남군,36,36,34
세탁소,전남광주통합특별시,영암군,37,37,39
세탁소,전남광주통합특별시,무안군,52,52,47
세탁소,전남광주통합특별시,함평군,12,12,9
세탁소,전남광주통합특별시,영광군,24,24,24
세탁소,전남광주통합특별시,장성군,16,16,14
세탁소,전남광주통합특별시,완도군,22,22,21
세탁소,전남광주통합특별시,진도군,9,9,8
세탁소,전남광주통합특별시,신안군,3,3,3
세탁소,부산광역시,중구,38,38,38
세탁소,부산광역시,서구,54,54,55
세탁소,부산광역시,동구,36,35,33
세탁소,부산광역시,영도구,52,52,54
세탁소,부산광역시,부산진구,157,158,161
세탁소,부산광역시,동래구,107,107,109
세탁소,부산광역시,남구,100,98,95
세탁소,부산광역시,북구,78,78,82
세탁소,부산광역시,해운대구,160,159,154
세탁소,부산광역시,사하구,148,148,152
세탁소,부산광역시,금정구,113,113,115
세탁소,부산광역시,강서구,50,51,48
세탁소,부산광역시,연제구,97,97,97
세탁소,부산광역시,수영구,88,87,86
세탁소,부산광역시,사상구,95,96,96
세탁소,부산광역시,기장군,71,70,71
세탁소,대구광역시,중구,53,52,54
세탁소,대구광역시,동구,147,149,147
세탁소,대구광역시,서구,52,52,47
세탁소,대구광역시,남구,72,72,72
세탁소,대구광역시,북구,198,198,193
세탁소,대구광역시,수성구,194,194,190
세탁소,대구광역시,달서구,208,210,210
세탁소,대구광역시,달성군,108,109,108
세탁소,대구광역시,군위군,4,5,5
세탁소,인천광역시,제물포구,57,54,55
세탁소,인천광역시,영종구,54,55,49
세탁소,인천광역시,미추홀구,229,229,228
세탁소,인천광역시,연수구,173,174,174
세탁소,인천광역시,남동구,260,259,252
세탁소,인천광역시,부평구,230,231,231
세탁소,인천광역시,계양구,149,149,148
세탁소,인천광역시,서해구,220,220,226
세탁소,인천광역시,검단구,98,98,88
세탁소,인천광역시,강화군,23,23,22
세탁소,인천광역시,옹진군,7,7,6
세탁소,대전광역시,동구,134,136,139
세탁소,대전광역시,중구,157,158,156
세탁소,대전광역시,서구,296,298,299
세탁소,대전광역시,유성구,232,230,228
세탁소,대전광역시,대덕구,111,111,109
세탁소,울산광역시,중구,75,76,79
세탁소,울산광역시,남구,175,174,169
세탁소,울산광역시,동구,61,60,59
세탁소,울산광역시,북구,78,77,79
세탁소,울산광역시,울주군,105,107,106
세탁소,세종특별자치시,0,144,145,151
세탁소,경기도,수원시 장안구,140,141,139
세탁소,경기도,수원시 권선구,182,180,181
세탁소,경기도,수원시 팔달구,111,114,116
세탁소,경기도,수원시 영통구,167,169,166
세탁소,경기도,성남시 수정구,116,118,109
세탁소,경기도,성남시 중원구,133,133,124
세탁소,경기도,성남시 분당구,227,229,232
세탁소,경기도,의정부시,213,214,211
세탁소,경기도,안양시 만안구,103,103,103
세탁소,경기도,안양시 동안구,130,129,122
세탁소,경기도,부천시 원미구,208,208,200
세탁소,경기도,부천시 소사구,89,91,89
세탁소,경기도,부천시 오정구,85,86,85
세탁소,경기도,광명시,107,105,104
세탁소,경기도,평택시,309,310,310
세탁소,경기도,동두천시,39,38,41
세탁소,경기도,안산시 상록구,187,188,186
세탁소,경기도,안산시 단원구,172,172,168
세탁소,경기도,고양시 덕양구,221,219,208
세탁소,경기도,고양시 일산동구,151,154,150
세탁소,경기도,고양시 일산서구,97,96,98
세탁소,경기도,과천시,19,19,17
세탁소,경기도,구리시,79,79,77
세탁소,경기도,남양주시,288,290,295
세탁소,경기도,오산시,122,122,115
세탁소,경기도,시흥시,268,269,261
세탁소,경기도,군포시,119,119,123
세탁소,경기도,의왕시,52,52,50
세탁소,경기도,하남시,137,139,140
세탁소,경기도,용인시 처인구,139,141,134
세탁소,경기도,용인시 기흥구,182,183,178
세탁소,경기도,용인시 수지구,125,124,124
세탁소,경기도,파주시,243,244,239
세탁소,경기도,이천시,110,110,114
세탁소,경기도,안성시,108,109,102
세탁소,경기도,김포시,227,228,211
세탁소,경기도,화성시,0,0,0
세탁소,경기도,화성시 만세구,93,93,92
세탁소,경기도,화성시 효행구,81,80,74
세탁소,경기도,화성시 병점구,71,71,67
세탁소,경기도,화성시 동탄구,134,138,126
세탁소,경기도,광주시,175,177,176
세탁소,경기도,양주시,107,108,97
세탁소,경기도,포천시,68,67,68
세탁소,경기도,여주시,55,55,57
세탁소,경기도,연천군,15,15,14
세탁소,경기도,가평군,28,27,27
세탁소,경기도,양평군,40,40,40
세탁소,충청북도,청주시 상당구,110,111,107
세탁소,충청북도,청주시 서원구,114,113,113
세탁소,충청북도,청주시 흥덕구,187,192,196
세탁소,충청북도,청주시 청원구,102,103,98
세탁소,충청북도,충주시,164,166,162
세탁소,충청북도,제천시,96,98,97
세탁소,충청북도,보은군,14,14,14
세탁소,충청북도,옥천군,20,19,20
세탁소,충청북도,영동군,24,24,23
세탁소,충청북도,증평군,21,21,24
세탁소,충청북도,진천군,38,38,42
세탁소,충청북도,괴산군,11,12,10
세탁소,충청북도,음성군,65,63,60
세탁소,충청북도,단양군,15,15,13
세탁소,충청남도,천안시 동남구,157,155,154
세탁소,충청남도,천안시 서북구,243,242,232
세탁소,충청남도,공주시,60,60,60
세탁소,충청남도,보령시,65,66,65
세탁소,충청남도,아산시,173,173,161
세탁소,충청남도,서산시,114,113,119
세탁소,충청남도,논산시,71,72,73
세탁소,충청남도,계룡시,27,27,28
세탁소,충청남도,당진시,78,77,76
세탁소,충청남도,금산군,23,23,24
세탁소,충청남도,부여군,29,29,28
세탁소,충청남도,서천군,21,22,22
세탁소,충청남도,청양군,13,13,12
세탁소,충청남도,홍성군,69,69,68
세탁소,충청남도,예산군,49,49,47
세탁소,충청남도,태안군,31,31,32
세탁소,경상북도,포항시 남구,143,141,140
세탁소,경상북도,포항시 북구,132,130,130
세탁소,경상북도,경주시,155,156,153
세탁소,경상북도,김천시,63,63,61
세탁소,경상북도,안동시,109,110,109
세탁소,경상북도,구미시,237,237,232
세탁소,경상북도,영주시,78,79,79
세탁소,경상북도,영천시,48,48,47
세탁소,경상북도,상주시,53,55,52
세탁소,경상북도,문경시,43,43,43
세탁소,경상북도,경산시,142,143,148
세탁소,경상북도,의성군,20,20,20
세탁소,경상북도,청송군,15,15,15
세탁소,경상북도,영양군,7,8,8
세탁소,경상북도,영덕군,25,25,26
세탁소,경상북도,청도군,13,12,12
세탁소,경상북도,고령군,11,11,10
세탁소,경상북도,성주군,11,11,12
세탁소,경상북도,칠곡군,59,59,56
세탁소,경상북도,예천군,18,18,17
세탁소,경상북도,봉화군,14,14,13
세탁소,경상북도,울진군,25,25,24
세탁소,경상북도,울릉군,0,0,0
세탁소,경상남도,창원시 의창구,115,116,116
세탁소,경상남도,창원시 성산구,111,115,114
세탁소,경상남도,창원시 마산합포구,72,72,68
세탁소,경상남도,창원시 마산회원구,64,64,66
세탁소,경상남도,창원시 진해구,73,72,71
세탁소,경상남도,진주시,181,182,178
세탁소,경상남도,통영시,54,55,56
세탁소,경상남도,사천시,61,61,64
세탁소,경상남도,김해시,220,224,233
세탁소,경상남도,밀양시,40,40,40
세탁소,경상남도,거제시,101,103,102
세탁소,경상남도,양산시,147,147,145
세탁소,경상남도,의령군,6,6,7
세탁소,경상남도,함안군,16,16,17
세탁소,경상남도,창녕군,17,17,19
세탁소,경상남도,고성군,12,12,10
세탁소,경상남도,남해군,19,19,18
세탁소,경상남도,하동군,14,14,13
세탁소,경상남도,산청군,9,9,8
세탁소,경상남도,함양군,17,16,17
세탁소,경상남도,거창군,43,43,42
세탁소,경상남도,합천군,11,11,12
세탁소,제주특별자치도,제주시,418,422,428
세탁소,제주특별자치도,서귀포시,148,148,151
세탁소,강원특별자치도,춘천시,181,181,176
세탁소,강원특별자치도,원주시,221,223,220
세탁소,강원특별자치도,강릉시,155,155,157
세탁소,강원특별자치도,동해시,77,76,77
세탁소,강원특별자치도,태백시,33,34,34
세탁소,강원특별자치도,속초시,61,61,65
세탁소,강원특별자치도,삼척시,34,34,36
세탁소,강원특별자치도,홍천군,32,32,34
세탁소,강원특별자치도,횡성군,21,21,21
세탁소,강원특별자치도,영월군,21,21,22
세탁소,강원특별자치도,평창군,28,28,31
세탁소,강원특별자치도,정선군,23,23,23
세탁소,강원특별자치도,철원군,22,22,20
세탁소,강원특별자치도,화천군,21,21,22
세탁소,강원특별자치도,양구군,13,13,13
세탁소,강원특별자치도,인제군,20,20,21
세탁소,강원특별자치도,고성군,11,11,11
세탁소,강원특별자치도,양양군,14,14,13
세탁소,전북특별자치도,전주시 완산구,218,220,221
세탁소,전북특별자치도,전주시 덕진구,203,203,199
세탁소,전북특별자치도,군산시,167,168,165
세탁소,전북특별자치도,익산시,161,161,154
세탁소,전북특별자치도,정읍시,65,65,66
세탁소,전북특별자치도,남원시,47,48,49
세탁소,전북특별자치도,김제시,33,33,34
세탁소,전북특별자치도,완주군,36,35,37
세탁소,전북특별자치도,진안군,4,4,4
세탁소,전북특별자치도,무주군,5,5,6
세탁소,전북특별자치도,장수군,8,8,6
세탁소,전북특별자치도,임실군,12,12,12
세탁소,전북특별자치도,순창군,13,13,13
세탁소,전북특별자치도,고창군,21,21,23
세탁소,전북특별자치도,부안군,25,25,24
스포츠시설운영업,서울특별시,종로구,57,56,51
스포츠시설운영업,서울특별시,중구,53,52,53
스포츠시설운영업,서울특별시,용산구,62,64,72
스포츠시설운영업,서울특별시,성동구,73,74,73
스포츠시설운영업,서울특별시,광진구,71,72,75
스포츠시설운영업,서울특별시,동대문구,59,60,65
스포츠시설운영업,서울특별시,중랑구,50,50,51
스포츠시설운영업,서울특별시,성북구,75,74,83
스포츠시설운영업,서울특별시,강북구,54,54,56
스포츠시설운영업,서울특별시,도봉구,52,52,49
스포츠시설운영업,서울특별시,노원구,112,109,114
스포츠시설운영업,서울특별시,은평구,97,99,101
스포츠시설운영업,서울특별시,서대문구,61,58,64
스포츠시설운영업,서울특별시,마포구,127,127,133
스포츠시설운영업,서울특별시,양천구,74,79,86
스포츠시설운영업,서울특별시,강서구,134,138,135
스포츠시설운영업,서울특별시,구로구,112,110,111
스포츠시설운영업,서울특별시,금천구,49,48,53
스포츠시설운영업,서울특별시,영등포구,98,99,108
스포츠시설운영업,서울특별시,동작구,75,75,83
스포츠시설운영업,서울특별시,관악구,86,88,91
스포츠시설운영업,서울특별시,서초구,213,213,214
스포츠시설운영업,서울특별시,강남구,269,268,271
스포츠시설운영업,서울특별시,송파구,247,248,265
스포츠시설운영업,서울특별시,강동구,109,109,115
스포츠시설운영업,전남광주통합특별시,목포시,26,26,27
스포츠시설운영업,전남광주통합특별시,여수시,34,33,35
스포츠시설운영업,전남광주통합특별시,순천시,60,60,61
스포츠시설운영업,전남광주통합특별시,나주시,14,14,12
스포츠시설운영업,전남광주통합특별시,광양시,24,25,28
스포츠시설운영업,전남광주통합특별시,동구,29,29,28
스포츠시설운영업,전남광주통합특별시,서구,65,64,70
스포츠시설운영업,전남광주통합특별시,남구,45,44,49
스포츠시설운영업,전남광주통합특별시,북구,77,77,72
스포츠시설운영업,전남광주통합특별시,광산구,69,70,77
스포츠시설운영업,전남광주통합특별시,담양군,0,0,0
스포츠시설운영업,전남광주통합특별시,곡성군,3,3,3
스포츠시설운영업,전남광주통합특별시,구례군,4,4,3
스포츠시설운영업,전남광주통합특별시,고흥군,3,3,3
스포츠시설운영업,전남광주통합특별시,보성군,0,0,0
스포츠시설운영업,전남광주통합특별시,화순군,12,12,12
스포츠시설운영업,전남광주통합특별시,장흥군,0,0,0
스포츠시설운영업,전남광주통합특별시,해남군,0,0,0
스포츠시설운영업,전남광주통합특별시,영암군,0,0,0
스포츠시설운영업,전남광주통합특별시,무안군,10,10,10
스포츠시설운영업,전남광주통합특별시,함평군,0,0,0
스포츠시설운영업,전남광주통합특별시,영광군,0,0,0
스포츠시설운영업,전남광주통합특별시,장성군,5,5,4
스포츠시설운영업,전남광주통합특별시,진도군,3,3,0
스포츠시설운영업,부산광역시,중구,14,14,12
스포츠시설운영업,부산광역시,서구,13,13,11
스포츠시설운영업,부산광역시,동구,15,15,15
스포츠시설운영업,부산광역시,영도구,9,9,9
스포츠시설운영업,부산광역시,부산진구,75,77,73
스포츠시설운영업,부산광역시,동래구,56,55,55
스포츠시설운영업,부산광역시,남구,34,35,37
스포츠시설운영업,부산광역시,북구,38,38,36
스포츠시설운영업,부산광역시,해운대구,90,90,92
스포츠시설운영업,부산광역시,사하구,29,28,35
스포츠시설운영업,부산광역시,금정구,34,34,36
스포츠시설운영업,부산광역시,강서구,35,36,32
스포츠시설운영업,부산광역시,연제구,41,41,42
스포츠시설운영업,부산광역시,수영구,44,44,46
스포츠시설운영업,부산광역시,사상구,23,24,24
스포츠시설운영업,부산광역시,기장군,34,35,33
스포츠시설운영업,대구광역시,중구,26,27,28
스포츠시설운영업,대구광역시,동구,53,53,55
스포츠시설운영업,대구광역시,서구,18,18,11
스포츠시설운영업,대구광역시,남구,18,18,17
스포츠시설운영업,대구광역시,북구,69,70,73
스포츠시설운영업,대구광역시,수성구,87,90,91
스포츠시설운영업,대구광역시,달서구,98,97,96
스포츠시설운영업,대구광역시,달성군,47,47,47
스포츠시설운영업,인천광역시,제물포구,10,10,11
스포츠시설운영업,인천광역시,영종구,39,39,36
스포츠시설운영업,인천광역시,미추홀구,63,62,59
스포츠시설운영업,인천광역시,연수구,86,87,89
스포츠시설운영업,인천광역시,남동구,69,69,75
스포츠시설운영업,인천광역시,부평구,91,92,97
스포츠시설운영업,인천광역시,계양구,43,44,46
스포츠시설운영업,인천광역시,서해구,69,69,69
스포츠시설운영업,인천광역시,검단구,49,49,49
스포츠시설운영업,인천광역시,강화군,7,7,5
스포츠시설운영업,대전광역시,동구,24,25,25
스포츠시설운영업,대전광역시,중구,25,26,23
스포츠시설운영업,대전광역시,서구,86,86,91
스포츠시설운영업,대전광역시,유성구,102,104,108
스포츠시설운영업,대전광역시,대덕구,11,11,16
스포츠시설운영업,울산광역시,중구,38,37,37
스포츠시설운영업,울산광역시,남구,81,79,82
스포츠시설운영업,울산광역시,동구,18,18,20
스포츠시설운영업,울산광역시,북구,32,33,33
스포츠시설운영업,울산광역시,울주군,35,33,29
스포츠시설운영업,세종특별자치시,0,87,89,96
스포츠시설운영업,경기도,수원시 장안구,46,45,47
스포츠시설운영업,경기도,수원시 권선구,68,68,62
스포츠시설운영업,경기도,수원시 팔달구,58,57,56
스포츠시설운영업,경기도,수원시 영통구,87,89,91
스포츠시설운영업,경기도,성남시 수정구,31,32,36
스포츠시설운영업,경기도,성남시 중원구,21,22,22
스포츠시설운영업,경기도,성남시 분당구,147,149,158
스포츠시설운영업,경기도,의정부시,90,90,100
스포츠시설운영업,경기도,안양시 만안구,31,32,30
스포츠시설운영업,경기도,안양시 동안구,96,95,96
스포츠시설운영업,경기도,부천시 원미구,104,101,114
스포츠시설운영업,경기도,부천시 소사구,45,45,46
스포츠시설운영업,경기도,부천시 오정구,9,9,14
스포츠시설운영업,경기도,광명시,59,59,66
스포츠시설운영업,경기도,평택시,120,120,121
스포츠시설운영업,경기도,동두천시,14,14,14
스포츠시설운영업,경기도,안산시 상록구,31,33,44
스포츠시설운영업,경기도,안산시 단원구,67,66,61
스포츠시설운영업,경기도,고양시 덕양구,112,111,111
스포츠시설운영업,경기도,고양시 일산동구,79,78,76
스포츠시설운영업,경기도,고양시 일산서구,59,60,66
스포츠시설운영업,경기도,과천시,13,13,13
스포츠시설운영업,경기도,구리시,37,37,36
스포츠시설운영업,경기도,남양주시,159,158,163
스포츠시설운영업,경기도,오산시,59,59,58
스포츠시설운영업,경기도,시흥시,163,162,159
스포츠시설운영업,경기도,군포시,57,57,60
스포츠시설운영업,경기도,의왕시,23,23,26
스포츠시설운영업,경기도,하남시,85,87,94
스포츠시설운영업,경기도,용인시 처인구,52,52,51
스포츠시설운영업,경기도,용인시 기흥구,103,102,105
스포츠시설운영업,경기도,용인시 수지구,73,72,75
스포츠시설운영업,경기도,파주시,79,80,78
스포츠시설운영업,경기도,이천시,33,33,34
스포츠시설운영업,경기도,안성시,32,32,34
스포츠시설운영업,경기도,김포시,93,93,100
스포츠시설운영업,경기도,화성시,0,0,0
스포츠시설운영업,경기도,화성시 만세구,67,65,64
스포츠시설운영업,경기도,화성시 효행구,25,25,25
스포츠시설운영업,경기도,화성시 병점구,50,52,49
스포츠시설운영업,경기도,화성시 동탄구,133,133,125
스포츠시설운영업,경기도,광주시,78,78,81
스포츠시설운영업,경기도,양주시,35,36,35
스포츠시설운영업,경기도,포천시,31,31,29
스포츠시설운영업,경기도,여주시,16,16,16
스포츠시설운영업,경기도,연천군,4,4,4
스포츠시설운영업,경기도,가평군,12,12,9
스포츠시설운영업,경기도,양평군,15,14,14
스포츠시설운영업,충청북도,청주시 상당구,32,31,39
스포츠시설운영업,충청북도,청주시 서원구,38,39,35
스포츠시설운영업,충청북도,청주시 흥덕구,50,50,48
스포츠시설운영업,충청북도,청주시 청원구,44,45,46
스포츠시설운영업,충청북도,충주시,41,40,39
스포츠시설운영업,충청북도,제천시,20,20,22
스포츠시설운영업,충청북도,보은군,0,0,0
스포츠시설운영업,충청북도,옥천군,6,6,6
스포츠시설운영업,충청북도,영동군,4,4,4
스포츠시설운영업,충청북도,증평군,4,4,5
스포츠시설운영업,충청북도,진천군,10,11,11
스포츠시설운영업,충청북도,괴산군,3,3,3
스포츠시설운영업,충청북도,음성군,21,20,18
스포츠시설운영업,충청북도,단양군,3,3,4
스포츠시설운영업,충청남도,천안시 동남구,36,37,36
스포츠시설운영업,충청남도,천안시 서북구,78,78,81
스포츠시설운영업,충청남도,공주시,19,19,21
스포츠시설운영업,충청남도,보령시,11,11,8
스포츠시설운영업,충청남도,아산시,45,44,41
스포츠시설운영업,충청남도,서산시,19,19,18
스포츠시설운영업,충청남도,논산시,11,11,12
스포츠시설운영업,충청남도,계룡시,7,7,9
스포츠시설운영업,충청남도,당진시,24,25,26
스포츠시설운영업,충청남도,금산군,4,4,5
스포츠시설운영업,충청남도,부여군,0,0,0
스포츠시설운영업,충청남도,서천군,4,4,4
스포츠시설운영업,충청남도,홍성군,8,8,8
스포츠시설운영업,충청남도,예산군,12,12,14
스포츠시설운영업,충청남도,태안군,7,7,7
스포츠시설운영업,경상북도,포항시 남구,37,37,37
스포츠시설운영업,경상북도,포항시 북구,51,50,53
스포츠시설운영업,경상북도,경주시,31,31,31
스포츠시설운영업,경상북도,김천시,27,29,30
스포츠시설운영업,경상북도,안동시,19,19,21
스포츠시설운영업,경상북도,구미시,68,69,73
스포츠시설운영업,경상북도,영주시,26,27,26
스포츠시설운영업,경상북도,영천시,16,17,16
스포츠시설운영업,경상북도,상주시,12,12,11
스포츠시설운영업,경상북도,문경시,12,12,10
스포츠시설운영업,경상북도,경산시,46,48,50
스포츠시설운영업,경상북도,의성군,0,0,0
스포츠시설운영업,경상북도,청송군,0,0,0
스포츠시설운영업,경상북도,영덕군,0,0,0
스포츠시설운영업,경상북도,청도군,0,0,0
스포츠시설운영업,경상북도,고령군,0,0,0
스포츠시설운영업,경상북도,성주군,0,0,0
스포츠시설운영업,경상북도,칠곡군,20,20,18
스포츠시설운영업,경상북도,예천군,9,9,9
스포츠시설운영업,경상북도,봉화군,3,3,3
스포츠시설운영업,경상북도,울진군,6,6,6
스포츠시설운영업,경상북도,울릉군,0,0,0
스포츠시설운영업,경상남도,창원시 의창구,31,31,37
스포츠시설운영업,경상남도,창원시 성산구,55,54,56
스포츠시설운영업,경상남도,창원시 마산합포구,27,27,24
스포츠시설운영업,경상남도,창원시 마산회원구,15,15,19
스포츠시설운영업,경상남도,창원시 진해구,21,21,24
스포츠시설운영업,경상남도,진주시,67,68,67
스포츠시설운영업,경상남도,통영시,19,19,20
스포츠시설운영업,경상남도,사천시,17,17,19
스포츠시설운영업,경상남도,김해시,106,107,118
스포츠시설운영업,경상남도,밀양시,9,8,7
스포츠시설운영업,경상남도,거제시,48,47,50
스포츠시설운영업,경상남도,양산시,61,61,66
스포츠시설운영업,경상남도,의령군,0,0,0
스포츠시설운영업,경상남도,함안군,4,4,4
스포츠시설운영업,경상남도,창녕군,3,4,4
스포츠시설운영업,경상남도,고성군,6,6,6
스포츠시설운영업,경상남도,남해군,3,3,5
스포츠시설운영업,경상남도,하동군,3,3,5
스포츠시설운영업,경상남도,산청군,0,0,0
스포츠시설운영업,경상남도,함양군,3,3,4
스포츠시설운영업,경상남도,거창군,10,10,11
스포츠시설운영업,경상남도,합천군,0,0,0
스포츠시설운영업,제주특별자치도,제주시,98,95,101
스포츠시설운영업,제주특별자치도,서귀포시,39,39,43
스포츠시설운영업,강원특별자치도,춘천시,60,60,59
스포츠시설운영업,강원특별자치도,원주시,76,79,77
스포츠시설운영업,강원특별자치도,강릉시,49,50,46
스포츠시설운영업,강원특별자치도,동해시,15,15,16
스포츠시설운영업,강원특별자치도,태백시,11,11,14
스포츠시설운영업,강원특별자치도,속초시,21,21,21
스포츠시설운영업,강원특별자치도,삼척시,7,8,9
스포츠시설운영업,강원특별자치도,홍천군,4,5,4
스포츠시설운영업,강원특별자치도,횡성군,0,0,0
스포츠시설운영업,강원특별자치도,영월군,5,5,5
스포츠시설운영업,강원특별자치도,평창군,4,4,4
스포츠시설운영업,강원특별자치도,정선군,5,5,4
스포츠시설운영업,강원특별자치도,철원군,3,3,4
스포츠시설운영업,강원특별자치도,화천군,0,0,0
스포츠시설운영업,강원특별자치도,양구군,7,7,7
스포츠시설운영업,강원특별자치도,인제군,0,0,0
스포츠시설운영업,강원특별자치도,고성군,0,0,0
스포츠시설운영업,강원특별자치도,양양군,0,0,0
스포츠시설운영업,전북특별자치도,전주시 완산구,83,83,87
스포츠시설운영업,전북특별자치도,전주시 덕진구,85,84,84
스포츠시설운영업,전북특별자치도,군산시,35,35,39
스포츠시설운영업,전북특별자치도,익산시,38,38,38
스포츠시설운영업,전북특별자치도,정읍시,7,7,7
스포츠시설운영업,전북특별자치도,남원시,11,11,11
스포츠시설운영업,전북특별자치도,김제시,12,12,11
스포츠시설운영업,전북특별자치도,완주군,16,16,18
스포츠시설운영업,전북특별자치도,진안군,0,0,0
스포츠시설운영업,전북특별자치도,무주군,0,0,0
스포츠시설운영업,전북특별자치도,장수군,0,0,0
스포츠시설운영업,전북특별자치도,임실군,0,0,0
스포츠시설운영업,전북특별자치도,고창군,3,3,0
스포츠시설운영업,전북특별자치도,부안군,3,3,5
실내스크린골프점,서울특별시,종로구,19,19,19
실내스크린골프점,서울특별시,중구,30,30,32
실내스크린골프점,서울특별시,용산구,14,14,13
실내스크린골프점,서울특별시,성동구,26,27,26
실내스크린골프점,서울특별시,광진구,34,34,30
실내스크린골프점,서울특별시,동대문구,36,36,34
실내스크린골프점,서울특별시,중랑구,23,24,22
실내스크린골프점,서울특별시,성북구,26,26,26
실내스크린골프점,서울특별시,강북구,22,22,21
실내스크린골프점,서울특별시,도봉구,26,26,25
실내스크린골프점,서울특별시,노원구,59,59,57
실내스크린골프점,서울특별시,은평구,21,23,25
실내스크린골프점,서울특별시,서대문구,17,16,18
실내스크린골프점,서울특별시,마포구,32,33,35
실내스크린골프점,서울특별시,양천구,64,62,61
실내스크린골프점,서울특별시,강서구,88,89,91
실내스크린골프점,서울특별시,구로구,53,53,52
실내스크린골프점,서울특별시,금천구,35,34,35
실내스크린골프점,서울특별시,영등포구,77,77,74
실내스크린골프점,서울특별시,동작구,25,25,27
실내스크린골프점,서울특별시,관악구,30,30,28
실내스크린골프점,서울특별시,서초구,74,73,72
실내스크린골프점,서울특별시,강남구,160,160,174
실내스크린골프점,서울특별시,송파구,124,124,123
실내스크린골프점,서울특별시,강동구,63,63,64
실내스크린골프점,전남광주통합특별시,목포시,23,23,23
실내스크린골프점,전남광주통합특별시,여수시,53,53,52
실내스크린골프점,전남광주통합특별시,순천시,50,50,50
실내스크린골프점,전남광주통합특별시,나주시,30,31,29
실내스크린골프점,전남광주통합특별시,광양시,40,40,37
실내스크린골프점,전남광주통합특별시,동구,5,5,6
실내스크린골프점,전남광주통합특별시,서구,53,51,51
실내스크린골프점,전남광주통합특별시,남구,25,26,29
실내스크린골프점,전남광주통합특별시,북구,56,56,55
실내스크린골프점,전남광주통합특별시,광산구,67,67,66
실내스크린골프점,전남광주통합특별시,담양군,4,4,3
실내스크린골프점,전남광주통합특별시,곡성군,5,5,4
실내스크린골프점,전남광주통합특별시,구례군,3,3,3
실내스크린골프점,전남광주통합특별시,고흥군,9,9,9
실내스크린골프점,전남광주통합특별시,보성군,4,4,4
실내스크린골프점,전남광주통합특별시,화순군,5,5,5
실내스크린골프점,전남광주통합특별시,장흥군,5,5,5
실내스크린골프점,전남광주통합특별시,강진군,0,0,0
실내스크린골프점,전남광주통합특별시,해남군,8,8,8
실내스크린골프점,전남광주통합특별시,영암군,6,6,8
실내스크린골프점,전남광주통합특별시,무안군,21,22,21
실내스크린골프점,전남광주통합특별시,함평군,4,4,4
실내스크린골프점,전남광주통합특별시,영광군,8,8,8
실내스크린골프점,전남광주통합특별시,장성군,5,5,4
실내스크린골프점,전남광주통합특별시,완도군,7,7,8
실내스크린골프점,전남광주통합특별시,진도군,0,0,0
실내스크린골프점,전남광주통합특별시,신안군,0,0,0
실내스크린골프점,부산광역시,중구,3,3,3
실내스크린골프점,부산광역시,서구,10,10,8
실내스크린골프점,부산광역시,동구,9,10,9
실내스크린골프점,부산광역시,영도구,7,7,8
실내스크린골프점,부산광역시,부산진구,40,41,40
실내스크린골프점,부산광역시,동래구,32,32,31
실내스크린골프점,부산광역시,남구,21,21,23
실내스크린골프점,부산광역시,북구,24,24,26
실내스크린골프점,부산광역시,해운대구,61,60,59
실내스크린골프점,부산광역시,사하구,34,35,34
실내스크린골프점,부산광역시,금정구,35,35,35
실내스크린골프점,부산광역시,강서구,62,63,66
실내스크린골프점,부산광역시,연제구,24,24,26
실내스크린골프점,부산광역시,수영구,16,16,16
실내스크린골프점,부산광역시,사상구,27,27,27
실내스크린골프점,부산광역시,기장군,34,35,34
실내스크린골프점,대구광역시,중구,12,12,12
실내스크린골프점,대구광역시,동구,72,72,68
실내스크린골프점,대구광역시,서구,22,23,25
실내스크린골프점,대구광역시,남구,12,12,10
실내스크린골프점,대구광역시,북구,87,86,88
실내스크린골프점,대구광역시,수성구,105,107,103
실내스크린골프점,대구광역시,달서구,118,117,110
실내스크린골프점,대구광역시,달성군,59,59,52
실내스크린골프점,대구광역시,군위군,0,0,0
실내스크린골프점,인천광역시,제물포구,4,4,5
실내스크린골프점,인천광역시,영종구,25,26,26
실내스크린골프점,인천광역시,미추홀구,41,41,42
실내스크린골프점,인천광역시,연수구,54,55,58
실내스크린골프점,인천광역시,남동구,74,74,74
실내스크린골프점,인천광역시,부평구,38,36,40
실내스크린골프점,인천광역시,계양구,37,37,36
실내스크린골프점,인천광역시,서해구,73,73,72
실내스크린골프점,인천광역시,검단구,29,30,27
실내스크린골프점,인천광역시,강화군,3,0,0
실내스크린골프점,인천광역시,옹진군,0,0,0
실내스크린골프점,대전광역시,동구,27,26,26
실내스크린골프점,대전광역시,중구,26,26,27
실내스크린골프점,대전광역시,서구,93,92,99
실내스크린골프점,대전광역시,유성구,97,97,98
실내스크린골프점,대전광역시,대덕구,32,32,35
실내스크린골프점,울산광역시,중구,34,35,35
실내스크린골프점,울산광역시,남구,93,94,92
실내스크린골프점,울산광역시,동구,16,16,17
실내스크린골프점,울산광역시,북구,55,52,49
실내스크린골프점,울산광역시,울주군,53,53,55
실내스크린골프점,세종특별자치시,0,67,66,63
실내스크린골프점,경기도,수원시 장안구,42,42,42
실내스크린골프점,경기도,수원시 권선구,78,79,82
실내스크린골프점,경기도,수원시 팔달구,20,20,19
실내스크린골프점,경기도,수원시 영통구,61,61,66
실내스크린골프점,경기도,성남시 수정구,37,37,39
실내스크린골프점,경기도,성남시 중원구,16,16,17
실내스크린골프점,경기도,성남시 분당구,118,117,120
실내스크린골프점,경기도,의정부시,62,62,65
실내스크린골프점,경기도,안양시 만안구,21,23,21
실내스크린골프점,경기도,안양시 동안구,70,68,68
실내스크린골프점,경기도,부천시 원미구,59,59,63
실내스크린골프점,경기도,부천시 소사구,22,21,21
실내스크린골프점,경기도,부천시 오정구,16,16,15
실내스크린골프점,경기도,광명시,46,48,46
실내스크린골프점,경기도,평택시,105,105,104
실내스크린골프점,경기도,동두천시,5,6,6
실내스크린골프점,경기도,안산시 상록구,41,41,40
실내스크린골프점,경기도,안산시 단원구,82,81,83
실내스크린골프점,경기도,고양시 덕양구,87,86,81
실내스크린골프점,경기도,고양시 일산동구,73,71,70
실내스크린골프점,경기도,고양시 일산서구,47,47,48
실내스크린골프점,경기도,과천시,13,13,13
실내스크린골프점,경기도,구리시,43,44,42
실내스크린골프점,경기도,남양주시,166,166,153
실내스크린골프점,경기도,오산시,67,70,73
실내스크린골프점,경기도,시흥시,123,124,123
실내스크린골프점,경기도,군포시,47,47,48
실내스크린골프점,경기도,의왕시,29,29,29
실내스크린골프점,경기도,하남시,104,104,104
실내스크린골프점,경기도,용인시 처인구,77,78,74
실내스크린골프점,경기도,용인시 기흥구,93,95,97
실내스크린골프점,경기도,용인시 수지구,78,77,78
실내스크린골프점,경기도,파주시,86,85,89
실내스크린골프점,경기도,이천시,49,49,43
실내스크린골프점,경기도,안성시,41,41,38
실내스크린골프점,경기도,김포시,78,78,79
실내스크린골프점,경기도,화성시,0,0,0
실내스크린골프점,경기도,화성시 만세구,85,85,85
실내스크린골프점,경기도,화성시 효행구,32,32,31
실내스크린골프점,경기도,화성시 병점구,43,44,40
실내스크린골프점,경기도,화성시 동탄구,77,78,74
실내스크린골프점,경기도,광주시,96,96,95
실내스크린골프점,경기도,양주시,59,56,54
실내스크린골프점,경기도,포천시,52,51,47
실내스크린골프점,경기도,여주시,33,32,33
실내스크린골프점,경기도,연천군,5,5,4
실내스크린골프점,경기도,가평군,15,15,15
실내스크린골프점,경기도,양평군,23,23,22
실내스크린골프점,충청북도,청주시 상당구,30,30,29
실내스크린골프점,충청북도,청주시 서원구,42,42,45
실내스크린골프점,충청북도,청주시 흥덕구,65,65,62
실내스크린골프점,충청북도,청주시 청원구,58,57,58
실내스크린골프점,충청북도,충주시,45,45,42
실내스크린골프점,충청북도,제천시,37,37,36
실내스크린골프점,충청북도,보은군,0,0,0
실내스크린골프점,충청북도,옥천군,4,4,4
실내스크린골프점,충청북도,영동군,4,4,0
실내스크린골프점,충청북도,증평군,8,8,8
실내스크린골프점,충청북도,진천군,22,22,22
실내스크린골프점,충청북도,괴산군,0,0,0
실내스크린골프점,충청북도,음성군,31,31,31
실내스크린골프점,충청북도,단양군,6,6,5
실내스크린골프점,충청남도,천안시 동남구,45,43,42
실내스크린골프점,충청남도,천안시 서북구,95,96,96
실내스크린골프점,충청남도,공주시,15,15,16
실내스크린골프점,충청남도,보령시,27,27,29
실내스크린골프점,충청남도,아산시,72,74,74
실내스크린골프점,충청남도,서산시,31,31,31
실내스크린골프점,충청남도,논산시,20,21,20
실내스크린골프점,충청남도,계룡시,12,12,12
실내스크린골프점,충청남도,당진시,40,39,38
실내스크린골프점,충청남도,금산군,5,5,5
실내스크린골프점,충청남도,부여군,6,6,7
실내스크린골프점,충청남도,서천군,7,7,8
실내스크린골프점,충청남도,청양군,0,0,0
실내스크린골프점,충청남도,홍성군,20,19,19
실내스크린골프점,충청남도,예산군,11,11,6
실내스크린골프점,충청남도,태안군,5,5,6
실내스크린골프점,경상북도,포항시 남구,45,46,46
실내스크린골프점,경상북도,포항시 북구,63,63,61
실내스크린골프점,경상북도,경주시,56,56,48
실내스크린골프점,경상북도,김천시,19,20,19
실내스크린골프점,경상북도,안동시,38,38,32
실내스크린골프점,경상북도,구미시,89,88,86
실내스크린골프점,경상북도,영주시,13,13,12
실내스크린골프점,경상북도,영천시,8,8,11
실내스크린골프점,경상북도,상주시,14,14,14
실내스크린골프점,경상북도,문경시,7,7,7
실내스크린골프점,경상북도,경산시,61,62,57
실내스크린골프점,경상북도,의성군,5,6,6
실내스크린골프점,경상북도,청송군,7,7,6
실내스크린골프점,경상북도,영양군,5,5,5
실내스크린골프점,경상북도,영덕군,8,8,8
실내스크린골프점,경상북도,청도군,0,0,0
실내스크린골프점,경상북도,고령군,3,3,3
실내스크린골프점,경상북도,성주군,6,6,6
실내스크린골프점,경상북도,칠곡군,34,33,30
실내스크린골프점,경상북도,예천군,4,4,4
실내스크린골프점,경상북도,봉화군,5,5,5
실내스크린골프점,경상북도,울진군,13,13,13
실내스크린골프점,경상북도,울릉군,3,3,0
실내스크린골프점,경상남도,창원시 의창구,55,56,55
실내스크린골프점,경상남도,창원시 성산구,55,54,56
실내스크린골프점,경상남도,창원시 마산합포구,32,32,34
실내스크린골프점,경상남도,창원시 마산회원구,28,26,28
실내스크린골프점,경상남도,창원시 진해구,44,42,42
실내스크린골프점,경상남도,진주시,65,64,59
실내스크린골프점,경상남도,통영시,25,26,27
실내스크린골프점,경상남도,사천시,14,14,14
실내스크린골프점,경상남도,김해시,142,142,143
실내스크린골프점,경상남도,밀양시,16,16,16
실내스크린골프점,경상남도,거제시,29,29,24
실내스크린골프점,경상남도,양산시,69,69,67
실내스크린골프점,경상남도,의령군,4,4,3
실내스크린골프점,경상남도,함안군,15,16,16
실내스크린골프점,경상남도,창녕군,12,12,12
실내스크린골프점,경상남도,고성군,5,5,4
실내스크린골프점,경상남도,남해군,4,4,4
실내스크린골프점,경상남도,하동군,6,6,6
실내스크린골프점,경상남도,산청군,5,5,7
실내스크린골프점,경상남도,함양군,4,4,4
실내스크린골프점,경상남도,거창군,10,10,8
실내스크린골프점,경상남도,합천군,5,5,5
실내스크린골프점,제주특별자치도,제주시,151,153,157
실내스크린골프점,제주특별자치도,서귀포시,36,36,37
실내스크린골프점,강원특별자치도,춘천시,46,47,49
실내스크린골프점,강원특별자치도,원주시,78,78,79
실내스크린골프점,강원특별자치도,강릉시,46,47,46
실내스크린골프점,강원특별자치도,동해시,22,22,21
실내스크린골프점,강원특별자치도,태백시,12,12,13
실내스크린골프점,강원특별자치도,속초시,30,29,28
실내스크린골프점,강원특별자치도,삼척시,13,14,14
실내스크린골프점,강원특별자치도,홍천군,11,11,14
실내스크린골프점,강원특별자치도,횡성군,5,5,4
실내스크린골프점,강원특별자치도,영월군,6,6,5
실내스크린골프점,강원특별자치도,평창군,19,18,18
실내스크린골프점,강원특별자치도,정선군,11,11,11
실내스크린골프점,강원특별자치도,철원군,10,10,11
실내스크린골프점,강원특별자치도,화천군,4,4,3
실내스크린골프점,강원특별자치도,양구군,6,6,7
실내스크린골프점,강원특별자치도,인제군,6,6,6
실내스크린골프점,강원특별자치도,고성군,4,4,3
실내스크린골프점,강원특별자치도,양양군,4,4,4
실내스크린골프점,전북특별자치도,전주시 완산구,76,75,79
실내스크린골프점,전북특별자치도,전주시 덕진구,71,71,72
실내스크린골프점,전북특별자치도,군산시,51,52,54
실내스크린골프점,전북특별자치도,익산시,56,56,55
실내스크린골프점,전북특별자치도,정읍시,11,11,11
실내스크린골프점,전북특별자치도,남원시,14,15,16
실내스크린골프점,전북특별자치도,김제시,9,9,9
실내스크린골프점,전북특별자치도,완주군,24,24,24
실내스크린골프점,전북특별자치도,진안군,0,0,0
실내스크린골프점,전북특별자치도,무주군,5,5,5
실내스크린골프점,전북특별자치도,장수군,3,3,3
실내스크린골프점,전북특별자치도,임실군,0,0,0
실내스크린골프점,전북특별자치도,순창군,0,0,0
실내스크린골프점,전북특별자치도,고창군,9,9,10
실내스크린골프점,전북특별자치도,부안군,9,9,7
실외골프연습장,서울특별시,종로구,0,0,0
실외골프연습장,서울특별시,중구,5,5,6
실외골프연습장,서울특별시,용산구,10,9,9
실외골프연습장,서울특별시,성동구,7,7,7
실외골프연습장,서울특별시,광진구,5,6,7
실외골프연습장,서울특별시,동대문구,0,0,0
실외골프연습장,서울특별시,중랑구,4,4,4
실외골프연습장,서울특별시,성북구,3,3,4
실외골프연습장,서울특별시,강북구,0,0,0
실외골프연습장,서울특별시,도봉구,4,4,5
실외골프연습장,서울특별시,노원구,20,20,24
실외골프연습장,서울특별시,은평구,5,5,5
실외골프연습장,서울특별시,서대문구,6,6,6
실외골프연습장,서울특별시,마포구,12,12,11
실외골프연습장,서울특별시,양천구,12,13,13
실외골프연습장,서울특별시,강서구,11,11,12
실외골프연습장,서울특별시,구로구,11,11,12
실외골프연습장,서울특별시,금천구,3,3,4
실외골프연습장,서울특별시,영등포구,13,13,15
실외골프연습장,서울특별시,동작구,5,5,6
실외골프연습장,서울특별시,관악구,13,14,14
실외골프연습장,서울특별시,서초구,18,18,20
실외골프연습장,서울특별시,강남구,28,31,33
실외골프연습장,서울특별시,송파구,29,29,29
실외골프연습장,서울특별시,강동구,14,14,16
실외골프연습장,전남광주통합특별시,목포시,11,11,12
실외골프연습장,전남광주통합특별시,여수시,16,16,16
실외골프연습장,전남광주통합특별시,순천시,13,14,14
실외골프연습장,전남광주통합특별시,나주시,0,0,0
실외골프연습장,전남광주통합특별시,광양시,12,12,14
실외골프연습장,전남광주통합특별시,동구,5,5,4
실외골프연습장,전남광주통합특별시,서구,8,8,8
실외골프연습장,전남광주통합특별시,남구,3,3,3
실외골프연습장,전남광주통합특별시,북구,11,11,13
실외골프연습장,전남광주통합특별시,광산구,11,11,14
실외골프연습장,전남광주통합특별시,담양군,3,3,3
실외골프연습장,전남광주통합특별시,곡성군,0,0,0
실외골프연습장,전남광주통합특별시,구례군,0,0,0
실외골프연습장,전남광주통합특별시,고흥군,4,4,4
실외골프연습장,전남광주통합특별시,보성군,3,3,3
실외골프연습장,전남광주통합특별시,화순군,3,3,3
실외골프연습장,전남광주통합특별시,장흥군,0,0,0
실외골프연습장,전남광주통합특별시,강진군,0,0,0
실외골프연습장,전남광주통합특별시,해남군,0,0,0
실외골프연습장,전남광주통합특별시,영암군,4,4,4
실외골프연습장,전남광주통합특별시,무안군,3,3,0
실외골프연습장,전남광주통합특별시,함평군,0,0,0
실외골프연습장,전남광주통합특별시,완도군,0,0,0
실외골프연습장,전남광주통합특별시,진도군,0,0,0
실외골프연습장,부산광역시,중구,3,3,3
실외골프연습장,부산광역시,서구,0,0,0
실외골프연습장,부산광역시,동구,0,0,0
실외골프연습장,부산광역시,영도구,0,0,0
실외골프연습장,부산광역시,부산진구,6,6,7
실외골프연습장,부산광역시,동래구,10,10,11
실외골프연습장,부산광역시,남구,9,9,9
실외골프연습장,부산광역시,북구,5,5,6
실외골프연습장,부산광역시,해운대구,14,15,17
실외골프연습장,부산광역시,사하구,6,6,5
실외골프연습장,부산광역시,금정구,4,4,5
실외골프연습장,부산광역시,강서구,5,5,5
실외골프연습장,부산광역시,연제구,11,11,11
실외골프연습장,부산광역시,수영구,5,5,5
실외골프연습장,부산광역시,사상구,9,9,10
실외골프연습장,부산광역시,기장군,10,10,8
실외골프연습장,대구광역시,중구,0,0,0
실외골프연습장,대구광역시,동구,13,12,12
실외골프연습장,대구광역시,서구,4,4,4
실외골프연습장,대구광역시,남구,3,3,3
실외골프연습장,대구광역시,북구,8,8,8
실외골프연습장,대구광역시,수성구,16,16,21
실외골프연습장,대구광역시,달서구,14,14,14
실외골프연습장,대구광역시,달성군,14,14,15
실외골프연습장,인천광역시,제물포구,0,0,0
실외골프연습장,인천광역시,영종구,0,0,0
실외골프연습장,인천광역시,미추홀구,5,5,7
실외골프연습장,인천광역시,연수구,8,9,8
실외골프연습장,인천광역시,남동구,10,10,9
실외골프연습장,인천광역시,부평구,7,7,8
실외골프연습장,인천광역시,계양구,6,6,6
실외골프연습장,인천광역시,서해구,7,7,8
실외골프연습장,인천광역시,검단구,6,7,9
실외골프연습장,인천광역시,강화군,0,0,0
실외골프연습장,대전광역시,동구,0,0,0
실외골프연습장,대전광역시,중구,8,8,7
실외골프연습장,대전광역시,서구,15,15,15
실외골프연습장,대전광역시,유성구,17,17,17
실외골프연습장,대전광역시,대덕구,3,3,4
실외골프연습장,울산광역시,중구,6,6,5
실외골프연습장,울산광역시,남구,18,18,17
실외골프연습장,울산광역시,동구,3,3,4
실외골프연습장,울산광역시,북구,10,10,10
실외골프연습장,울산광역시,울주군,12,12,12
실외골프연습장,세종특별자치시,0,10,10,10
실외골프연습장,경기도,수원시 장안구,3,0,3
실외골프연습장,경기도,수원시 권선구,13,13,11
실외골프연습장,경기도,수원시 팔달구,3,3,3
실외골프연습장,경기도,수원시 영통구,6,6,7
실외골프연습장,경기도,성남시 수정구,3,3,4
실외골프연습장,경기도,성남시 중원구,0,0,0
실외골프연습장,경기도,성남시 분당구,19,19,20
실외골프연습장,경기도,의정부시,8,8,10
실외골프연습장,경기도,안양시 만안구,5,5,5
실외골프연습장,경기도,안양시 동안구,12,12,12
실외골프연습장,경기도,부천시 원미구,14,14,14
실외골프연습장,경기도,부천시 소사구,0,0,0
실외골프연습장,경기도,광명시,5,5,5
실외골프연습장,경기도,평택시,21,21,22
실외골프연습장,경기도,동두천시,0,0,0
실외골프연습장,경기도,안산시 상록구,6,6,6
실외골프연습장,경기도,안산시 단원구,8,7,6
실외골프연습장,경기도,고양시 덕양구,8,8,9
실외골프연습장,경기도,고양시 일산동구,14,16,19
실외골프연습장,경기도,고양시 일산서구,8,8,10
실외골프연습장,경기도,과천시,0,0,0
실외골프연습장,경기도,구리시,6,6,6
실외골프연습장,경기도,남양주시,18,17,19
실외골프연습장,경기도,오산시,8,8,9
실외골프연습장,경기도,시흥시,14,15,15
실외골프연습장,경기도,군포시,9,11,13
실외골프연습장,경기도,의왕시,3,3,3
실외골프연습장,경기도,하남시,9,9,9
실외골프연습장,경기도,용인시 처인구,9,9,10
실외골프연습장,경기도,용인시 기흥구,21,21,21
실외골프연습장,경기도,용인시 수지구,13,13,16
실외골프연습장,경기도,파주시,12,12,12
실외골프연습장,경기도,이천시,9,9,10
실외골프연습장,경기도,안성시,12,12,12
실외골프연습장,경기도,김포시,12,12,12
실외골프연습장,경기도,화성시 만세구,17,17,17
실외골프연습장,경기도,화성시 효행구,4,5,5
실외골프연습장,경기도,화성시 병점구,7,7,3
실외골프연습장,경기도,화성시 동탄구,8,8,10
실외골프연습장,경기도,광주시,24,24,23
실외골프연습장,경기도,양주시,11,11,10
실외골프연습장,경기도,포천시,8,8,10
실외골프연습장,경기도,여주시,6,7,5
실외골프연습장,경기도,연천군,0,0,0
실외골프연습장,경기도,가평군,3,3,3
실외골프연습장,경기도,양평군,5,5,5
실외골프연습장,충청북도,청주시 상당구,6,6,6
실외골프연습장,충청북도,청주시 서원구,9,9,9
실외골프연습장,충청북도,청주시 흥덕구,11,12,13
실외골프연습장,충청북도,청주시 청원구,14,14,14
실외골프연습장,충청북도,충주시,13,13,13
실외골프연습장,충청북도,제천시,11,11,10
실외골프연습장,충청북도,보은군,3,3,0
실외골프연습장,충청북도,옥천군,3,3,3
실외골프연습장,충청북도,영동군,0,0,0
실외골프연습장,충청북도,증평군,0,0,0
실외골프연습장,충청북도,진천군,7,7,8
실외골프연습장,충청북도,음성군,6,6,6
실외골프연습장,충청남도,천안시 동남구,8,9,9
실외골프연습장,충청남도,천안시 서북구,14,14,15
실외골프연습장,충청남도,공주시,5,5,6
실외골프연습장,충청남도,보령시,4,4,4
실외골프연습장,충청남도,아산시,11,11,11
실외골프연습장,충청남도,서산시,11,11,11
실외골프연습장,충청남도,논산시,8,8,6
실외골프연습장,충청남도,계룡시,3,3,4
실외골프연습장,충청남도,당진시,5,5,6
실외골프연습장,충청남도,금산군,5,5,5
실외골프연습장,충청남도,서천군,0,0,0
실외골프연습장,충청남도,홍성군,4,5,6
실외골프연습장,충청남도,예산군,3,3,4
실외골프연습장,충청남도,태안군,4,4,4
실외골프연습장,경상북도,포항시 남구,17,17,18
실외골프연습장,경상북도,포항시 북구,17,17,16
실외골프연습장,경상북도,경주시,22,22,21
실외골프연습장,경상북도,김천시,8,8,8
실외골프연습장,경상북도,안동시,12,12,14
실외골프연습장,경상북도,구미시,20,20,20
실외골프연습장,경상북도,영주시,5,5,4
실외골프연습장,경상북도,영천시,10,10,10
실외골프연습장,경상북도,상주시,5,5,5
실외골프연습장,경상북도,문경시,0,0,0
실외골프연습장,경상북도,경산시,16,16,16
실외골프연습장,경상북도,의성군,0,0,0
실외골프연습장,경상북도,청송군,0,0,0
실외골프연습장,경상북도,영양군,0,0,0
실외골프연습장,경상북도,영덕군,4,4,4
실외골프연습장,경상북도,청도군,5,5,5
실외골프연습장,경상북도,고령군,0,0,0
실외골프연습장,경상북도,성주군,0,0,0
실외골프연습장,경상북도,칠곡군,11,11,11
실외골프연습장,경상북도,예천군,4,4,4
실외골프연습장,경상북도,봉화군,0,0,0
실외골프연습장,경상북도,울진군,3,3,3
실외골프연습장,경상남도,창원시 의창구,6,6,5
실외골프연습장,경상남도,창원시 성산구,12,12,12
실외골프연습장,경상남도,창원시 마산합포구,12,12,13
실외골프연습장,경상남도,창원시 마산회원구,4,4,4
실외골프연습장,경상남도,창원시 진해구,12,13,13
실외골프연습장,경상남도,진주시,13,14,14
실외골프연습장,경상남도,통영시,3,3,0
실외골프연습장,경상남도,사천시,8,8,7
실외골프연습장,경상남도,김해시,25,25,25
실외골프연습장,경상남도,밀양시,4,4,4
실외골프연습장,경상남도,거제시,10,10,10
실외골프연습장,경상남도,양산시,13,13,13
실외골프연습장,경상남도,의령군,3,3,3
실외골프연습장,경상남도,함안군,0,0,0
실외골프연습장,경상남도,창녕군,3,3,3
실외골프연습장,경상남도,고성군,3,3,3
실외골프연습장,경상남도,남해군,0,0,0
실외골프연습장,경상남도,하동군,0,0,0
실외골프연습장,경상남도,산청군,0,0,0
실외골프연습장,경상남도,함양군,0,0,0
실외골프연습장,경상남도,거창군,5,5,5
실외골프연습장,경상남도,합천군,5,5,5
실외골프연습장,제주특별자치도,제주시,35,35,35
실외골프연습장,제주특별자치도,서귀포시,17,17,18
실외골프연습장,강원특별자치도,춘천시,13,13,15
실외골프연습장,강원특별자치도,원주시,20,20,22
실외골프연습장,강원특별자치도,강릉시,17,17,18
실외골프연습장,강원특별자치도,동해시,8,8,8
실외골프연습장,강원특별자치도,태백시,0,0,0
실외골프연습장,강원특별자치도,속초시,3,3,4
실외골프연습장,강원특별자치도,삼척시,4,4,4
실외골프연습장,강원특별자치도,홍천군,5,5,4
실외골프연습장,강원특별자치도,횡성군,4,4,4
실외골프연습장,강원특별자치도,영월군,0,0,0
실외골프연습장,강원특별자치도,평창군,4,4,5
실외골프연습장,강원특별자치도,정선군,0,0,0
실외골프연습장,강원특별자치도,철원군,0,0,0
실외골프연습장,강원특별자치도,화천군,0,0,0
실외골프연습장,강원특별자치도,양구군,0,0,0
실외골프연습장,강원특별자치도,인제군,0,0,0
실외골프연습장,강원특별자치도,고성군,0,0,0
실외골프연습장,강원특별자치도,양양군,0,0,0
실외골프연습장,전북특별자치도,전주시 완산구,20,20,17
실외골프연습장,전북특별자치도,전주시 덕진구,17,18,17
실외골프연습장,전북특별자치도,군산시,7,7,7
실외골프연습장,전북특별자치도,익산시,17,18,21
실외골프연습장,전북특별자치도,정읍시,6,6,6
실외골프연습장,전북특별자치도,남원시,5,5,4
실외골프연습장,전북특별자치도,김제시,0,0,0
실외골프연습장,전북특별자치도,완주군,6,6,8
실외골프연습장,전북특별자치도,무주군,0,0,0
실외골프연습장,전북특별자치도,장수군,0,0,0
실외골프연습장,전북특별자치도,임실군,0,0,0
실외골프연습장,전북특별자치도,순창군,0,0,0
실외골프연습장,전북특별자치도,고창군,3,3,3
실외골프연습장,전북특별자치도,부안군,5,5,5
여행사,서울특별시,종로구,856,855,859
여행사,서울특별시,중구,841,835,882
여행사,서울특별시,용산구,128,130,128
여행사,서울특별시,성동구,92,93,90
여행사,서울특별시,광진구,136,135,131
여행사,서울특별시,동대문구,95,94,88
여행사,서울특별시,중랑구,54,54,62
여행사,서울특별시,성북구,79,79,72
여행사,서울특별시,강북구,56,56,50
여행사,서울특별시,도봉구,41,41,39
여행사,서울특별시,노원구,70,70,69
여행사,서울특별시,은평구,100,101,96
여행사,서울특별시,서대문구,159,158,172
여행사,서울특별시,마포구,631,628,613
여행사,서울특별시,양천구,78,78,76
여행사,서울특별시,강서구,381,380,346
여행사,서울특별시,구로구,183,181,176
여행사,서울특별시,금천구,166,167,166
여행사,서울특별시,영등포구,371,372,365
여행사,서울특별시,동작구,58,59,63
여행사,서울특별시,관악구,77,76,74
여행사,서울특별시,서초구,354,354,345
여행사,서울특별시,강남구,520,520,508
여행사,서울특별시,송파구,222,220,208
여행사,서울특별시,강동구,108,111,102
여행사,전남광주통합특별시,목포시,90,90,91
여행사,전남광주통합특별시,여수시,93,92,86
여행사,전남광주통합특별시,순천시,82,83,78
여행사,전남광주통합특별시,나주시,29,28,29
여행사,전남광주통합특별시,광양시,46,46,42
여행사,전남광주통합특별시,동구,102,103,99
여행사,전남광주통합특별시,서구,156,155,155
여행사,전남광주통합특별시,남구,41,41,42
여행사,전남광주통합특별시,북구,107,107,101
여행사,전남광주통합특별시,광산구,71,71,69
여행사,전남광주통합특별시,담양군,8,8,10
여행사,전남광주통합특별시,곡성군,10,9,8
여행사,전남광주통합특별시,구례군,8,8,6
여행사,전남광주통합특별시,고흥군,17,18,18
여행사,전남광주통합특별시,보성군,7,7,9
여행사,전남광주통합특별시,화순군,12,11,10
여행사,전남광주통합특별시,장흥군,13,13,12
여행사,전남광주통합특별시,강진군,15,15,16
여행사,전남광주통합특별시,해남군,16,16,15
여행사,전남광주통합특별시,영암군,10,10,10
여행사,전남광주통합특별시,무안군,19,19,18
여행사,전남광주통합특별시,함평군,12,12,12
여행사,전남광주통합특별시,영광군,15,15,14
여행사,전남광주통합특별시,장성군,8,8,8
여행사,전남광주통합특별시,완도군,9,9,9
여행사,전남광주통합특별시,진도군,4,4,5
여행사,전남광주통합특별시,신안군,6,6,6
여행사,부산광역시,중구,141,140,146
여행사,부산광역시,서구,17,15,15
여행사,부산광역시,동구,182,181,174
여행사,부산광역시,영도구,40,40,39
여행사,부산광역시,부산진구,208,206,218
여행사,부산광역시,동래구,90,89,83
여행사,부산광역시,남구,96,96,84
여행사,부산광역시,북구,39,39,35
여행사,부산광역시,해운대구,132,131,132
여행사,부산광역시,사하구,24,24,24
여행사,부산광역시,금정구,47,47,43
여행사,부산광역시,강서구,38,37,32
여행사,부산광역시,연제구,80,80,76
여행사,부산광역시,수영구,56,54,50
여행사,부산광역시,사상구,25,25,20
여행사,부산광역시,기장군,29,30,27
여행사,대구광역시,중구,222,222,219
여행사,대구광역시,동구,75,76,69
여행사,대구광역시,서구,26,26,25
여행사,대구광역시,남구,28,27,25
여행사,대구광역시,북구,52,52,59
여행사,대구광역시,수성구,96,97,92
여행사,대구광역시,달서구,101,101,85
여행사,대구광역시,달성군,19,19,16
여행사,대구광역시,군위군,0,0,0
여행사,인천광역시,제물포구,38,38,33
여행사,인천광역시,영종구,90,87,82
여행사,인천광역시,미추홀구,43,45,41
여행사,인천광역시,연수구,140,140,120
여행사,인천광역시,남동구,88,85,88
여행사,인천광역시,부평구,89,90,90
여행사,인천광역시,계양구,35,35,29
여행사,인천광역시,서해구,79,78,69
여행사,인천광역시,검단구,29,28,24
여행사,인천광역시,강화군,11,11,11
여행사,인천광역시,옹진군,23,23,21
여행사,대전광역시,동구,31,32,29
여행사,대전광역시,중구,69,68,69
여행사,대전광역시,서구,121,125,126
여행사,대전광역시,유성구,97,95,87
여행사,대전광역시,대덕구,25,25,23
여행사,울산광역시,중구,37,37,35
여행사,울산광역시,남구,115,114,114
여행사,울산광역시,동구,15,15,16
여행사,울산광역시,북구,15,15,15
여행사,울산광역시,울주군,26,26,27
여행사,세종특별자치시,0,64,61,56
여행사,경기도,수원시 장안구,32,32,33
여행사,경기도,수원시 권선구,37,37,33
여행사,경기도,수원시 팔달구,91,92,100
여행사,경기도,수원시 영통구,68,68,64
여행사,경기도,성남시 수정구,34,34,35
여행사,경기도,성남시 중원구,33,32,27
여행사,경기도,성남시 분당구,132,133,142
여행사,경기도,의정부시,60,60,58
여행사,경기도,안양시 만안구,36,38,40
여행사,경기도,안양시 동안구,78,78,75
여행사,경기도,부천시 원미구,125,125,111
여행사,경기도,부천시 소사구,53,52,45
여행사,경기도,부천시 오정구,13,14,12
여행사,경기도,광명시,43,43,41
여행사,경기도,평택시,79,81,87
여행사,경기도,동두천시,11,12,11
여행사,경기도,안산시 상록구,26,26,22
여행사,경기도,안산시 단원구,100,96,101
여행사,경기도,고양시 덕양구,159,161,125
여행사,경기도,고양시 일산동구,116,115,115
여행사,경기도,고양시 일산서구,89,88,85
여행사,경기도,과천시,11,11,10
여행사,경기도,구리시,37,38,36
여행사,경기도,남양주시,97,99,90
여행사,경기도,오산시,33,35,32
여행사,경기도,시흥시,73,73,68
여행사,경기도,군포시,34,35,30
여행사,경기도,의왕시,11,11,10
여행사,경기도,하남시,47,48,52
여행사,경기도,용인시 처인구,36,36,35
여행사,경기도,용인시 기흥구,82,81,69
여행사,경기도,용인시 수지구,37,36,36
여행사,경기도,파주시,100,101,87
여행사,경기도,이천시,29,30,32
여행사,경기도,안성시,42,42,39
여행사,경기도,김포시,143,136,135
여행사,경기도,화성시,0,0,0
여행사,경기도,화성시 만세구,38,37,34
여행사,경기도,화성시 효행구,12,12,12
여행사,경기도,화성시 병점구,23,24,14
여행사,경기도,화성시 동탄구,72,71,59
여행사,경기도,광주시,47,47,41
여행사,경기도,양주시,36,37,32
여행사,경기도,포천시,32,31,29
여행사,경기도,여주시,10,10,11
여행사,경기도,연천군,11,11,10
여행사,경기도,가평군,28,28,25
여행사,경기도,양평군,35,35,36
여행사,충청북도,청주시 상당구,71,70,72
여행사,충청북도,청주시 서원구,42,42,41
여행사,충청북도,청주시 흥덕구,63,63,56
여행사,충청북도,청주시 청원구,39,39,43
여행사,충청북도,충주시,28,28,27
여행사,충청북도,제천시,24,23,22
여행사,충청북도,보은군,4,4,4
여행사,충청북도,옥천군,7,6,7
여행사,충청북도,영동군,11,11,8
여행사,충청북도,증평군,6,6,5
여행사,충청북도,진천군,11,11,12
여행사,충청북도,괴산군,5,5,5
여행사,충청북도,음성군,18,18,18
여행사,충청북도,단양군,8,8,7
여행사,충청남도,천안시 동남구,36,36,38
여행사,충청남도,천안시 서북구,78,77,72
여행사,충청남도,공주시,29,28,24
여행사,충청남도,보령시,16,16,13
여행사,충청남도,아산시,39,39,36
여행사,충청남도,서산시,21,21,23
여행사,충청남도,논산시,23,23,21
여행사,충청남도,계룡시,12,11,9
여행사,충청남도,당진시,29,28,28
여행사,충청남도,금산군,14,13,14
여행사,충청남도,부여군,16,16,17
여행사,충청남도,서천군,8,8,10
여행사,충청남도,청양군,13,13,12
여행사,충청남도,홍성군,27,28,28
여행사,충청남도,예산군,10,10,11
여행사,충청남도,태안군,11,11,11
여행사,경상북도,포항시 남구,38,38,38
여행사,경상북도,포항시 북구,82,81,76
여행사,경상북도,경주시,84,82,76
여행사,경상북도,김천시,15,15,13
여행사,경상북도,안동시,51,51,51
여행사,경상북도,구미시,55,55,51
여행사,경상북도,영주시,21,21,20
여행사,경상북도,영천시,13,14,14
여행사,경상북도,상주시,20,20,21
여행사,경상북도,문경시,10,10,10
여행사,경상북도,경산시,27,28,25
여행사,경상북도,의성군,14,14,14
여행사,경상북도,청송군,4,4,4
여행사,경상북도,영양군,4,4,3
여행사,경상북도,영덕군,9,9,9
여행사,경상북도,청도군,5,5,5
여행사,경상북도,고령군,5,5,4
여행사,경상북도,성주군,13,13,15
여행사,경상북도,칠곡군,16,16,15
여행사,경상북도,예천군,6,6,5
여행사,경상북도,봉화군,3,3,3
여행사,경상북도,울진군,7,7,7
여행사,경상북도,울릉군,45,44,41
여행사,경상남도,창원시 의창구,45,45,48
여행사,경상남도,창원시 성산구,96,98,99
여행사,경상남도,창원시 마산합포구,41,40,39
여행사,경상남도,창원시 마산회원구,46,47,43
여행사,경상남도,창원시 진해구,12,12,12
여행사,경상남도,진주시,83,86,87
여행사,경상남도,통영시,39,39,36
여행사,경상남도,사천시,19,19,19
여행사,경상남도,김해시,89,91,90
여행사,경상남도,밀양시,14,14,14
여행사,경상남도,거제시,53,54,56
여행사,경상남도,양산시,43,42,42
여행사,경상남도,의령군,4,4,5
여행사,경상남도,함안군,10,10,9
여행사,경상남도,창녕군,7,7,9
여행사,경상남도,고성군,4,4,4
여행사,경상남도,남해군,16,16,13
여행사,경상남도,하동군,9,9,8
여행사,경상남도,산청군,8,8,7
여행사,경상남도,함양군,7,7,6
여행사,경상남도,거창군,7,6,6
여행사,경상남도,합천군,10,10,10
여행사,제주특별자치도,제주시,911,910,919
여행사,제주특별자치도,서귀포시,64,64,60
여행사,강원특별자치도,춘천시,69,68,67
여행사,강원특별자치도,원주시,95,96,94
여행사,강원특별자치도,강릉시,71,70,73
여행사,강원특별자치도,동해시,23,23,22
여행사,강원특별자치도,태백시,4,4,4
여행사,강원특별자치도,속초시,15,15,14
여행사,강원특별자치도,삼척시,7,7,5
여행사,강원특별자치도,홍천군,15,14,13
여행사,강원특별자치도,횡성군,11,11,10
여행사,강원특별자치도,영월군,12,12,13
여행사,강원특별자치도,평창군,24,25,25
여행사,강원특별자치도,정선군,13,13,13
여행사,강원특별자치도,철원군,10,10,10
여행사,강원특별자치도,화천군,4,3,3
여행사,강원특별자치도,양구군,4,4,4
여행사,강원특별자치도,인제군,11,11,11
여행사,강원특별자치도,고성군,6,6,5
여행사,강원특별자치도,양양군,8,9,7
여행사,전북특별자치도,전주시 완산구,131,131,129
여행사,전북특별자치도,전주시 덕진구,92,91,91
여행사,전북특별자치도,군산시,51,51,50
여행사,전북특별자치도,익산시,49,50,48
여행사,전북특별자치도,정읍시,34,33,32
여행사,전북특별자치도,남원시,10,9,10
여행사,전북특별자치도,김제시,14,14,15
여행사,전북특별자치도,완주군,22,22,20
여행사,전북특별자치도,진안군,11,11,10
여행사,전북특별자치도,무주군,6,6,6
여행사,전북특별자치도,장수군,8,8,9
여행사,전북특별자치도,임실군,8,8,7
여행사,전북특별자치도,순창군,7,7,7
여행사,전북특별자치도,고창군,11,11,13
여행사,전북특별자치도,부안군,6,6,7
예식장,서울특별시,종로구,3,3,3
예식장,서울특별시,중구,6,5,4
예식장,서울특별시,용산구,6,6,6
예식장,서울특별시,성동구,3,3,4
예식장,서울특별시,광진구,9,9,10
예식장,서울특별시,동대문구,4,4,3
예식장,서울특별시,성북구,3,3,5
예식장,서울특별시,강북구,0,0,0
예식장,서울특별시,도봉구,0,0,0
예식장,서울특별시,노원구,3,3,3
예식장,서울특별시,서대문구,0,0,0
예식장,서울특별시,마포구,7,7,7
예식장,서울특별시,양천구,0,0,0
예식장,서울특별시,강서구,5,5,5
예식장,서울특별시,구로구,6,6,6
예식장,서울특별시,금천구,0,0,0
예식장,서울특별시,영등포구,16,16,15
예식장,서울특별시,동작구,0,0,0
예식장,서울특별시,관악구,3,3,3
예식장,서울특별시,서초구,12,10,10
예식장,서울특별시,강남구,51,51,44
예식장,서울특별시,송파구,10,10,8
예식장,서울특별시,강동구,0,0,0
예식장,전남광주통합특별시,목포시,3,3,3
예식장,전남광주통합특별시,여수시,8,8,8
예식장,전남광주통합특별시,순천시,7,7,6
예식장,전남광주통합특별시,광양시,0,0,0
예식장,전남광주통합특별시,동구,3,3,0
예식장,전남광주통합특별시,서구,8,8,9
예식장,전남광주통합특별시,남구,0,0,0
예식장,전남광주통합특별시,북구,3,3,3
예식장,전남광주통합특별시,광산구,0,0,0
예식장,전남광주통합특별시,곡성군,0,0,0
예식장,전남광주통합특별시,고흥군,0,0,0
예식장,전남광주통합특별시,보성군,0,0,0
예식장,전남광주통합특별시,강진군,0,0,0
예식장,전남광주통합특별시,해남군,3,3,4
예식장,전남광주통합특별시,영암군,0,0,0
예식장,전남광주통합특별시,무안군,0,0,0
예식장,전남광주통합특별시,영광군,0,0,0
예식장,부산광역시,중구,0,0,0
예식장,부산광역시,동구,4,4,4
예식장,부산광역시,영도구,0,0,0
예식장,부산광역시,부산진구,10,10,11
예식장,부산광역시,동래구,0,0,0
예식장,부산광역시,남구,0,0,0
예식장,부산광역시,해운대구,9,9,11
예식장,부산광역시,사하구,5,5,5
예식장,부산광역시,금정구,0,0,0
예식장,부산광역시,강서구,0,0,0
예식장,부산광역시,연제구,5,5,3
예식장,부산광역시,수영구,4,4,4
예식장,부산광역시,사상구,0,0,0
예식장,부산광역시,기장군,4,4,3
예식장,대구광역시,중구,0,0,0
예식장,대구광역시,동구,6,6,6
예식장,대구광역시,북구,7,7,6
예식장,대구광역시,수성구,6,6,7
예식장,대구광역시,달서구,7,7,7
예식장,대구광역시,달성군,3,3,3
예식장,인천광역시,제물포구,0,0,0
예식장,인천광역시,미추홀구,0,0,0
예식장,인천광역시,연수구,5,5,5
예식장,인천광역시,남동구,0,0,0
예식장,인천광역시,부평구,9,10,6
예식장,인천광역시,계양구,0,0,0
예식장,인천광역시,서해구,0,0,0
예식장,인천광역시,강화군,0,0,0
예식장,대전광역시,중구,3,3,4
예식장,대전광역시,서구,10,10,7
예식장,대전광역시,유성구,9,9,9
예식장,대전광역시,대덕구,0,0,0
예식장,울산광역시,중구,0,0,0
예식장,울산광역시,남구,9,9,9
예식장,울산광역시,북구,5,5,4
예식장,울산광역시,울주군,3,3,3
예식장,세종특별자치시,0,0,0,0
예식장,경기도,수원시 장안구,0,0,0
예식장,경기도,수원시 권선구,5,5,5
예식장,경기도,수원시 팔달구,7,7,7
예식장,경기도,수원시 영통구,0,0,0
예식장,경기도,성남시 수정구,4,4,4
예식장,경기도,성남시 중원구,0,0,0
예식장,경기도,성남시 분당구,5,5,6
예식장,경기도,의정부시,3,3,0
예식장,경기도,안양시 만안구,0,0,0
예식장,경기도,안양시 동안구,4,4,3
예식장,경기도,부천시 원미구,4,4,3
예식장,경기도,부천시 소사구,0,0,0
예식장,경기도,광명시,3,3,0
예식장,경기도,평택시,9,8,8
예식장,경기도,동두천시,0,0,0
예식장,경기도,안산시 상록구,0,0,0
예식장,경기도,안산시 단원구,10,10,10
예식장,경기도,고양시 덕양구,3,3,0
예식장,경기도,고양시 일산동구,5,5,5
예식장,경기도,고양시 일산서구,0,0,0
예식장,경기도,과천시,0,0,0
예식장,경기도,남양주시,8,7,3
예식장,경기도,오산시,4,4,4
예식장,경기도,시흥시,3,3,3
예식장,경기도,하남시,0,0,0
예식장,경기도,용인시 처인구,3,3,0
예식장,경기도,용인시 기흥구,4,4,4
예식장,경기도,용인시 수지구,0,0,0
예식장,경기도,파주시,5,5,5
예식장,경기도,이천시,3,3,3
예식장,경기도,안성시,5,5,5
예식장,경기도,김포시,3,3,3
예식장,경기도,화성시 만세구,0,0,0
예식장,경기도,화성시 효행구,0,0,0
예식장,경기도,화성시 동탄구,0,0,0
예식장,경기도,광주시,3,3,0
예식장,경기도,양주시,0,0,0
예식장,경기도,포천시,4,4,3
예식장,경기도,여주시,5,5,4
예식장,경기도,가평군,0,0,0
예식장,경기도,양평군,0,0,0
예식장,충청북도,청주시 상당구,5,5,4
예식장,충청북도,청주시 서원구,8,8,6
예식장,충청북도,청주시 흥덕구,9,9,7
예식장,충청북도,청주시 청원구,3,3,3
예식장,충청북도,충주시,4,4,4
예식장,충청북도,제천시,7,7,7
예식장,충청북도,보은군,0,0,0
예식장,충청북도,영동군,0,0,0
예식장,충청북도,진천군,0,0,0
예식장,충청북도,괴산군,0,0,0
예식장,충청북도,음성군,0,0,0
예식장,충청남도,천안시 동남구,9,9,9
예식장,충청남도,천안시 서북구,3,4,3
예식장,충청남도,공주시,0,0,0
예식장,충청남도,보령시,0,0,0
예식장,충청남도,아산시,5,5,5
예식장,충청남도,서산시,6,6,6
예식장,충청남도,논산시,0,0,0
예식장,충청남도,당진시,3,3,0
예식장,충청남도,부여군,3,3,3
예식장,충청남도,서천군,4,4,4
예식장,충청남도,청양군,0,0,0
예식장,충청남도,홍성군,5,5,4
예식장,충청남도,예산군,5,5,5
예식장,충청남도,태안군,0,0,0
예식장,경상북도,포항시 남구,4,4,6
예식장,경상북도,포항시 북구,6,5,4
예식장,경상북도,경주시,5,5,5
예식장,경상북도,김천시,0,0,0
예식장,경상북도,안동시,5,5,6
예식장,경상북도,구미시,9,9,9
예식장,경상북도,영주시,3,3,3
예식장,경상북도,영천시,3,3,3
예식장,경상북도,상주시,3,3,3
예식장,경상북도,문경시,3,3,0
예식장,경상북도,경산시,0,0,0
예식장,경상북도,의성군,0,0,0
예식장,경상북도,칠곡군,4,4,4
예식장,경상북도,예천군,0,0,0
예식장,경상남도,창원시 의창구,4,5,5
예식장,경상남도,창원시 성산구,0,0,0
예식장,경상남도,창원시 마산합포구,3,3,3
예식장,경상남도,창원시 마산회원구,4,4,4
예식장,경상남도,창원시 진해구,0,0,0
예식장,경상남도,진주시,6,6,7
예식장,경상남도,통영시,3,3,3
예식장,경상남도,사천시,0,0,0
예식장,경상남도,김해시,5,6,6
예식장,경상남도,밀양시,0,0,0
예식장,경상남도,거제시,0,0,0
예식장,경상남도,양산시,3,3,3
예식장,경상남도,창녕군,0,0,0
예식장,경상남도,고성군,0,0,0
예식장,경상남도,남해군,0,0,0
예식장,경상남도,산청군,0,0,0
예식장,경상남도,거창군,0,0,0
예식장,제주특별자치도,제주시,18,18,20
예식장,제주특별자치도,서귀포시,5,5,5
예식장,강원특별자치도,춘천시,5,5,4
예식장,강원특별자치도,원주시,7,7,7
예식장,강원특별자치도,강릉시,6,6,8
예식장,강원특별자치도,동해시,3,3,3
예식장,강원특별자치도,태백시,0,0,0
예식장,강원특별자치도,속초시,0,0,0
예식장,강원특별자치도,삼척시,0,0,0
예식장,강원특별자치도,홍천군,3,3,3
예식장,강원특별자치도,횡성군,0,0,0
예식장,강원특별자치도,영월군,0,0,0
예식장,강원특별자치도,정선군,0,0,0
예식장,강원특별자치도,철원군,0,0,0
예식장,강원특별자치도,인제군,0,0,0
예식장,전북특별자치도,전주시 완산구,7,7,6
예식장,전북특별자치도,전주시 덕진구,9,9,9
예식장,전북특별자치도,군산시,7,7,5
예식장,전북특별자치도,익산시,0,0,0
예식장,전북특별자치도,정읍시,0,0,0
예식장,전북특별자치도,남원시,0,0,0
예식장,전북특별자치도,김제시,4,4,4
예식장,전북특별자치도,완주군,0,0,0
예식장,전북특별자치도,장수군,0,0,0
예식장,전북특별자치도,순창군,0,0,0
예식장,전북특별자치도,고창군,0,0,0
예식장,전북특별자치도,부안군,0,0,0
이발소,서울특별시,종로구,61,62,66
이발소,서울특별시,중구,54,54,57
이발소,서울특별시,용산구,53,52,57
이발소,서울특별시,성동구,74,74,74
이발소,서울특별시,광진구,106,105,105
이발소,서울특별시,동대문구,83,83,85
이발소,서울특별시,중랑구,109,108,109
이발소,서울특별시,성북구,87,88,85
이발소,서울특별시,강북구,63,65,72
이발소,서울특별시,도봉구,65,65,68
이발소,서울특별시,노원구,96,96,94
이발소,서울특별시,은평구,109,110,110
이발소,서울특별시,서대문구,54,54,57
이발소,서울특별시,마포구,102,101,100
이발소,서울특별시,양천구,79,78,75
이발소,서울특별시,강서구,101,99,97
이발소,서울특별시,구로구,80,80,76
이발소,서울특별시,금천구,57,57,59
이발소,서울특별시,영등포구,108,109,114
이발소,서울특별시,동작구,54,54,56
이발소,서울특별시,관악구,117,117,116
이발소,서울특별시,서초구,72,71,69
이발소,서울특별시,강남구,108,108,103
이발소,서울특별시,송파구,116,116,109
이발소,서울특별시,강동구,105,104,104
이발소,전남광주통합특별시,목포시,91,91,90
이발소,전남광주통합특별시,여수시,79,78,79
이발소,전남광주통합특별시,순천시,85,85,87
이발소,전남광주통합특별시,나주시,22,22,22
이발소,전남광주통합특별시,광양시,47,46,48
이발소,전남광주통합특별시,동구,32,32,32
이발소,전남광주통합특별시,서구,53,52,47
이발소,전남광주통합특별시,남구,37,37,35
이발소,전남광주통합특별시,북구,67,66,69
이발소,전남광주통합특별시,광산구,55,55,57
이발소,전남광주통합특별시,담양군,15,15,14
이발소,전남광주통합특별시,곡성군,0,0,0
이발소,전남광주통합특별시,구례군,14,14,14
이발소,전남광주통합특별시,고흥군,21,21,19
이발소,전남광주통합특별시,보성군,20,20,20
이발소,전남광주통합특별시,화순군,18,18,18
이발소,전남광주통합특별시,장흥군,21,21,20
이발소,전남광주통합특별시,강진군,20,20,20
이발소,전남광주통합특별시,해남군,33,33,33
이발소,전남광주통합특별시,영암군,32,32,32
이발소,전남광주통합특별시,무안군,15,15,13
이발소,전남광주통합특별시,함평군,8,8,9
이발소,전남광주통합특별시,영광군,16,16,13
이발소,전남광주통합특별시,장성군,17,17,18
이발소,전남광주통합특별시,완도군,22,22,21
이발소,전남광주통합특별시,진도군,7,7,7
이발소,전남광주통합특별시,신안군,6,6,8
이발소,부산광역시,중구,39,38,39
이발소,부산광역시,서구,28,29,32
이발소,부산광역시,동구,37,37,39
이발소,부산광역시,영도구,45,45,47
이발소,부산광역시,부산진구,111,112,113
이발소,부산광역시,동래구,76,77,76
이발소,부산광역시,남구,60,59,58
이발소,부산광역시,북구,62,62,63
이발소,부산광역시,해운대구,95,95,97
이발소,부산광역시,사하구,102,101,101
이발소,부산광역시,금정구,77,77,76
이발소,부산광역시,강서구,20,20,21
이발소,부산광역시,연제구,54,54,51
이발소,부산광역시,수영구,35,35,33
이발소,부산광역시,사상구,79,79,78
이발소,부산광역시,기장군,37,38,40
이발소,대구광역시,중구,47,47,45
이발소,대구광역시,동구,105,105,102
이발소,대구광역시,서구,44,44,43
이발소,대구광역시,남구,47,47,49
이발소,대구광역시,북구,88,88,88
이발소,대구광역시,수성구,83,83,84
이발소,대구광역시,달서구,87,87,83
이발소,대구광역시,달성군,54,54,50
이발소,대구광역시,군위군,9,9,8
이발소,인천광역시,제물포구,39,37,35
이발소,인천광역시,영종구,15,14,13
이발소,인천광역시,미추홀구,85,86,79
이발소,인천광역시,연수구,51,50,41
이발소,인천광역시,남동구,60,61,63
이발소,인천광역시,부평구,88,88,82
이발소,인천광역시,계양구,40,40,37
이발소,인천광역시,서해구,65,64,63
이발소,인천광역시,검단구,15,15,16
이발소,인천광역시,강화군,12,13,13
이발소,인천광역시,옹진군,4,3,3
이발소,대전광역시,동구,78,78,78
이발소,대전광역시,중구,87,89,91
이발소,대전광역시,서구,128,128,124
이발소,대전광역시,유성구,68,67,63
이발소,대전광역시,대덕구,46,45,49
이발소,울산광역시,중구,83,82,84
이발소,울산광역시,남구,124,123,124
이발소,울산광역시,동구,64,65,67
이발소,울산광역시,북구,52,52,52
이발소,울산광역시,울주군,44,44,46
이발소,세종특별자치시,0,48,47,47
이발소,경기도,수원시 장안구,65,64,63
이발소,경기도,수원시 권선구,54,54,54
이발소,경기도,수원시 팔달구,51,51,51
이발소,경기도,수원시 영통구,47,45,43
이발소,경기도,성남시 수정구,51,51,52
이발소,경기도,성남시 중원구,42,42,44
이발소,경기도,성남시 분당구,63,64,55
이발소,경기도,의정부시,87,87,87
이발소,경기도,안양시 만안구,47,47,48
이발소,경기도,안양시 동안구,52,53,50
이발소,경기도,부천시 원미구,83,83,79
이발소,경기도,부천시 소사구,36,36,35
이발소,경기도,부천시 오정구,31,31,29
이발소,경기도,광명시,47,48,49
이발소,경기도,평택시,174,172,167
이발소,경기도,동두천시,36,35,35
이발소,경기도,안산시 상록구,51,51,56
이발소,경기도,안산시 단원구,62,62,62
이발소,경기도,고양시 덕양구,56,56,56
이발소,경기도,고양시 일산동구,49,49,49
이발소,경기도,고양시 일산서구,34,36,37
이발소,경기도,과천시,7,7,5
이발소,경기도,구리시,37,36,35
이발소,경기도,남양주시,99,99,99
이발소,경기도,오산시,49,49,46
이발소,경기도,시흥시,89,88,81
이발소,경기도,군포시,61,61,62
이발소,경기도,의왕시,17,18,17
이발소,경기도,하남시,34,34,32
이발소,경기도,용인시 처인구,40,41,41
이발소,경기도,용인시 기흥구,61,60,55
이발소,경기도,용인시 수지구,23,23,23
이발소,경기도,파주시,89,91,94
이발소,경기도,이천시,53,54,55
이발소,경기도,안성시,47,47,47
이발소,경기도,김포시,63,62,58
이발소,경기도,화성시,0,0,0
이발소,경기도,화성시 만세구,36,36,38
이발소,경기도,화성시 효행구,20,19,18
이발소,경기도,화성시 병점구,16,16,13
이발소,경기도,화성시 동탄구,42,42,39
이발소,경기도,광주시,59,59,58
이발소,경기도,양주시,40,40,39
이발소,경기도,포천시,44,44,48
이발소,경기도,여주시,31,31,31
이발소,경기도,연천군,24,24,21
이발소,경기도,가평군,19,19,20
이발소,경기도,양평군,37,37,37
이발소,충청북도,청주시 상당구,55,55,47
이발소,충청북도,청주시 서원구,49,50,47
이발소,충청북도,청주시 흥덕구,62,62,57
이발소,충청북도,청주시 청원구,37,35,33
이발소,충청북도,충주시,70,71,73
이발소,충청북도,제천시,51,51,54
이발소,충청북도,보은군,12,12,12
이발소,충청북도,옥천군,19,19,19
이발소,충청북도,영동군,21,21,22
이발소,충청북도,증평군,18,18,19
이발소,충청북도,진천군,25,24,24
이발소,충청북도,괴산군,4,4,4
이발소,충청북도,음성군,37,39,38
이발소,충청북도,단양군,15,15,16
이발소,충청남도,천안시 동남구,65,65,66
이발소,충청남도,천안시 서북구,82,83,82
이발소,충청남도,공주시,41,42,42
이발소,충청남도,보령시,37,38,37
이발소,충청남도,아산시,60,57,59
이발소,충청남도,서산시,39,39,40
이발소,충청남도,논산시,48,49,49
이발소,충청남도,계룡시,12,11,12
이발소,충청남도,당진시,54,55,57
이발소,충청남도,금산군,28,28,28
이발소,충청남도,부여군,22,22,23
이발소,충청남도,서천군,27,27,26
이발소,충청남도,청양군,15,15,15
이발소,충청남도,홍성군,42,42,43
이발소,충청남도,예산군,44,44,44
이발소,충청남도,태안군,22,22,22
이발소,경상북도,포항시 남구,72,73,79
이발소,경상북도,포항시 북구,63,63,64
이발소,경상북도,경주시,60,60,63
이발소,경상북도,김천시,65,65,63
이발소,경상북도,안동시,63,63,64
이발소,경상북도,구미시,109,109,105
이발소,경상북도,영주시,58,58,62
이발소,경상북도,영천시,27,27,25
이발소,경상북도,상주시,50,51,52
이발소,경상북도,문경시,40,42,44
이발소,경상북도,경산시,69,69,68
이발소,경상북도,의성군,26,27,27
이발소,경상북도,청송군,11,11,12
이발소,경상북도,영양군,7,7,7
이발소,경상북도,영덕군,20,20,20
이발소,경상북도,청도군,13,13,13
이발소,경상북도,고령군,6,6,7
이발소,경상북도,성주군,12,12,11
이발소,경상북도,칠곡군,18,18,21
이발소,경상북도,예천군,27,27,30
이발소,경상북도,봉화군,17,17,18
이발소,경상북도,울진군,28,28,26
이발소,경상북도,울릉군,3,3,3
이발소,경상남도,창원시 의창구,49,48,50
이발소,경상남도,창원시 성산구,61,61,60
이발소,경상남도,창원시 마산합포구,44,44,46
이발소,경상남도,창원시 마산회원구,44,44,44
이발소,경상남도,창원시 진해구,43,43,46
이발소,경상남도,진주시,72,72,73
이발소,경상남도,통영시,47,47,48
이발소,경상남도,사천시,51,51,51
이발소,경상남도,김해시,113,113,110
이발소,경상남도,밀양시,32,33,36
이발소,경상남도,거제시,55,55,55
이발소,경상남도,양산시,66,66,69
이발소,경상남도,의령군,4,4,4
이발소,경상남도,함안군,14,14,14
이발소,경상남도,창녕군,19,19,19
이발소,경상남도,고성군,12,12,11
이발소,경상남도,남해군,18,18,18
이발소,경상남도,하동군,12,12,14
이발소,경상남도,산청군,10,10,9
이발소,경상남도,함양군,13,12,13
이발소,경상남도,거창군,34,34,35
이발소,경상남도,합천군,12,12,12
이발소,제주특별자치도,제주시,120,121,125
이발소,제주특별자치도,서귀포시,47,48,48
이발소,강원특별자치도,춘천시,87,87,86
이발소,강원특별자치도,원주시,102,102,99
이발소,강원특별자치도,강릉시,94,95,95
이발소,강원특별자치도,동해시,63,64,66
이발소,강원특별자치도,태백시,23,23,23
이발소,강원특별자치도,속초시,37,37,42
이발소,강원특별자치도,삼척시,25,25,27
이발소,강원특별자치도,홍천군,18,18,18
이발소,강원특별자치도,횡성군,22,22,22
이발소,강원특별자치도,영월군,21,21,22
이발소,강원특별자치도,평창군,15,15,15
이발소,강원특별자치도,정선군,20,20,21
이발소,강원특별자치도,철원군,24,24,26
이발소,강원특별자치도,화천군,13,12,12
이발소,강원특별자치도,양구군,9,9,7
이발소,강원특별자치도,인제군,19,19,19
이발소,강원특별자치도,고성군,16,16,18
이발소,강원특별자치도,양양군,10,10,11
이발소,전북특별자치도,전주시 완산구,75,75,73
이발소,전북특별자치도,전주시 덕진구,55,54,58
이발소,전북특별자치도,군산시,110,112,106
이발소,전북특별자치도,익산시,46,46,48
이발소,전북특별자치도,정읍시,44,44,44
이발소,전북특별자치도,남원시,37,37,38
이발소,전북특별자치도,김제시,24,24,26
이발소,전북특별자치도,완주군,13,13,13
이발소,전북특별자치도,진안군,5,5,5
이발소,전북특별자치도,무주군,11,11,11
이발소,전북특별자치도,장수군,13,13,14
이발소,전북특별자치도,임실군,13,13,13
이발소,전북특별자치도,순창군,9,9,9
이발소,전북특별자치도,고창군,23,23,24
이발소,전북특별자치도,부안군,21,21,20
자동차수리점,서울특별시,종로구,44,44,43
자동차수리점,서울특별시,중구,59,59,52
자동차수리점,서울특별시,용산구,108,108,117
자동차수리점,서울특별시,성동구,284,285,300
자동차수리점,서울특별시,광진구,155,153,145
자동차수리점,서울특별시,동대문구,244,246,244
자동차수리점,서울특별시,중랑구,239,241,242
자동차수리점,서울특별시,성북구,167,164,165
자동차수리점,서울특별시,강북구,168,171,162
자동차수리점,서울특별시,도봉구,162,163,161
자동차수리점,서울특별시,노원구,183,184,185
자동차수리점,서울특별시,은평구,164,166,170
자동차수리점,서울특별시,서대문구,120,120,123
자동차수리점,서울특별시,마포구,155,155,151
자동차수리점,서울특별시,양천구,238,243,233
자동차수리점,서울특별시,강서구,371,371,375
자동차수리점,서울특별시,구로구,224,226,232
자동차수리점,서울특별시,금천구,193,193,197
자동차수리점,서울특별시,영등포구,284,287,284
자동차수리점,서울특별시,동작구,98,99,100
자동차수리점,서울특별시,관악구,228,227,221
자동차수리점,서울특별시,서초구,287,288,293
자동차수리점,서울특별시,강남구,299,301,302
자동차수리점,서울특별시,송파구,339,337,328
자동차수리점,서울특별시,강동구,248,250,246
자동차수리점,전남광주통합특별시,목포시,294,295,302
자동차수리점,전남광주통합특별시,여수시,292,292,287
자동차수리점,전남광주통합특별시,순천시,363,367,366
자동차수리점,전남광주통합특별시,나주시,147,146,146
자동차수리점,전남광주통합특별시,광양시,218,219,209
자동차수리점,전남광주통합특별시,동구,61,60,63
자동차수리점,전남광주통합특별시,서구,341,340,345
자동차수리점,전남광주통합특별시,남구,205,204,207
자동차수리점,전남광주통합특별시,북구,545,550,552
자동차수리점,전남광주통합특별시,광산구,528,527,517
자동차수리점,전남광주통합특별시,담양군,45,45,44
자동차수리점,전남광주통합특별시,곡성군,27,27,28
자동차수리점,전남광주통합특별시,구례군,20,20,21
자동차수리점,전남광주통합특별시,고흥군,61,61,60
자동차수리점,전남광주통합특별시,보성군,43,44,44
자동차수리점,전남광주통합특별시,화순군,65,66,62
자동차수리점,전남광주통합특별시,장흥군,44,44,45
자동차수리점,전남광주통합특별시,강진군,40,40,39
자동차수리점,전남광주통합특별시,해남군,77,76,76
자동차수리점,전남광주통합특별시,영암군,72,72,73
자동차수리점,전남광주통합특별시,무안군,87,85,83
자동차수리점,전남광주통합특별시,함평군,34,34,34
자동차수리점,전남광주통합특별시,영광군,56,57,59
자동차수리점,전남광주통합특별시,장성군,48,48,44
자동차수리점,전남광주통합특별시,완도군,49,49,50
자동차수리점,전남광주통합특별시,진도군,31,31,33
자동차수리점,전남광주통합특별시,신안군,24,24,24
자동차수리점,부산광역시,중구,23,23,24
자동차수리점,부산광역시,서구,42,42,39
자동차수리점,부산광역시,동구,53,54,56
자동차수리점,부산광역시,영도구,61,61,63
자동차수리점,부산광역시,부산진구,190,189,191
자동차수리점,부산광역시,동래구,164,167,162
자동차수리점,부산광역시,남구,193,193,192
자동차수리점,부산광역시,북구,141,141,148
자동차수리점,부산광역시,해운대구,289,290,291
자동차수리점,부산광역시,사하구,230,228,226
자동차수리점,부산광역시,금정구,212,211,207
자동차수리점,부산광역시,강서구,248,248,228
자동차수리점,부산광역시,연제구,175,174,175
자동차수리점,부산광역시,수영구,143,143,145
자동차수리점,부산광역시,사상구,346,343,344
자동차수리점,부산광역시,기장군,199,197,196
자동차수리점,대구광역시,중구,70,70,65
자동차수리점,대구광역시,동구,410,413,395
자동차수리점,대구광역시,서구,281,282,267
자동차수리점,대구광역시,남구,141,141,144
자동차수리점,대구광역시,북구,408,406,401
자동차수리점,대구광역시,수성구,321,321,313
자동차수리점,대구광역시,달서구,548,541,540
자동차수리점,대구광역시,달성군,278,282,288
자동차수리점,대구광역시,군위군,22,22,24
자동차수리점,인천광역시,제물포구,175,176,176
자동차수리점,인천광역시,영종구,89,85,82
자동차수리점,인천광역시,미추홀구,374,374,364
자동차수리점,인천광역시,연수구,231,232,223
자동차수리점,인천광역시,남동구,457,461,437
자동차수리점,인천광역시,부평구,327,325,324
자동차수리점,인천광역시,계양구,252,251,242
자동차수리점,인천광역시,서구,7,7,6
자동차수리점,인천광역시,서해구,528,529,507
자동차수리점,인천광역시,검단구,198,199,192
자동차수리점,인천광역시,강화군,72,72,70
자동차수리점,인천광역시,옹진군,13,13,14
자동차수리점,대전광역시,동구,209,208,202
자동차수리점,대전광역시,중구,247,246,255
자동차수리점,대전광역시,서구,359,359,351
자동차수리점,대전광역시,유성구,400,399,390
자동차수리점,대전광역시,대덕구,314,316,304
자동차수리점,울산광역시,중구,155,156,156
자동차수리점,울산광역시,남구,362,363,359
자동차수리점,울산광역시,동구,98,97,96
자동차수리점,울산광역시,북구,300,300,295
자동차수리점,울산광역시,울주군,252,253,259
자동차수리점,세종특별자치시,0,258,258,245
자동차수리점,경기도,수원시 장안구,187,188,183
자동차수리점,경기도,수원시 권선구,569,567,550
자동차수리점,경기도,수원시 팔달구,115,116,110
자동차수리점,경기도,수원시 영통구,259,255,247
자동차수리점,경기도,성남시 수정구,156,157,147
자동차수리점,경기도,성남시 중원구,147,144,143
자동차수리점,경기도,성남시 분당구,271,268,263
자동차수리점,경기도,의정부시,336,336,330
자동차수리점,경기도,안양시 만안구,149,149,147
자동차수리점,경기도,안양시 동안구,201,200,198
자동차수리점,경기도,부천시 원미구,358,359,348
자동차수리점,경기도,부천시 소사구,149,148,145
자동차수리점,경기도,부천시 오정구,215,218,208
자동차수리점,경기도,광명시,171,168,173
자동차수리점,경기도,평택시,799,797,756
자동차수리점,경기도,동두천시,87,89,91
자동차수리점,경기도,안산시 상록구,357,355,353
자동차수리점,경기도,안산시 단원구,355,353,361
자동차수리점,경기도,고양시 덕양구,410,410,405
자동차수리점,경기도,고양시 일산동구,405,404,415
자동차수리점,경기도,고양시 일산서구,318,319,312
자동차수리점,경기도,과천시,52,52,46
자동차수리점,경기도,구리시,152,151,150
자동차수리점,경기도,남양주시,659,653,651
자동차수리점,경기도,오산시,260,258,250
자동차수리점,경기도,시흥시,523,530,523
자동차수리점,경기도,군포시,181,182,183
자동차수리점,경기도,의왕시,93,93,89
자동차수리점,경기도,하남시,346,344,334
자동차수리점,경기도,용인시 처인구,435,428,420
자동차수리점,경기도,용인시 기흥구,421,424,427
자동차수리점,경기도,용인시 수지구,172,170,166
자동차수리점,경기도,파주시,558,559,542
자동차수리점,경기도,이천시,270,269,265
자동차수리점,경기도,안성시,279,281,273
자동차수리점,경기도,김포시,643,639,625
자동차수리점,경기도,화성시,0,0,0
자동차수리점,경기도,화성시 만세구,436,435,425
자동차수리점,경기도,화성시 효행구,201,198,180
자동차수리점,경기도,화성시 병점구,177,173,142
자동차수리점,경기도,화성시 동탄구,297,289,262
자동차수리점,경기도,광주시,487,484,473
자동차수리점,경기도,양주시,369,371,352
자동차수리점,경기도,포천시,311,312,307
자동차수리점,경기도,여주시,155,155,156
자동차수리점,경기도,연천군,67,67,64
자동차수리점,경기도,가평군,80,80,77
자동차수리점,경기도,양평군,97,96,93
자동차수리점,충청북도,청주시 상당구,182,183,176
자동차수리점,충청북도,청주시 서원구,237,238,234
자동차수리점,충청북도,청주시 흥덕구,310,311,315
자동차수리점,충청북도,청주시 청원구,278,276,265
자동차수리점,충청북도,충주시,249,245,245
자동차수리점,충청북도,제천시,209,211,214
자동차수리점,충청북도,보은군,29,29,30
자동차수리점,충청북도,옥천군,61,61,60
자동차수리점,충청북도,영동군,40,40,41
자동차수리점,충청북도,증평군,61,61,59
자동차수리점,충청북도,진천군,89,91,96
자동차수리점,충청북도,괴산군,28,28,29
자동차수리점,충청북도,음성군,172,172,170
자동차수리점,충청북도,단양군,34,34,33
자동차수리점,충청남도,천안시 동남구,388,384,376
자동차수리점,충청남도,천안시 서북구,455,454,446
자동차수리점,충청남도,공주시,136,135,132
자동차수리점,충청남도,보령시,112,112,110
자동차수리점,충청남도,아산시,391,391,401
자동차수리점,충청남도,서산시,228,227,229
자동차수리점,충청남도,논산시,159,159,158
자동차수리점,충청남도,계룡시,35,36,32
자동차수리점,충청남도,당진시,265,265,265
자동차수리점,충청남도,금산군,61,60,61
자동차수리점,충청남도,부여군,69,69,68
자동차수리점,충청남도,서천군,57,56,56
자동차수리점,충청남도,청양군,31,31,32
자동차수리점,충청남도,홍성군,121,120,119
자동차수리점,충청남도,예산군,103,104,103
자동차수리점,충청남도,태안군,66,66,66
자동차수리점,경상북도,포항시 남구,336,334,325
자동차수리점,경상북도,포항시 북구,291,291,289
자동차수리점,경상북도,경주시,311,310,303
자동차수리점,경상북도,김천시,172,172,170
자동차수리점,경상북도,안동시,202,203,199
자동차수리점,경상북도,구미시,531,531,527
자동차수리점,경상북도,영주시,147,146,150
자동차수리점,경상북도,영천시,134,134,136
자동차수리점,경상북도,상주시,130,130,130
자동차수리점,경상북도,문경시,75,75,73
자동차수리점,경상북도,경산시,312,314,312
자동차수리점,경상북도,의성군,57,57,60
자동차수리점,경상북도,청송군,28,28,31
자동차수리점,경상북도,영양군,16,16,16
자동차수리점,경상북도,영덕군,45,47,43
자동차수리점,경상북도,청도군,41,41,42
자동차수리점,경상북도,고령군,39,39,40
자동차수리점,경상북도,성주군,35,36,37
자동차수리점,경상북도,칠곡군,201,201,190
자동차수리점,경상북도,예천군,48,49,48
자동차수리점,경상북도,봉화군,29,29,29
자동차수리점,경상북도,울진군,69,68,66
자동차수리점,경상북도,울릉군,11,11,11
자동차수리점,경상남도,창원시 의창구,321,315,315
자동차수리점,경상남도,창원시 성산구,171,170,166
자동차수리점,경상남도,창원시 마산합포구,170,170,170
자동차수리점,경상남도,창원시 마산회원구,236,237,232
자동차수리점,경상남도,창원시 진해구,185,185,182
자동차수리점,경상남도,진주시,364,360,348
자동차수리점,경상남도,통영시,116,116,122
자동차수리점,경상남도,사천시,119,122,121
자동차수리점,경상남도,김해시,659,653,656
자동차수리점,경상남도,밀양시,109,110,113
자동차수리점,경상남도,거제시,166,167,166
자동차수리점,경상남도,양산시,455,454,448
자동차수리점,경상남도,의령군,16,16,16
자동차수리점,경상남도,함안군,95,94,92
자동차수리점,경상남도,창녕군,73,74,77
자동차수리점,경상남도,고성군,54,54,55
자동차수리점,경상남도,남해군,30,30,30
자동차수리점,경상남도,하동군,50,52,51
자동차수리점,경상남도,산청군,21,21,19
자동차수리점,경상남도,함양군,38,37,35
자동차수리점,경상남도,거창군,54,54,54
자동차수리점,경상남도,합천군,29,29,29
자동차수리점,제주특별자치도,제주시,506,506,494
자동차수리점,제주특별자치도,서귀포시,184,184,175
자동차수리점,강원특별자치도,춘천시,262,263,256
자동차수리점,강원특별자치도,원주시,479,478,465
자동차수리점,강원특별자치도,강릉시,283,283,287
자동차수리점,강원특별자치도,동해시,120,119,118
자동차수리점,강원특별자치도,태백시,81,82,81
자동차수리점,강원특별자치도,속초시,105,106,100
자동차수리점,강원특별자치도,삼척시,74,76,75
자동차수리점,강원특별자치도,홍천군,101,101,100
자동차수리점,강원특별자치도,횡성군,49,49,48
자동차수리점,강원특별자치도,영월군,46,45,46
자동차수리점,강원특별자치도,평창군,55,55,56
자동차수리점,강원특별자치도,정선군,50,50,49
자동차수리점,강원특별자치도,철원군,58,58,59
자동차수리점,강원특별자치도,화천군,25,25,26
자동차수리점,강원특별자치도,양구군,29,29,29
자동차수리점,강원특별자치도,인제군,43,43,43
자동차수리점,강원특별자치도,고성군,29,28,26
자동차수리점,강원특별자치도,양양군,36,35,32
자동차수리점,전북특별자치도,전주시 완산구,240,240,244
자동차수리점,전북특별자치도,전주시 덕진구,516,515,502
자동차수리점,전북특별자치도,군산시,322,323,315
자동차수리점,전북특별자치도,익산시,328,328,330
자동차수리점,전북특별자치도,정읍시,131,131,133
자동차수리점,전북특별자치도,남원시,98,98,100
자동차수리점,전북특별자치도,김제시,89,90,92
자동차수리점,전북특별자치도,완주군,92,93,92
자동차수리점,전북특별자치도,진안군,22,22,21
자동차수리점,전북특별자치도,무주군,24,24,24
자동차수리점,전북특별자치도,장수군,23,23,23
자동차수리점,전북특별자치도,임실군,27,27,29
자동차수리점,전북특별자치도,순창군,22,22,22
자동차수리점,전북특별자치도,고창군,55,56,54
자동차수리점,전북특별자치도,부안군,64,64,68
LPG 충전소,서울특별시,종로구,0,0,0
LPG 충전소,서울특별시,성동구,0,0,0
LPG 충전소,서울특별시,광진구,0,0,0
LPG 충전소,서울특별시,동대문구,3,3,4
LPG 충전소,서울특별시,중랑구,4,4,4
LPG 충전소,서울특별시,성북구,0,0,0
LPG 충전소,서울특별시,강북구,3,3,3
LPG 충전소,서울특별시,도봉구,3,3,5
LPG 충전소,서울특별시,노원구,4,4,7
LPG 충전소,서울특별시,은평구,0,0,0
LPG 충전소,서울특별시,양천구,4,4,5
LPG 충전소,서울특별시,강서구,10,11,13
LPG 충전소,서울특별시,구로구,4,4,4
LPG 충전소,서울특별시,영등포구,0,0,0
LPG 충전소,서울특별시,관악구,3,3,3
LPG 충전소,서울특별시,서초구,3,3,3
LPG 충전소,서울특별시,강남구,6,6,7
LPG 충전소,서울특별시,송파구,0,0,0
LPG 충전소,서울특별시,강동구,0,0,0
LPG 충전소,전남광주통합특별시,목포시,11,11,12
LPG 충전소,전남광주통합특별시,여수시,13,13,13
LPG 충전소,전남광주통합특별시,순천시,12,12,12
LPG 충전소,전남광주통합특별시,나주시,11,11,11
LPG 충전소,전남광주통합특별시,광양시,12,12,12
LPG 충전소,전남광주통합특별시,동구,0,0,0
LPG 충전소,전남광주통합특별시,서구,0,0,0
LPG 충전소,전남광주통합특별시,남구,0,0,0
LPG 충전소,전남광주통합특별시,북구,9,9,9
LPG 충전소,전남광주통합특별시,광산구,23,23,23
LPG 충전소,전남광주통합특별시,담양군,4,4,3
LPG 충전소,전남광주통합특별시,곡성군,0,0,0
LPG 충전소,전남광주통합특별시,구례군,3,3,3
LPG 충전소,전남광주통합특별시,고흥군,5,5,5
LPG 충전소,전남광주통합특별시,보성군,6,6,5
LPG 충전소,전남광주통합특별시,화순군,6,6,6
LPG 충전소,전남광주통합특별시,장흥군,3,3,3
LPG 충전소,전남광주통합특별시,강진군,5,5,5
LPG 충전소,전남광주통합특별시,해남군,0,0,0
LPG 충전소,전남광주통합특별시,영암군,7,7,7
LPG 충전소,전남광주통합특별시,무안군,3,3,3
LPG 충전소,전남광주통합특별시,함평군,4,5,4
LPG 충전소,전남광주통합특별시,영광군,5,5,5
LPG 충전소,전남광주통합특별시,장성군,3,3,3
LPG 충전소,전남광주통합특별시,진도군,0,0,0
LPG 충전소,부산광역시,서구,0,0,0
LPG 충전소,부산광역시,동구,6,6,6
LPG 충전소,부산광역시,영도구,3,3,3
LPG 충전소,부산광역시,부산진구,0,0,0
LPG 충전소,부산광역시,남구,0,0,0
LPG 충전소,부산광역시,북구,3,3,3
LPG 충전소,부산광역시,해운대구,0,0,0
LPG 충전소,부산광역시,사하구,4,4,5
LPG 충전소,부산광역시,금정구,3,3,3
LPG 충전소,부산광역시,강서구,11,11,13
LPG 충전소,부산광역시,연제구,0,0,0
LPG 충전소,부산광역시,수영구,0,0,0
LPG 충전소,부산광역시,사상구,4,4,4
LPG 충전소,부산광역시,기장군,14,14,14
LPG 충전소,대구광역시,중구,0,0,0
LPG 충전소,대구광역시,동구,6,6,6
LPG 충전소,대구광역시,서구,4,4,4
LPG 충전소,대구광역시,남구,0,0,0
LPG 충전소,대구광역시,북구,12,12,13
LPG 충전소,대구광역시,수성구,4,4,4
LPG 충전소,대구광역시,달서구,8,8,8
LPG 충전소,대구광역시,달성군,7,7,8
LPG 충전소,대구광역시,군위군,6,6,6
LPG 충전소,인천광역시,제물포구,4,4,3
LPG 충전소,인천광역시,영종구,0,0,0
LPG 충전소,인천광역시,미추홀구,6,7,6
LPG 충전소,인천광역시,연수구,0,0,0
LPG 충전소,인천광역시,남동구,10,11,11
LPG 충전소,인천광역시,부평구,12,12,14
LPG 충전소,인천광역시,계양구,5,6,5
LPG 충전소,인천광역시,서해구,10,10,10
LPG 충전소,인천광역시,검단구,11,11,10
LPG 충전소,인천광역시,강화군,3,3,3
LPG 충전소,인천광역시,옹진군,4,4,3
LPG 충전소,대전광역시,동구,4,4,4
LPG 충전소,대전광역시,중구,3,3,4
LPG 충전소,대전광역시,서구,5,5,5
LPG 충전소,대전광역시,유성구,11,11,9
LPG 충전소,대전광역시,대덕구,13,13,13
LPG 충전소,울산광역시,중구,0,0,0
LPG 충전소,울산광역시,남구,9,11,12
LPG 충전소,울산광역시,동구,0,0,0
LPG 충전소,울산광역시,북구,7,7,7
LPG 충전소,울산광역시,울주군,8,8,8
LPG 충전소,세종특별자치시,0,4,4,4
LPG 충전소,경기도,수원시 장안구,4,4,3
LPG 충전소,경기도,수원시 권선구,10,10,11
LPG 충전소,경기도,수원시 팔달구,0,0,0
LPG 충전소,경기도,수원시 영통구,3,3,4
LPG 충전소,경기도,성남시 수정구,4,4,4
LPG 충전소,경기도,성남시 중원구,0,0,0
LPG 충전소,경기도,성남시 분당구,3,3,3
LPG 충전소,경기도,의정부시,6,6,6
LPG 충전소,경기도,안양시 동안구,0,0,0
LPG 충전소,경기도,부천시 원미구,4,4,4
LPG 충전소,경기도,부천시 소사구,0,0,0
LPG 충전소,경기도,부천시 오정구,5,5,5
LPG 충전소,경기도,광명시,3,3,3
LPG 충전소,경기도,평택시,21,22,21
LPG 충전소,경기도,동두천시,3,3,3
LPG 충전소,경기도,안산시 상록구,8,8,10
LPG 충전소,경기도,안산시 단원구,7,7,7
LPG 충전소,경기도,고양시 덕양구,11,13,11
LPG 충전소,경기도,고양시 일산동구,7,8,8
LPG 충전소,경기도,고양시 일산서구,5,5,6
LPG 충전소,경기도,과천시,3,3,3
LPG 충전소,경기도,구리시,0,0,0
LPG 충전소,경기도,남양주시,11,11,11
LPG 충전소,경기도,오산시,8,8,7
LPG 충전소,경기도,시흥시,12,12,12
LPG 충전소,경기도,군포시,3,3,3
LPG 충전소,경기도,의왕시,6,6,6
LPG 충전소,경기도,하남시,4,4,3
LPG 충전소,경기도,용인시 처인구,17,18,17
LPG 충전소,경기도,용인시 기흥구,10,11,12
LPG 충전소,경기도,파주시,17,17,19
LPG 충전소,경기도,이천시,10,10,10
LPG 충전소,경기도,안성시,14,14,14
LPG 충전소,경기도,김포시,12,12,12
LPG 충전소,경기도,화성시 만세구,13,13,12
LPG 충전소,경기도,화성시 효행구,10,9,9
LPG 충전소,경기도,화성시 동탄구,3,3,4
LPG 충전소,경기도,광주시,8,8,8
LPG 충전소,경기도,양주시,12,12,13
LPG 충전소,경기도,포천시,20,19,18
LPG 충전소,경기도,여주시,8,8,8
LPG 충전소,경기도,연천군,3,3,4
LPG 충전소,경기도,가평군,11,11,11
LPG 충전소,경기도,양평군,7,7,7
LPG 충전소,충청북도,청주시 상당구,6,6,7
LPG 충전소,충청북도,청주시 서원구,5,5,5
LPG 충전소,충청북도,청주시 흥덕구,9,9,8
LPG 충전소,충청북도,청주시 청원구,8,8,8
LPG 충전소,충청북도,충주시,14,14,14
LPG 충전소,충청북도,제천시,11,12,12
LPG 충전소,충청북도,보은군,0,0,0
LPG 충전소,충청북도,옥천군,0,0,0
LPG 충전소,충청북도,영동군,0,0,0
LPG 충전소,충청북도,증평군,0,0,0
LPG 충전소,충청북도,진천군,5,5,5
LPG 충전소,충청북도,괴산군,0,0,0
LPG 충전소,충청북도,음성군,10,10,11
LPG 충전소,충청북도,단양군,0,0,0
LPG 충전소,충청남도,천안시 동남구,11,11,11
LPG 충전소,충청남도,천안시 서북구,14,14,15
LPG 충전소,충청남도,공주시,9,9,8
LPG 충전소,충청남도,보령시,8,8,8
LPG 충전소,충청남도,아산시,10,10,10
LPG 충전소,충청남도,서산시,6,6,6
LPG 충전소,충청남도,논산시,12,12,12
LPG 충전소,충청남도,계룡시,3,3,4
LPG 충전소,충청남도,당진시,11,11,11
LPG 충전소,충청남도,금산군,4,4,4
LPG 충전소,충청남도,부여군,4,4,4
LPG 충전소,충청남도,서천군,6,6,6
LPG 충전소,충청남도,홍성군,10,10,11
LPG 충전소,충청남도,예산군,7,7,7
LPG 충전소,충청남도,태안군,0,0,0
LPG 충전소,경상북도,포항시 남구,12,12,12
LPG 충전소,경상북도,포항시 북구,12,12,12
LPG 충전소,경상북도,경주시,20,21,17
LPG 충전소,경상북도,김천시,12,12,12
LPG 충전소,경상북도,안동시,8,8,10
LPG 충전소,경상북도,구미시,17,17,16
LPG 충전소,경상북도,영주시,6,6,6
LPG 충전소,경상북도,영천시,10,10,10
LPG 충전소,경상북도,상주시,5,5,5
LPG 충전소,경상북도,문경시,4,4,4
LPG 충전소,경상북도,경산시,13,13,13
LPG 충전소,경상북도,의성군,4,4,4
LPG 충전소,경상북도,청송군,0,0,0
LPG 충전소,경상북도,영양군,0,0,0
LPG 충전소,경상북도,영덕군,4,4,4
LPG 충전소,경상북도,청도군,0,0,0
LPG 충전소,경상북도,성주군,4,4,4
LPG 충전소,경상북도,칠곡군,16,15,15
LPG 충전소,경상북도,예천군,5,5,4
LPG 충전소,경상북도,봉화군,0,0,0
LPG 충전소,경상북도,울진군,5,5,5
LPG 충전소,경상남도,창원시 의창구,11,11,11
LPG 충전소,경상남도,창원시 성산구,3,3,3
LPG 충전소,경상남도,창원시 마산합포구,10,10,10
LPG 충전소,경상남도,창원시 마산회원구,6,6,5
LPG 충전소,경상남도,창원시 진해구,6,6,6
LPG 충전소,경상남도,진주시,14,14,14
LPG 충전소,경상남도,통영시,6,6,7
LPG 충전소,경상남도,사천시,10,10,10
LPG 충전소,경상남도,김해시,25,24,24
LPG 충전소,경상남도,밀양시,7,7,9
LPG 충전소,경상남도,거제시,9,9,9
LPG 충전소,경상남도,양산시,15,15,14
LPG 충전소,경상남도,의령군,0,0,0
LPG 충전소,경상남도,함안군,14,14,14
LPG 충전소,경상남도,창녕군,4,4,0
LPG 충전소,경상남도,고성군,4,4,4
LPG 충전소,경상남도,남해군,3,3,4
LPG 충전소,경상남도,하동군,4,4,4
LPG 충전소,경상남도,함양군,3,3,3
LPG 충전소,경상남도,거창군,0,0,0
LPG 충전소,경상남도,합천군,0,0,0
LPG 충전소,제주특별자치도,제주시,21,21,21
LPG 충전소,제주특별자치도,서귀포시,13,13,13
LPG 충전소,강원특별자치도,춘천시,17,17,18
LPG 충전소,강원특별자치도,원주시,15,15,13
LPG 충전소,강원특별자치도,강릉시,15,15,15
LPG 충전소,강원특별자치도,동해시,9,9,8
LPG 충전소,강원특별자치도,태백시,0,0,0
LPG 충전소,강원특별자치도,속초시,4,5,5
LPG 충전소,강원특별자치도,삼척시,4,4,3
LPG 충전소,강원특별자치도,홍천군,4,4,4
LPG 충전소,강원특별자치도,횡성군,4,4,4
LPG 충전소,강원특별자치도,영월군,4,4,4
LPG 충전소,강원특별자치도,평창군,5,5,5
LPG 충전소,강원특별자치도,정선군,0,0,0
LPG 충전소,강원특별자치도,철원군,3,3,3
LPG 충전소,강원특별자치도,화천군,0,0,0
LPG 충전소,강원특별자치도,양구군,0,0,0
LPG 충전소,강원특별자치도,인제군,7,7,7
LPG 충전소,강원특별자치도,고성군,0,0,0
LPG 충전소,강원특별자치도,양양군,3,3,4
LPG 충전소,전북특별자치도,전주시 완산구,14,14,13
LPG 충전소,전북특별자치도,전주시 덕진구,14,14,14
LPG 충전소,전북특별자치도,군산시,13,13,12
LPG 충전소,전북특별자치도,익산시,20,20,19
LPG 충전소,전북특별자치도,정읍시,10,10,10
LPG 충전소,전북특별자치도,남원시,9,8,8
LPG 충전소,전북특별자치도,김제시,4,4,3
LPG 충전소,전북특별자치도,완주군,11,11,11
LPG 충전소,전북특별자치도,진안군,0,0,0
LPG 충전소,전북특별자치도,무주군,0,0,0
LPG 충전소,전북특별자치도,임실군,0,0,0
LPG 충전소,전북특별자치도,순창군,0,0,0
LPG 충전소,전북특별자치도,고창군,4,4,4
LPG 충전소,전북특별자치도,부안군,7,7,6
피부관리업,서울특별시,종로구,189,188,194
피부관리업,서울특별시,중구,282,276,251
피부관리업,서울특별시,용산구,263,265,241
피부관리업,서울특별시,성동구,397,395,375
피부관리업,서울특별시,광진구,548,544,517
피부관리업,서울특별시,동대문구,401,403,385
피부관리업,서울특별시,중랑구,452,453,430
피부관리업,서울특별시,성북구,403,402,387
피부관리업,서울특별시,강북구,367,364,364
피부관리업,서울특별시,도봉구,292,288,276
피부관리업,서울특별시,노원구,488,484,474
피부관리업,서울특별시,은평구,424,424,410
피부관리업,서울특별시,서대문구,240,241,234
피부관리업,서울특별시,마포구,893,884,804
피부관리업,서울특별시,양천구,422,420,406
피부관리업,서울특별시,강서구,974,968,925
피부관리업,서울특별시,구로구,449,451,442
피부관리업,서울특별시,금천구,278,274,263
피부관리업,서울특별시,영등포구,604,598,573
피부관리업,서울특별시,동작구,358,358,339
피부관리업,서울특별시,관악구,556,554,540
피부관리업,서울특별시,서초구,708,703,692
피부관리업,서울특별시,강남구,1529,1515,1432
피부관리업,서울특별시,송파구,1010,1005,944
피부관리업,서울특별시,강동구,552,548,524
피부관리업,전남광주통합특별시,목포시,458,463,455
피부관리업,전남광주통합특별시,여수시,510,508,501
피부관리업,전남광주통합특별시,순천시,526,522,504
피부관리업,전남광주통합특별시,나주시,151,149,142
피부관리업,전남광주통합특별시,광양시,270,269,261
피부관리업,전남광주통합특별시,동구,191,189,190
피부관리업,전남광주통합특별시,서구,804,802,794
피부관리업,전남광주통합특별시,남구,335,333,316
피부관리업,전남광주통합특별시,북구,636,637,609
피부관리업,전남광주통합특별시,광산구,883,881,834
피부관리업,전남광주통합특별시,담양군,23,23,24
피부관리업,전남광주통합특별시,곡성군,10,10,10
피부관리업,전남광주통합특별시,구례군,11,12,13
피부관리업,전남광주통합특별시,고흥군,35,34,34
피부관리업,전남광주통합특별시,보성군,17,17,16
피부관리업,전남광주통합특별시,화순군,52,53,43
피부관리업,전남광주통합특별시,장흥군,34,34,34
피부관리업,전남광주통합특별시,강진군,26,26,24
피부관리업,전남광주통합특별시,해남군,73,74,73
피부관리업,전남광주통합특별시,영암군,26,28,27
피부관리업,전남광주통합특별시,무안군,149,146,138
피부관리업,전남광주통합특별시,함평군,11,11,8
피부관리업,전남광주통합특별시,영광군,41,41,37
피부관리업,전남광주통합특별시,장성군,21,21,20
피부관리업,전남광주통합특별시,완도군,52,52,51
피부관리업,전남광주통합특별시,진도군,19,20,18
피부관리업,전남광주통합특별시,신안군,0,0,0
피부관리업,부산광역시,중구,164,163,158
피부관리업,부산광역시,서구,82,81,78
피부관리업,부산광역시,동구,120,118,121
피부관리업,부산광역시,영도구,69,69,71
피부관리업,부산광역시,부산진구,1006,1019,951
피부관리업,부산광역시,동래구,494,493,467
피부관리업,부산광역시,남구,325,324,306
피부관리업,부산광역시,북구,300,296,291
피부관리업,부산광역시,해운대구,550,550,520
피부관리업,부산광역시,사하구,379,374,374
피부관리업,부산광역시,금정구,255,253,246
피부관리업,부산광역시,강서구,238,239,215
피부관리업,부산광역시,연제구,355,356,323
피부관리업,부산광역시,수영구,373,360,348
피부관리업,부산광역시,사상구,217,218,218
피부관리업,부산광역시,기장군,221,220,213
피부관리업,대구광역시,중구,443,442,396
피부관리업,대구광역시,동구,330,330,309
피부관리업,대구광역시,서구,144,144,141
피부관리업,대구광역시,남구,210,206,198
피부관리업,대구광역시,북구,433,435,417
피부관리업,대구광역시,수성구,717,716,682
피부관리업,대구광역시,달서구,827,830,797
피부관리업,대구광역시,달성군,232,229,224
피부관리업,대구광역시,군위군,6,7,6
피부관리업,인천광역시,제물포구,75,75,71
피부관리업,인천광역시,영종구,154,151,149
피부관리업,인천광역시,미추홀구,545,540,539
피부관리업,인천광역시,연수구,608,600,543
피부관리업,인천광역시,남동구,730,733,722
피부관리업,인천광역시,부평구,825,827,784
피부관리업,인천광역시,계양구,349,344,324
피부관리업,인천광역시,서해구,611,609,619
피부관리업,인천광역시,검단구,321,324,287
피부관리업,인천광역시,강화군,47,47,46
피부관리업,인천광역시,옹진군,3,3,4
피부관리업,대전광역시,동구,191,192,184
피부관리업,대전광역시,중구,239,238,233
피부관리업,대전광역시,서구,1065,1063,1000
피부관리업,대전광역시,유성구,560,557,540
피부관리업,대전광역시,대덕구,194,192,178
피부관리업,울산광역시,중구,236,232,223
피부관리업,울산광역시,남구,777,770,730
피부관리업,울산광역시,동구,171,167,157
피부관리업,울산광역시,북구,249,248,229
피부관리업,울산광역시,울주군,195,192,189
피부관리업,세종특별자치시,0,457,451,435
피부관리업,경기도,수원시 장안구,259,259,266
피부관리업,경기도,수원시 권선구,467,468,460
피부관리업,경기도,수원시 팔달구,574,577,530
피부관리업,경기도,수원시 영통구,619,622,608
피부관리업,경기도,성남시 수정구,290,284,280
피부관리업,경기도,성남시 중원구,241,242,216
피부관리업,경기도,성남시 분당구,810,802,784
피부관리업,경기도,의정부시,688,688,662
피부관리업,경기도,안양시 만안구,243,246,241
피부관리업,경기도,안양시 동안구,545,541,508
피부관리업,경기도,부천시 원미구,1026,1022,972
피부관리업,경기도,부천시 소사구,264,260,248
피부관리업,경기도,부천시 오정구,125,123,113
피부관리업,경기도,광명시,382,381,358
피부관리업,경기도,평택시,1014,1000,950
피부관리업,경기도,동두천시,103,103,104
피부관리업,경기도,안산시 상록구,288,287,269
피부관리업,경기도,안산시 단원구,710,712,688
피부관리업,경기도,고양시 덕양구,593,595,567
피부관리업,경기도,고양시 일산동구,597,593,559
피부관리업,경기도,고양시 일산서구,336,337,336
피부관리업,경기도,과천시,64,63,62
피부관리업,경기도,구리시,307,304,299
피부관리업,경기도,남양주시,883,875,850
피부관리업,경기도,오산시,304,306,297
피부관리업,경기도,시흥시,820,820,819
피부관리업,경기도,군포시,328,332,331
피부관리업,경기도,의왕시,102,102,103
피부관리업,경기도,하남시,499,496,480
피부관리업,경기도,용인시 처인구,266,263,255
피부관리업,경기도,용인시 기흥구,391,391,365
피부관리업,경기도,용인시 수지구,300,303,287
피부관리업,경기도,파주시,688,696,632
피부관리업,경기도,이천시,327,323,306
피부관리업,경기도,안성시,186,185,181
피부관리업,경기도,김포시,725,732,700
피부관리업,경기도,화성시,0,0,0
피부관리업,경기도,화성시 만세구,334,335,312
피부관리업,경기도,화성시 효행구,161,160,148
피부관리업,경기도,화성시 병점구,253,250,215
피부관리업,경기도,화성시 동탄구,724,720,680
피부관리업,경기도,광주시,442,435,405
피부관리업,경기도,양주시,375,373,352
피부관리업,경기도,포천시,142,142,137
피부관리업,경기도,여주시,137,136,127
피부관리업,경기도,연천군,21,21,17
피부관리업,경기도,가평군,40,38,38
피부관리업,경기도,양평군,105,106,105
피부관리업,충청북도,청주시 상당구,324,325,310
피부관리업,충청북도,청주시 서원구,248,248,245
피부관리업,충청북도,청주시 흥덕구,582,575,560
피부관리업,충청북도,청주시 청원구,285,285,244
피부관리업,충청북도,충주시,287,288,268
피부관리업,충청북도,제천시,160,159,151
피부관리업,충청북도,보은군,11,11,8
피부관리업,충청북도,옥천군,26,26,33
피부관리업,충청북도,영동군,24,24,24
피부관리업,충청북도,증평군,41,41,42
피부관리업,충청북도,진천군,99,96,94
피부관리업,충청북도,괴산군,10,9,9
피부관리업,충청북도,음성군,107,108,105
피부관리업,충청북도,단양군,9,9,7
피부관리업,충청남도,천안시 동남구,326,324,301
피부관리업,충청남도,천안시 서북구,921,917,839
피부관리업,충청남도,공주시,73,72,71
피부관리업,충청남도,보령시,79,79,83
피부관리업,충청남도,아산시,466,464,425
피부관리업,충청남도,서산시,258,258,255
피부관리업,충청남도,논산시,106,104,105
피부관리업,충청남도,계룡시,52,52,44
피부관리업,충청남도,당진시,264,263,238
피부관리업,충청남도,금산군,29,29,30
피부관리업,충청남도,부여군,35,34,33
피부관리업,충청남도,서천군,34,34,33
피부관리업,충청남도,청양군,14,14,14
피부관리업,충청남도,홍성군,137,139,129
피부관리업,충청남도,예산군,68,66,63
피부관리업,충청남도,태안군,35,35,34
피부관리업,경상북도,포항시 남구,330,332,313
피부관리업,경상북도,포항시 북구,445,447,419
피부관리업,경상북도,경주시,265,262,251
피부관리업,경상북도,김천시,141,142,134
피부관리업,경상북도,안동시,178,178,172
피부관리업,경상북도,구미시,648,650,611
피부관리업,경상북도,영주시,124,121,122
피부관리업,경상북도,영천시,84,83,77
피부관리업,경상북도,상주시,67,67,63
피부관리업,경상북도,문경시,69,68,66
피부관리업,경상북도,경산시,356,350,345
피부관리업,경상북도,의성군,11,11,11
피부관리업,경상북도,청송군,9,9,8
피부관리업,경상북도,영양군,4,4,4
피부관리업,경상북도,영덕군,23,23,18
피부관리업,경상북도,청도군,9,9,10
피부관리업,경상북도,고령군,8,9,6
피부관리업,경상북도,성주군,22,22,22
피부관리업,경상북도,칠곡군,100,100,102
피부관리업,경상북도,예천군,35,35,36
피부관리업,경상북도,봉화군,7,7,6
피부관리업,경상북도,울진군,36,36,36
피부관리업,경상북도,울릉군,3,3,3
피부관리업,경상남도,창원시 의창구,377,376,377
피부관리업,경상남도,창원시 성산구,556,550,539
피부관리업,경상남도,창원시 마산합포구,257,256,251
피부관리업,경상남도,창원시 마산회원구,317,318,304
피부관리업,경상남도,창원시 진해구,289,290,285
피부관리업,경상남도,진주시,527,530,514
피부관리업,경상남도,통영시,173,171,161
피부관리업,경상남도,사천시,143,142,132
피부관리업,경상남도,김해시,963,965,942
피부관리업,경상남도,밀양시,102,102,103
피부관리업,경상남도,거제시,358,359,333
피부관리업,경상남도,양산시,596,596,567
피부관리업,경상남도,의령군,12,12,12
피부관리업,경상남도,함안군,42,41,37
피부관리업,경상남도,창녕군,28,28,31
피부관리업,경상남도,고성군,33,33,32
피부관리업,경상남도,남해군,26,26,25
피부관리업,경상남도,하동군,24,23,23
피부관리업,경상남도,산청군,16,16,17
피부관리업,경상남도,함양군,22,23,22
피부관리업,경상남도,거창군,63,64,59
피부관리업,경상남도,합천군,15,15,14
피부관리업,제주특별자치도,제주시,958,957,943
피부관리업,제주특별자치도,서귀포시,302,301,290
피부관리업,강원특별자치도,춘천시,400,404,391
피부관리업,강원특별자치도,원주시,634,634,594
피부관리업,강원특별자치도,강릉시,348,350,327
피부관리업,강원특별자치도,동해시,159,159,145
피부관리업,강원특별자치도,태백시,42,42,43
피부관리업,강원특별자치도,속초시,144,147,145
피부관리업,강원특별자치도,삼척시,56,55,52
피부관리업,강원특별자치도,홍천군,61,60,49
피부관리업,강원특별자치도,횡성군,22,22,20
피부관리업,강원특별자치도,영월군,17,17,16
피부관리업,강원특별자치도,평창군,29,29,29
피부관리업,강원특별자치도,정선군,20,20,18
피부관리업,강원특별자치도,철원군,44,44,44
피부관리업,강원특별자치도,화천군,10,10,14
피부관리업,강원특별자치도,양구군,14,14,14
피부관리업,강원특별자치도,인제군,29,28,26
피부관리업,강원특별자치도,고성군,12,12,10
피부관리업,강원특별자치도,양양군,15,15,14
피부관리업,전북특별자치도,전주시 완산구,687,681,659
피부관리업,전북특별자치도,전주시 덕진구,490,489,471
피부관리업,전북특별자치도,군산시,402,399,390
피부관리업,전북특별자치도,익산시,347,346,336
피부관리업,전북특별자치도,정읍시,87,87,85
피부관리업,전북특별자치도,남원시,91,88,82
피부관리업,전북특별자치도,김제시,47,48,45
피부관리업,전북특별자치도,완주군,58,55,55
피부관리업,전북특별자치도,진안군,8,8,7
피부관리업,전북특별자치도,무주군,13,13,11
피부관리업,전북특별자치도,장수군,11,11,11
피부관리업,전북특별자치도,임실군,7,7,7
피부관리업,전북특별자치도,순창군,12,12,12
피부관리업,전북특별자치도,고창군,37,37,32
피부관리업,전북특별자치도,부안군,39,39,37
헬스클럽,서울특별시,종로구,75,76,74
헬스클럽,서울특별시,중구,59,59,60
헬스클럽,서울특별시,용산구,79,77,70
헬스클럽,서울특별시,성동구,105,106,101
헬스클럽,서울특별시,광진구,127,126,132
헬스클럽,서울특별시,동대문구,116,114,112
헬스클럽,서울특별시,중랑구,90,90,88
헬스클럽,서울특별시,성북구,107,104,95
헬스클럽,서울특별시,강북구,68,69,64
헬스클럽,서울특별시,도봉구,78,78,77
헬스클럽,서울특별시,노원구,124,122,126
헬스클럽,서울특별시,은평구,104,105,108
헬스클럽,서울특별시,서대문구,95,93,93
헬스클럽,서울특별시,마포구,165,165,162
헬스클럽,서울특별시,양천구,138,138,134
헬스클럽,서울특별시,강서구,228,230,231
헬스클럽,서울특별시,구로구,100,100,108
헬스클럽,서울특별시,금천구,76,77,69
헬스클럽,서울특별시,영등포구,166,168,159
헬스클럽,서울특별시,동작구,100,100,96
헬스클럽,서울특별시,관악구,154,154,148
헬스클럽,서울특별시,서초구,261,259,248
헬스클럽,서울특별시,강남구,407,411,421
헬스클럽,서울특별시,송파구,304,306,303
헬스클럽,서울특별시,강동구,150,149,147
헬스클럽,전남광주통합특별시,목포시,40,40,41
헬스클럽,전남광주통합특별시,여수시,49,49,48
헬스클럽,전남광주통합특별시,순천시,73,72,64
헬스클럽,전남광주통합특별시,나주시,24,24,23
헬스클럽,전남광주통합특별시,광양시,30,31,28
헬스클럽,전남광주통합특별시,동구,36,36,34
헬스클럽,전남광주통합특별시,서구,86,85,89
헬스클럽,전남광주통합특별시,남구,50,51,50
헬스클럽,전남광주통합특별시,북구,100,100,100
헬스클럽,전남광주통합특별시,광산구,112,110,106
헬스클럽,전남광주통합특별시,담양군,0,0,0
헬스클럽,전남광주통합특별시,곡성군,0,0,0
헬스클럽,전남광주통합특별시,구례군,3,3,0
헬스클럽,전남광주통합특별시,고흥군,7,7,7
헬스클럽,전남광주통합특별시,보성군,6,6,6
헬스클럽,전남광주통합특별시,화순군,10,9,9
헬스클럽,전남광주통합특별시,장흥군,4,4,4
헬스클럽,전남광주통합특별시,강진군,0,0,0
헬스클럽,전남광주통합특별시,해남군,4,4,3
헬스클럽,전남광주통합특별시,영암군,4,4,3
헬스클럽,전남광주통합특별시,무안군,15,15,13
헬스클럽,전남광주통합특별시,함평군,0,0,0
헬스클럽,전남광주통합특별시,영광군,5,5,5
헬스클럽,전남광주통합특별시,장성군,0,0,0
헬스클럽,전남광주통합특별시,완도군,9,9,9
헬스클럽,전남광주통합특별시,진도군,4,4,3
헬스클럽,부산광역시,중구,21,21,22
헬스클럽,부산광역시,서구,18,17,18
헬스클럽,부산광역시,동구,22,22,17
헬스클럽,부산광역시,영도구,14,13,13
헬스클럽,부산광역시,부산진구,116,114,113
헬스클럽,부산광역시,동래구,81,83,84
헬스클럽,부산광역시,남구,72,71,71
헬스클럽,부산광역시,북구,56,56,59
헬스클럽,부산광역시,해운대구,124,122,124
헬스클럽,부산광역시,사하구,68,66,69
헬스클럽,부산광역시,금정구,67,67,67
헬스클럽,부산광역시,강서구,45,46,51
헬스클럽,부산광역시,연제구,62,61,59
헬스클럽,부산광역시,수영구,72,71,74
헬스클럽,부산광역시,사상구,46,44,41
헬스클럽,부산광역시,기장군,43,44,41
헬스클럽,대구광역시,중구,37,37,36
헬스클럽,대구광역시,동구,83,81,76
헬스클럽,대구광역시,서구,24,22,22
헬스클럽,대구광역시,남구,34,34,34
헬스클럽,대구광역시,북구,106,106,111
헬스클럽,대구광역시,수성구,195,189,183
헬스클럽,대구광역시,달서구,153,150,156
헬스클럽,대구광역시,달성군,60,61,57
헬스클럽,대구광역시,군위군,4,4,3
헬스클럽,인천광역시,제물포구,9,9,10
헬스클럽,인천광역시,영종구,29,29,31
헬스클럽,인천광역시,미추홀구,91,90,84
헬스클럽,인천광역시,연수구,131,130,128
헬스클럽,인천광역시,남동구,139,140,136
헬스클럽,인천광역시,부평구,120,120,123
헬스클럽,인천광역시,계양구,71,70,68
헬스클럽,인천광역시,서구,0,0,0
헬스클럽,인천광역시,서해구,101,102,105
헬스클럽,인천광역시,검단구,50,49,46
헬스클럽,인천광역시,강화군,12,12,11
헬스클럽,대전광역시,동구,43,43,37
헬스클럽,대전광역시,중구,54,54,54
헬스클럽,대전광역시,서구,181,179,178
헬스클럽,대전광역시,유성구,145,145,140
헬스클럽,대전광역시,대덕구,37,37,36
헬스클럽,울산광역시,중구,43,43,43
헬스클럽,울산광역시,남구,97,99,92
헬스클럽,울산광역시,동구,29,29,29
헬스클럽,울산광역시,북구,50,50,50
헬스클럽,울산광역시,울주군,37,38,34
헬스클럽,세종특별자치시,0,96,96,89
헬스클럽,경기도,수원시 장안구,75,73,68
헬스클럽,경기도,수원시 권선구,104,104,108
헬스클럽,경기도,수원시 팔달구,91,91,84
헬스클럽,경기도,수원시 영통구,134,132,123
헬스클럽,경기도,성남시 수정구,63,62,63
헬스클럽,경기도,성남시 중원구,56,58,59
헬스클럽,경기도,성남시 분당구,229,228,216
헬스클럽,경기도,의정부시,127,127,124
헬스클럽,경기도,안양시 만안구,34,35,37
헬스클럽,경기도,안양시 동안구,123,121,120
헬스클럽,경기도,부천시 원미구,138,139,143
헬스클럽,경기도,부천시 소사구,51,49,53
헬스클럽,경기도,부천시 오정구,23,22,23
헬스클럽,경기도,광명시,68,69,72
헬스클럽,경기도,평택시,158,160,155
헬스클럽,경기도,동두천시,18,18,16
헬스클럽,경기도,안산시 상록구,63,63,64
헬스클럽,경기도,안산시 단원구,88,88,88
헬스클럽,경기도,고양시 덕양구,130,125,127
헬스클럽,경기도,고양시 일산동구,106,105,101
헬스클럽,경기도,고양시 일산서구,80,82,85
헬스클럽,경기도,과천시,23,24,22
헬스클럽,경기도,구리시,56,56,57
헬스클럽,경기도,남양주시,176,177,168
헬스클럽,경기도,오산시,55,55,55
헬스클럽,경기도,시흥시,129,130,133
헬스클럽,경기도,군포시,66,65,67
헬스클럽,경기도,의왕시,37,36,34
헬스클럽,경기도,하남시,101,102,97
헬스클럽,경기도,용인시 처인구,45,45,43
헬스클럽,경기도,용인시 기흥구,122,122,111
헬스클럽,경기도,용인시 수지구,110,112,103
헬스클럽,경기도,파주시,106,108,99
헬스클럽,경기도,이천시,57,57,57
헬스클럽,경기도,안성시,41,41,44
헬스클럽,경기도,김포시,133,134,133
헬스클럽,경기도,화성시,0,0,0
헬스클럽,경기도,화성시 만세구,52,54,51
헬스클럽,경기도,화성시 효행구,30,29,27
헬스클럽,경기도,화성시 병점구,45,44,41
헬스클럽,경기도,화성시 동탄구,134,136,123
헬스클럽,경기도,광주시,81,83,73
헬스클럽,경기도,양주시,53,52,49
헬스클럽,경기도,포천시,22,22,23
헬스클럽,경기도,여주시,20,20,18
헬스클럽,경기도,연천군,11,10,8
헬스클럽,경기도,가평군,11,11,9
헬스클럽,경기도,양평군,15,15,16
헬스클럽,충청북도,청주시 상당구,54,55,55
헬스클럽,충청북도,청주시 서원구,50,49,44
헬스클럽,충청북도,청주시 흥덕구,103,106,103
헬스클럽,충청북도,청주시 청원구,66,65,63
헬스클럽,충청북도,충주시,37,37,37
헬스클럽,충청북도,제천시,35,35,34
헬스클럽,충청북도,보은군,0,0,0
헬스클럽,충청북도,옥천군,9,9,8
헬스클럽,충청북도,영동군,6,6,6
헬스클럽,충청북도,증평군,10,10,10
헬스클럽,충청북도,진천군,16,16,17
헬스클럽,충청북도,괴산군,0,0,0
헬스클럽,충청북도,음성군,21,21,23
헬스클럽,충청북도,단양군,0,0,0
헬스클럽,충청남도,천안시 동남구,66,66,61
헬스클럽,충청남도,천안시 서북구,132,134,136
헬스클럽,충청남도,공주시,11,11,12
헬스클럽,충청남도,보령시,18,18,15
헬스클럽,충청남도,아산시,89,88,85
헬스클럽,충청남도,서산시,32,31,33
헬스클럽,충청남도,논산시,13,13,12
헬스클럽,충청남도,계룡시,7,7,7
헬스클럽,충청남도,당진시,25,25,21
헬스클럽,충청남도,금산군,4,4,3
헬스클럽,충청남도,부여군,4,4,5
헬스클럽,충청남도,서천군,4,4,4
헬스클럽,충청남도,청양군,0,0,0
헬스클럽,충청남도,홍성군,25,25,23
헬스클럽,충청남도,예산군,10,10,10
헬스클럽,충청남도,태안군,11,11,10
헬스클럽,경상북도,포항시 남구,52,52,55
헬스클럽,경상북도,포항시 북구,68,67,62
헬스클럽,경상북도,경주시,45,44,41
헬스클럽,경상북도,김천시,29,29,26
헬스클럽,경상북도,안동시,41,41,40
헬스클럽,경상북도,구미시,120,116,115
헬스클럽,경상북도,영주시,14,14,16
헬스클럽,경상북도,영천시,14,15,14
헬스클럽,경상북도,상주시,16,16,15
헬스클럽,경상북도,문경시,9,9,7
헬스클럽,경상북도,경산시,75,74,75
헬스클럽,경상북도,의성군,0,0,0
헬스클럽,경상북도,영덕군,5,5,4
헬스클럽,경상북도,청도군,0,0,0
헬스클럽,경상북도,고령군,0,0,0
헬스클럽,경상북도,성주군,6,6,5
헬스클럽,경상북도,칠곡군,19,20,20
헬스클럽,경상북도,예천군,11,11,12
헬스클럽,경상북도,봉화군,0,0,0
헬스클럽,경상북도,울진군,8,8,7
헬스클럽,경상남도,창원시 의창구,50,50,48
헬스클럽,경상남도,창원시 성산구,90,89,89
헬스클럽,경상남도,창원시 마산합포구,36,35,34
헬스클럽,경상남도,창원시 마산회원구,40,40,44
헬스클럽,경상남도,창원시 진해구,37,37,38
헬스클럽,경상남도,진주시,94,92,92
헬스클럽,경상남도,통영시,21,21,22
헬스클럽,경상남도,사천시,23,23,23
헬스클럽,경상남도,김해시,122,123,120
헬스클럽,경상남도,밀양시,14,14,15
헬스클럽,경상남도,거제시,36,36,39
헬스클럽,경상남도,양산시,80,78,88
헬스클럽,경상남도,의령군,0,0,0
헬스클럽,경상남도,함안군,11,11,10
헬스클럽,경상남도,창녕군,3,3,3
헬스클럽,경상남도,고성군,3,3,3
헬스클럽,경상남도,남해군,6,5,5
헬스클럽,경상남도,하동군,0,0,0
헬스클럽,경상남도,산청군,0,0,0
헬스클럽,경상남도,함양군,3,0,0
헬스클럽,경상남도,거창군,12,12,9
헬스클럽,경상남도,합천군,0,0,0
헬스클럽,제주특별자치도,제주시,172,169,166
헬스클럽,제주특별자치도,서귀포시,61,61,57
헬스클럽,강원특별자치도,춘천시,118,117,114
헬스클럽,강원특별자치도,원주시,90,88,89
헬스클럽,강원특별자치도,강릉시,61,61,61
헬스클럽,강원특별자치도,동해시,23,23,22
헬스클럽,강원특별자치도,태백시,10,10,11
헬스클럽,강원특별자치도,속초시,15,15,14
헬스클럽,강원특별자치도,삼척시,13,13,12
헬스클럽,강원특별자치도,홍천군,14,14,13
헬스클럽,강원특별자치도,횡성군,5,5,4
헬스클럽,강원특별자치도,영월군,10,10,11
헬스클럽,강원특별자치도,평창군,6,6,6
헬스클럽,강원특별자치도,정선군,5,5,5
헬스클럽,강원특별자치도,철원군,14,14,14
헬스클럽,강원특별자치도,화천군,0,0,0
헬스클럽,강원특별자치도,양구군,3,3,3
헬스클럽,강원특별자치도,인제군,3,3,0
헬스클럽,강원특별자치도,고성군,0,0,0
헬스클럽,강원특별자치도,양양군,4,4,4
헬스클럽,전북특별자치도,전주시 완산구,91,91,91
헬스클럽,전북특별자치도,전주시 덕진구,111,111,111
헬스클럽,전북특별자치도,군산시,49,49,51
헬스클럽,전북특별자치도,익산시,48,50,51
헬스클럽,전북특별자치도,정읍시,17,16,15
헬스클럽,전북특별자치도,남원시,14,14,13
헬스클럽,전북특별자치도,김제시,10,9,7
헬스클럽,전북특별자치도,완주군,17,17,17
헬스클럽,전북특별자치도,무주군,0,0,0
헬스클럽,전북특별자치도,장수군,0,0,0
헬스클럽,전북특별자치도,임실군,0,0,0
헬스클럽,전북특별자치도,고창군,5,5,5
헬스클럽,전북특별자치도,부안군,7,7,5
교습학원,서울특별시,종로구,133,131,139
교습학원,서울특별시,중구,81,81,77
교습학원,서울특별시,용산구,128,128,128
교습학원,서울특별시,성동구,267,264,254
교습학원,서울특별시,광진구,343,344,341
교습학원,서울특별시,동대문구,348,346,322
교습학원,서울특별시,중랑구,233,236,231
교습학원,서울특별시,성북구,369,366,365
교습학원,서울특별시,강북구,155,155,155
교습학원,서울특별시,도봉구,247,249,249
교습학원,서울특별시,노원구,588,589,605
교습학원,서울특별시,은평구,469,464,462
교습학원,서울특별시,서대문구,332,329,324
교습학원,서울특별시,마포구,467,464,483
교습학원,서울특별시,양천구,954,953,962
교습학원,서울특별시,강서구,625,627,604
교습학원,서울특별시,구로구,340,338,336
교습학원,서울특별시,금천구,166,168,173
교습학원,서울특별시,영등포구,367,364,349
교습학원,서울특별시,동작구,355,355,342
교습학원,서울특별시,관악구,312,311,317
교습학원,서울특별시,서초구,893,889,888
교습학원,서울특별시,강남구,1868,1870,1845
교습학원,서울특별시,송파구,916,914,892
교습학원,서울특별시,강동구,673,675,656
교습학원,전남광주통합특별시,목포시,286,286,289
교습학원,전남광주통합특별시,여수시,367,368,365
교습학원,전남광주통합특별시,순천시,388,389,395
교습학원,전남광주통합특별시,나주시,163,162,160
교습학원,전남광주통합특별시,광양시,181,182,180
교습학원,전남광주통합특별시,동구,177,176,170
교습학원,전남광주통합특별시,서구,519,518,524
교습학원,전남광주통합특별시,남구,534,535,539
교습학원,전남광주통합특별시,북구,678,678,662
교습학원,전남광주통합특별시,광산구,739,737,727
교습학원,전남광주통합특별시,담양군,15,14,13
교습학원,전남광주통합특별시,곡성군,16,16,14
교습학원,전남광주통합특별시,구례군,13,13,13
교습학원,전남광주통합특별시,고흥군,24,25,27
교습학원,전남광주통합특별시,보성군,18,18,19
교습학원,전남광주통합특별시,화순군,46,47,44
교습학원,전남광주통합특별시,장흥군,18,18,16
교습학원,전남광주통합특별시,강진군,16,16,18
교습학원,전남광주통합특별시,해남군,42,42,42
교습학원,전남광주통합특별시,영암군,29,30,33
교습학원,전남광주통합특별시,무안군,214,214,195
교습학원,전남광주통합특별시,함평군,7,7,6
교습학원,전남광주통합특별시,영광군,38,39,38
교습학원,전남광주통합특별시,장성군,25,25,26
교습학원,전남광주통합특별시,완도군,27,27,29
교습학원,전남광주통합특별시,진도군,14,14,13
교습학원,전남광주통합특별시,신안군,0,0,0
교습학원,부산광역시,중구,14,14,12
교습학원,부산광역시,서구,90,90,89
교습학원,부산광역시,동구,46,46,39
교습학원,부산광역시,영도구,43,43,47
교습학원,부산광역시,부산진구,388,385,390
교습학원,부산광역시,동래구,566,569,534
교습학원,부산광역시,남구,297,296,293
교습학원,부산광역시,북구,287,288,286
교습학원,부산광역시,해운대구,715,715,703
교습학원,부산광역시,사하구,297,296,292
교습학원,부산광역시,금정구,252,255,258
교습학원,부산광역시,강서구,310,308,272
교습학원,부산광역시,연제구,298,294,279
교습학원,부산광역시,수영구,253,254,242
교습학원,부산광역시,사상구,113,114,110
교습학원,부산광역시,기장군,300,299,287
교습학원,대구광역시,중구,135,135,125
교습학원,대구광역시,동구,331,331,310
교습학원,대구광역시,서구,84,84,77
교습학원,대구광역시,남구,71,70,68
교습학원,대구광역시,북구,514,516,512
교습학원,대구광역시,수성구,1155,1152,1110
교습학원,대구광역시,달서구,816,818,808
교습학원,대구광역시,달성군,400,397,386
교습학원,대구광역시,군위군,4,4,4
교습학원,인천광역시,제물포구,44,44,44
교습학원,인천광역시,영종구,157,153,151
교습학원,인천광역시,미추홀구,304,304,287
교습학원,인천광역시,연수구,758,756,716
교습학원,인천광역시,남동구,559,559,554
교습학원,인천광역시,부평구,422,422,423
교습학원,인천광역시,계양구,245,245,238
교습학원,인천광역시,서구,0,0,0
교습학원,인천광역시,서해구,616,612,579
교습학원,인천광역시,검단구,399,395,356
교습학원,인천광역시,강화군,41,42,38
교습학원,인천광역시,옹진군,0,0,0
교습학원,대전광역시,동구,157,154,150
교습학원,대전광역시,중구,200,198,191
교습학원,대전광역시,서구,661,663,662
교습학원,대전광역시,유성구,522,513,477
교습학원,대전광역시,대덕구,138,140,134
교습학원,울산광역시,중구,301,301,293
교습학원,울산광역시,남구,715,708,702
교습학원,울산광역시,동구,185,185,175
교습학원,울산광역시,북구,379,377,365
교습학원,울산광역시,울주군,305,306,289
교습학원,세종특별자치시,0,879,875,832
교습학원,경기도,수원시 장안구,354,356,356
교습학원,경기도,수원시 권선구,379,378,372
교습학원,경기도,수원시 팔달구,191,192,179
교습학원,경기도,수원시 영통구,803,797,784
교습학원,경기도,성남시 수정구,350,351,339
교습학원,경기도,성남시 중원구,175,175,176
교습학원,경기도,성남시 분당구,1134,1131,1149
교습학원,경기도,의정부시,540,540,526
교습학원,경기도,안양시 만안구,195,194,180
교습학원,경기도,안양시 동안구,707,704,688
교습학원,경기도,부천시 원미구,580,582,575
교습학원,경기도,부천시 소사구,285,285,280
교습학원,경기도,부천시 오정구,84,83,86
교습학원,경기도,광명시,467,472,461
교습학원,경기도,평택시,747,739,698
교습학원,경기도,동두천시,60,62,62
교습학원,경기도,안산시 상록구,251,248,256
교습학원,경기도,안산시 단원구,387,391,386
교습학원,경기도,고양시 덕양구,713,715,688
교습학원,경기도,고양시 일산동구,492,494,486
교습학원,경기도,고양시 일산서구,505,507,515
교습학원,경기도,과천시,142,140,138
교습학원,경기도,구리시,307,306,297
교습학원,경기도,남양주시,1089,1084,1039
교습학원,경기도,오산시,282,279,264
교습학원,경기도,시흥시,751,746,718
교습학원,경기도,군포시,346,345,351
교습학원,경기도,의왕시,161,160,158
교습학원,경기도,하남시,572,574,565
교습학원,경기도,용인시 처인구,295,294,286
교습학원,경기도,용인시 기흥구,733,730,723
교습학원,경기도,용인시 수지구,761,760,744
교습학원,경기도,파주시,755,746,692
교습학원,경기도,이천시,281,284,276
교습학원,경기도,안성시,180,180,176
교습학원,경기도,김포시,935,933,891
교습학원,경기도,화성시,0,0,0
교습학원,경기도,화성시 만세구,295,295,284
교습학원,경기도,화성시 효행구,197,197,183
교습학원,경기도,화성시 병점구,224,225,201
교습학원,경기도,화성시 동탄구,1173,1169,1075
교습학원,경기도,광주시,463,467,448
교습학원,경기도,양주시,309,306,292
교습학원,경기도,포천시,74,74,70
교습학원,경기도,여주시,87,89,83
교습학원,경기도,연천군,19,19,20
교습학원,경기도,가평군,39,40,34
교습학원,경기도,양평군,115,115,108
교습학원,충청북도,청주시 상당구,263,262,245
교습학원,충청북도,청주시 서원구,256,257,251
교습학원,충청북도,청주시 흥덕구,406,409,387
교습학원,충청북도,청주시 청원구,239,241,235
교습학원,충청북도,충주시,243,242,240
교습학원,충청북도,제천시,120,118,116
교습학원,충청북도,보은군,17,17,17
교습학원,충청북도,옥천군,21,21,23
교습학원,충청북도,영동군,27,27,27
교습학원,충청북도,증평군,35,35,34
교습학원,충청북도,진천군,87,86,85
교습학원,충청북도,괴산군,12,12,11
교습학원,충청북도,음성군,55,55,48
교습학원,충청북도,단양군,9,9,7
교습학원,충청남도,천안시 동남구,273,272,263
교습학원,충청남도,천안시 서북구,730,736,694
교습학원,충청남도,공주시,72,72,71
교습학원,충청남도,보령시,80,80,78
교습학원,충청남도,아산시,408,409,400
교습학원,충청남도,서산시,167,167,172
교습학원,충청남도,논산시,61,61,58
교습학원,충청남도,계룡시,56,56,53
교습학원,충청남도,당진시,221,226,218
교습학원,충청남도,금산군,25,25,24
교습학원,충청남도,부여군,24,24,24
교습학원,충청남도,서천군,31,31,30
교습학원,충청남도,청양군,5,5,5
교습학원,충청남도,홍성군,97,97,97
교습학원,충청남도,예산군,58,57,49
교습학원,충청남도,태안군,23,23,26
교습학원,경상북도,포항시 남구,325,323,321
교습학원,경상북도,포항시 북구,392,394,381
교습학원,경상북도,경주시,263,264,262
교습학원,경상북도,김천시,117,115,116
교습학원,경상북도,안동시,197,196,196
교습학원,경상북도,구미시,747,746,727
교습학원,경상북도,영주시,119,119,119
교습학원,경상북도,영천시,62,62,67
교습학원,경상북도,상주시,69,69,64
교습학원,경상북도,문경시,51,51,55
교습학원,경상북도,경산시,334,334,337
교습학원,경상북도,의성군,11,11,13
교습학원,경상북도,청송군,8,8,8
교습학원,경상북도,영양군,8,8,8
교습학원,경상북도,영덕군,15,15,17
교습학원,경상북도,청도군,17,17,20
교습학원,경상북도,고령군,17,17,16
교습학원,경상북도,성주군,15,15,18
교습학원,경상북도,칠곡군,113,113,117
교습학원,경상북도,예천군,58,59,60
교습학원,경상북도,봉화군,9,9,9
교습학원,경상북도,울진군,40,41,39
교습학원,경상북도,울릉군,0,0,0
교습학원,경상남도,창원시 의창구,303,307,299
교습학원,경상남도,창원시 성산구,440,441,435
교습학원,경상남도,창원시 마산합포구,238,236,234
교습학원,경상남도,창원시 마산회원구,246,248,246
교습학원,경상남도,창원시 진해구,277,277,278
교습학원,경상남도,진주시,651,650,649
교습학원,경상남도,통영시,149,149,155
교습학원,경상남도,사천시,138,138,141
교습학원,경상남도,김해시,849,846,849
교습학원,경상남도,밀양시,76,76,80
교습학원,경상남도,거제시,288,285,280
교습학원,경상남도,양산시,514,514,502
교습학원,경상남도,의령군,9,9,8
교습학원,경상남도,함안군,47,48,57
교습학원,경상남도,창녕군,42,41,42
교습학원,경상남도,고성군,47,47,49
교습학원,경상남도,남해군,19,19,23
교습학원,경상남도,하동군,24,24,26
교습학원,경상남도,산청군,16,16,17
교습학원,경상남도,함양군,29,29,33
교습학원,경상남도,거창군,66,66,66
교습학원,경상남도,합천군,19,20,20
교습학원,제주특별자치도,제주시,716,714,709
교습학원,제주특별자치도,서귀포시,231,230,215
교습학원,강원특별자치도,춘천시,363,366,361
교습학원,강원특별자치도,원주시,488,489,455
교습학원,강원특별자치도,강릉시,313,313,329
교습학원,강원특별자치도,동해시,86,86,88
교습학원,강원특별자치도,태백시,20,20,22
교습학원,강원특별자치도,속초시,84,82,79
교습학원,강원특별자치도,삼척시,36,36,38
교습학원,강원특별자치도,홍천군,40,41,39
교습학원,강원특별자치도,횡성군,31,31,34
교습학원,강원특별자치도,영월군,24,24,25
교습학원,강원특별자치도,평창군,18,18,18
교습학원,강원특별자치도,정선군,6,6,8
교습학원,강원특별자치도,철원군,28,28,30
교습학원,강원특별자치도,화천군,12,12,12
교습학원,강원특별자치도,양구군,11,11,11
교습학원,강원특별자치도,인제군,15,15,13
교습학원,강원특별자치도,고성군,10,10,8
교습학원,강원특별자치도,양양군,17,18,14
교습학원,전북특별자치도,전주시 완산구,663,669,665
교습학원,전북특별자치도,전주시 덕진구,709,707,695
교습학원,전북특별자치도,군산시,357,356,340
교습학원,전북특별자치도,익산시,384,385,389
교습학원,전북특별자치도,정읍시,96,96,99
교습학원,전북특별자치도,남원시,59,60,60
교습학원,전북특별자치도,김제시,42,41,40
교습학원,전북특별자치도,완주군,135,135,127
교습학원,전북특별자치도,진안군,8,8,8
교습학원,전북특별자치도,무주군,18,19,18
교습학원,전북특별자치도,장수군,16,16,17
교습학원,전북특별자치도,임실군,9,9,9
교습학원,전북특별자치도,순창군,17,17,16
교습학원,전북특별자치도,고창군,32,32,32
교습학원,전북특별자치도,부안군,30,31,32
교습소ㆍ공부방,서울특별시,종로구,119,120,120
교습소ㆍ공부방,서울특별시,중구,72,74,73
교습소ㆍ공부방,서울특별시,용산구,164,166,165
교습소ㆍ공부방,서울특별시,성동구,236,233,229
교습소ㆍ공부방,서울특별시,광진구,295,297,278
교습소ㆍ공부방,서울특별시,동대문구,298,296,275
교습소ㆍ공부방,서울특별시,중랑구,269,272,263
교습소ㆍ공부방,서울특별시,성북구,545,548,531
교습소ㆍ공부방,서울특별시,강북구,253,256,243
교습소ㆍ공부방,서울특별시,도봉구,351,352,336
교습소ㆍ공부방,서울특별시,노원구,825,827,805
교습소ㆍ공부방,서울특별시,은평구,507,505,492
교습소ㆍ공부방,서울특별시,서대문구,336,339,324
교습소ㆍ공부방,서울특별시,마포구,464,461,448
교습소ㆍ공부방,서울특별시,양천구,883,873,858
교습소ㆍ공부방,서울특별시,강서구,629,620,578
교습소ㆍ공부방,서울특별시,구로구,356,353,352
교습소ㆍ공부방,서울특별시,금천구,142,140,139
교습소ㆍ공부방,서울특별시,영등포구,354,352,361
교습소ㆍ공부방,서울특별시,동작구,444,442,440
교습소ㆍ공부방,서울특별시,관악구,295,290,297
교습소ㆍ공부방,서울특별시,서초구,672,669,637
교습소ㆍ공부방,서울특별시,강남구,909,905,849
교습소ㆍ공부방,서울특별시,송파구,775,765,758
교습소ㆍ공부방,서울특별시,강동구,672,666,639
교습소ㆍ공부방,전남광주통합특별시,목포시,174,176,177
교습소ㆍ공부방,전남광주통합특별시,여수시,214,215,211
교습소ㆍ공부방,전남광주통합특별시,순천시,376,377,353
교습소ㆍ공부방,전남광주통합특별시,나주시,123,123,124
교습소ㆍ공부방,전남광주통합특별시,광양시,163,161,142
교습소ㆍ공부방,전남광주통합특별시,동구,104,105,105
교습소ㆍ공부방,전남광주통합특별시,서구,238,237,229
교습소ㆍ공부방,전남광주통합특별시,남구,264,264,256
교습소ㆍ공부방,전남광주통합특별시,북구,377,379,362
교습소ㆍ공부방,전남광주통합특별시,광산구,365,361,366
교습소ㆍ공부방,전남광주통합특별시,담양군,19,19,19
교습소ㆍ공부방,전남광주통합특별시,곡성군,10,10,12
교습소ㆍ공부방,전남광주통합특별시,구례군,11,11,9
교습소ㆍ공부방,전남광주통합특별시,고흥군,14,14,11
교습소ㆍ공부방,전남광주통합특별시,보성군,17,17,15
교습소ㆍ공부방,전남광주통합특별시,화순군,17,17,21
교습소ㆍ공부방,전남광주통합특별시,장흥군,11,11,10
교습소ㆍ공부방,전남광주통합특별시,강진군,14,14,7
교습소ㆍ공부방,전남광주통합특별시,해남군,35,34,33
교습소ㆍ공부방,전남광주통합특별시,영암군,15,16,17
교습소ㆍ공부방,전남광주통합특별시,무안군,114,112,92
교습소ㆍ공부방,전남광주통합특별시,함평군,8,8,10
교습소ㆍ공부방,전남광주통합특별시,영광군,38,38,37
교습소ㆍ공부방,전남광주통합특별시,장성군,23,23,22
교습소ㆍ공부방,전남광주통합특별시,완도군,34,32,25
교습소ㆍ공부방,전남광주통합특별시,진도군,20,20,20
교습소ㆍ공부방,전남광주통합특별시,신안군,6,6,5
교습소ㆍ공부방,부산광역시,중구,12,12,16
교습소ㆍ공부방,부산광역시,서구,118,119,110
교습소ㆍ공부방,부산광역시,동구,56,55,51
교습소ㆍ공부방,부산광역시,영도구,83,84,77
교습소ㆍ공부방,부산광역시,부산진구,337,333,317
교습소ㆍ공부방,부산광역시,동래구,456,456,432
교습소ㆍ공부방,부산광역시,남구,335,336,314
교습소ㆍ공부방,부산광역시,북구,300,300,303
교습소ㆍ공부방,부산광역시,해운대구,629,623,603
교습소ㆍ공부방,부산광역시,사하구,357,357,352
교습소ㆍ공부방,부산광역시,금정구,277,276,264
교습소ㆍ공부방,부산광역시,강서구,452,445,374
교습소ㆍ공부방,부산광역시,연제구,259,258,260
교습소ㆍ공부방,부산광역시,수영구,226,225,224
교습소ㆍ공부방,부산광역시,사상구,152,153,147
교습소ㆍ공부방,부산광역시,기장군,304,302,291
교습소ㆍ공부방,대구광역시,중구,192,191,179
교습소ㆍ공부방,대구광역시,동구,470,473,459
교습소ㆍ공부방,대구광역시,서구,131,131,119
교습소ㆍ공부방,대구광역시,남구,155,151,139
교습소ㆍ공부방,대구광역시,북구,551,548,559
교습소ㆍ공부방,대구광역시,수성구,1270,1271,1255
교습소ㆍ공부방,대구광역시,달서구,723,728,730
교습소ㆍ공부방,대구광역시,달성군,320,319,314
교습소ㆍ공부방,대구광역시,군위군,13,13,13
교습소ㆍ공부방,인천광역시,제물포구,53,54,52
교습소ㆍ공부방,인천광역시,영종구,321,326,286
교습소ㆍ공부방,인천광역시,미추홀구,349,342,320
교습소ㆍ공부방,인천광역시,연수구,936,937,901
교습소ㆍ공부방,인천광역시,남동구,478,472,473
교습소ㆍ공부방,인천광역시,부평구,382,378,367
교습소ㆍ공부방,인천광역시,계양구,195,195,191
교습소ㆍ공부방,인천광역시,서해구,506,507,486
교습소ㆍ공부방,인천광역시,검단구,543,543,475
교습소ㆍ공부방,인천광역시,강화군,41,42,45
교습소ㆍ공부방,인천광역시,옹진군,5,5,4
교습소ㆍ공부방,대전광역시,동구,187,188,185
교습소ㆍ공부방,대전광역시,중구,222,221,203
교습소ㆍ공부방,대전광역시,서구,826,827,811
교습소ㆍ공부방,대전광역시,유성구,636,636,605
교습소ㆍ공부방,대전광역시,대덕구,139,139,144
교습소ㆍ공부방,울산광역시,중구,208,211,215
교습소ㆍ공부방,울산광역시,남구,427,425,406
교습소ㆍ공부방,울산광역시,동구,192,191,191
교습소ㆍ공부방,울산광역시,북구,343,341,331
교습소ㆍ공부방,울산광역시,울주군,236,233,223
교습소ㆍ공부방,세종특별자치시,0,864,865,847
교습소ㆍ공부방,경기도,수원시 장안구,346,339,321
교습소ㆍ공부방,경기도,수원시 권선구,424,424,418
교습소ㆍ공부방,경기도,수원시 팔달구,222,219,219
교습소ㆍ공부방,경기도,수원시 영통구,613,610,594
교습소ㆍ공부방,경기도,성남시 수정구,191,192,178
교습소ㆍ공부방,경기도,성남시 중원구,143,141,129
교습소ㆍ공부방,경기도,성남시 분당구,680,678,678
교습소ㆍ공부방,경기도,의정부시,566,567,545
교습소ㆍ공부방,경기도,안양시 만안구,181,179,173
교습소ㆍ공부방,경기도,안양시 동안구,611,618,610
교습소ㆍ공부방,경기도,부천시 원미구,415,416,384
교습소ㆍ공부방,경기도,부천시 소사구,241,241,233
교습소ㆍ공부방,경기도,부천시 오정구,56,55,52
교습소ㆍ공부방,경기도,광명시,349,349,335
교습소ㆍ공부방,경기도,평택시,820,817,769
교습소ㆍ공부방,경기도,동두천시,51,51,47
교습소ㆍ공부방,경기도,안산시 상록구,278,280,276
교습소ㆍ공부방,경기도,안산시 단원구,251,253,243
교습소ㆍ공부방,경기도,고양시 덕양구,607,606,607
교습소ㆍ공부방,경기도,고양시 일산동구,437,438,405
교습소ㆍ공부방,경기도,고양시 일산서구,508,507,512
교습소ㆍ공부방,경기도,과천시,192,192,167
교습소ㆍ공부방,경기도,구리시,226,226,237
교습소ㆍ공부방,경기도,남양주시,1040,1036,1033
교습소ㆍ공부방,경기도,오산시,305,307,282
교습소ㆍ공부방,경기도,시흥시,627,630,573
교습소ㆍ공부방,경기도,군포시,233,236,252
교습소ㆍ공부방,경기도,의왕시,198,197,193
교습소ㆍ공부방,경기도,하남시,479,472,424
교습소ㆍ공부방,경기도,용인시 처인구,352,355,346
교습소ㆍ공부방,경기도,용인시 기흥구,669,666,644
교습소ㆍ공부방,경기도,용인시 수지구,603,601,587
교습소ㆍ공부방,경기도,파주시,862,861,775
교습소ㆍ공부방,경기도,이천시,222,219,208
교습소ㆍ공부방,경기도,안성시,229,227,228
교습소ㆍ공부방,경기도,김포시,942,938,906
교습소ㆍ공부방,경기도,화성시,0,0,0
교습소ㆍ공부방,경기도,화성시 만세구,258,256,258
교습소ㆍ공부방,경기도,화성시 효행구,205,205,202
교습소ㆍ공부방,경기도,화성시 병점구,245,248,201
교습소ㆍ공부방,경기도,화성시 동탄구,1009,1007,881
교습소ㆍ공부방,경기도,광주시,391,386,389
교습소ㆍ공부방,경기도,양주시,401,399,382
교습소ㆍ공부방,경기도,포천시,60,60,58
교습소ㆍ공부방,경기도,여주시,107,108,100
교습소ㆍ공부방,경기도,연천군,12,13,11
교습소ㆍ공부방,경기도,가평군,44,41,41
교습소ㆍ공부방,경기도,양평군,140,141,126
교습소ㆍ공부방,충청북도,청주시 상당구,243,243,255
교습소ㆍ공부방,충청북도,청주시 서원구,215,213,201
교습소ㆍ공부방,충청북도,청주시 흥덕구,419,417,376
교습소ㆍ공부방,충청북도,청주시 청원구,234,230,235
교습소ㆍ공부방,충청북도,충주시,245,245,225
교습소ㆍ공부방,충청북도,제천시,113,112,108
교습소ㆍ공부방,충청북도,보은군,10,10,12
교습소ㆍ공부방,충청북도,옥천군,23,23,18
교습소ㆍ공부방,충청북도,영동군,20,21,23
교습소ㆍ공부방,충청북도,증평군,20,20,18
교습소ㆍ공부방,충청북도,진천군,66,64,62
교습소ㆍ공부방,충청북도,괴산군,15,15,13
교습소ㆍ공부방,충청북도,음성군,40,42,33
교습소ㆍ공부방,충청북도,단양군,12,12,15
교습소ㆍ공부방,충청남도,천안시 동남구,235,238,229
교습소ㆍ공부방,충청남도,천안시 서북구,458,458,449
교습소ㆍ공부방,충청남도,공주시,71,72,71
교습소ㆍ공부방,충청남도,보령시,91,89,90
교습소ㆍ공부방,충청남도,아산시,476,473,432
교습소ㆍ공부방,충청남도,서산시,261,260,266
교습소ㆍ공부방,충청남도,논산시,97,97,95
교습소ㆍ공부방,충청남도,계룡시,100,101,100
교습소ㆍ공부방,충청남도,당진시,194,195,182
교습소ㆍ공부방,충청남도,금산군,21,21,19
교습소ㆍ공부방,충청남도,부여군,24,24,26
교습소ㆍ공부방,충청남도,서천군,21,21,22
교습소ㆍ공부방,충청남도,청양군,12,11,11
교습소ㆍ공부방,충청남도,홍성군,163,162,142
교습소ㆍ공부방,충청남도,예산군,63,63,64
교습소ㆍ공부방,충청남도,태안군,27,27,29
교습소ㆍ공부방,경상북도,포항시 남구,276,274,260
교습소ㆍ공부방,경상북도,포항시 북구,481,478,449
교습소ㆍ공부방,경상북도,경주시,340,343,344
교습소ㆍ공부방,경상북도,김천시,170,170,169
교습소ㆍ공부방,경상북도,안동시,174,175,181
교습소ㆍ공부방,경상북도,구미시,548,550,515
교습소ㆍ공부방,경상북도,영주시,81,78,79
교습소ㆍ공부방,경상북도,영천시,72,72,67
교습소ㆍ공부방,경상북도,상주시,86,86,91
교습소ㆍ공부방,경상북도,문경시,49,48,50
교습소ㆍ공부방,경상북도,경산시,349,347,337
교습소ㆍ공부방,경상북도,의성군,18,18,17
교습소ㆍ공부방,경상북도,청송군,7,7,6
교습소ㆍ공부방,경상북도,영양군,10,10,9
교습소ㆍ공부방,경상북도,영덕군,20,20,22
교습소ㆍ공부방,경상북도,청도군,16,16,15
교습소ㆍ공부방,경상북도,고령군,13,13,13
교습소ㆍ공부방,경상북도,성주군,15,15,13
교습소ㆍ공부방,경상북도,칠곡군,110,108,107
교습소ㆍ공부방,경상북도,예천군,92,91,82
교습소ㆍ공부방,경상북도,봉화군,7,7,8
교습소ㆍ공부방,경상북도,울진군,54,54,54
교습소ㆍ공부방,경상북도,울릉군,0,0,0
교습소ㆍ공부방,경상남도,창원시 의창구,300,298,287
교습소ㆍ공부방,경상남도,창원시 성산구,416,418,389
교습소ㆍ공부방,경상남도,창원시 마산합포구,256,253,238
교습소ㆍ공부방,경상남도,창원시 마산회원구,184,181,178
교습소ㆍ공부방,경상남도,창원시 진해구,282,279,254
교습소ㆍ공부방,경상남도,진주시,389,392,397
교습소ㆍ공부방,경상남도,통영시,145,144,134
교습소ㆍ공부방,경상남도,사천시,113,111,105
교습소ㆍ공부방,경상남도,김해시,880,886,802
교습소ㆍ공부방,경상남도,밀양시,102,103,111
교습소ㆍ공부방,경상남도,거제시,378,379,350
교습소ㆍ공부방,경상남도,양산시,457,458,418
교습소ㆍ공부방,경상남도,의령군,9,9,10
교습소ㆍ공부방,경상남도,함안군,54,53,57
교습소ㆍ공부방,경상남도,창녕군,42,43,39
교습소ㆍ공부방,경상남도,고성군,20,21,22
교습소ㆍ공부방,경상남도,남해군,25,25,24
교습소ㆍ공부방,경상남도,하동군,21,20,18
교습소ㆍ공부방,경상남도,산청군,13,13,13
교습소ㆍ공부방,경상남도,함양군,18,17,17
교습소ㆍ공부방,경상남도,거창군,84,84,81
교습소ㆍ공부방,경상남도,합천군,13,13,14
교습소ㆍ공부방,제주특별자치도,제주시,763,764,737
교습소ㆍ공부방,제주특별자치도,서귀포시,350,346,322
교습소ㆍ공부방,강원특별자치도,춘천시,372,371,374
교습소ㆍ공부방,강원특별자치도,원주시,524,520,500
교습소ㆍ공부방,강원특별자치도,강릉시,223,224,215
교습소ㆍ공부방,강원특별자치도,동해시,106,106,106
교습소ㆍ공부방,강원특별자치도,태백시,26,26,26
교습소ㆍ공부방,강원특별자치도,속초시,95,95,80
교습소ㆍ공부방,강원특별자치도,삼척시,48,48,47
교습소ㆍ공부방,강원특별자치도,홍천군,23,23,23
교습소ㆍ공부방,강원특별자치도,횡성군,20,18,17
교습소ㆍ공부방,강원특별자치도,영월군,29,31,26
교습소ㆍ공부방,강원특별자치도,평창군,27,29,27
교습소ㆍ공부방,강원특별자치도,정선군,16,16,16
교습소ㆍ공부방,강원특별자치도,철원군,34,34,31
교습소ㆍ공부방,강원특별자치도,화천군,14,15,12
교습소ㆍ공부방,강원특별자치도,양구군,11,11,9
교습소ㆍ공부방,강원특별자치도,인제군,34,33,30
교습소ㆍ공부방,강원특별자치도,고성군,13,13,11
교습소ㆍ공부방,강원특별자치도,양양군,31,31,28
교습소ㆍ공부방,전북특별자치도,전주시 완산구,336,336,330
교습소ㆍ공부방,전북특별자치도,전주시 덕진구,307,306,304
교습소ㆍ공부방,전북특별자치도,군산시,276,274,248
교습소ㆍ공부방,전북특별자치도,익산시,159,152,153
교습소ㆍ공부방,전북특별자치도,정읍시,41,41,40
교습소ㆍ공부방,전북특별자치도,남원시,40,39,35
교습소ㆍ공부방,전북특별자치도,김제시,43,43,44
교습소ㆍ공부방,전북특별자치도,완주군,63,62,60
교습소ㆍ공부방,전북특별자치도,진안군,9,9,7
교습소ㆍ공부방,전북특별자치도,무주군,7,6,5
교습소ㆍ공부방,전북특별자치도,장수군,6,6,7
교습소ㆍ공부방,전북특별자치도,임실군,6,6,6
교습소ㆍ공부방,전북특별자치도,순창군,9,8,9
교습소ㆍ공부방,전북특별자치도,고창군,34,34,26
교습소ㆍ공부방,전북특별자치도,부안군,12,11,10
기술ㆍ직업훈련학원,서울특별시,종로구,233,233,240
기술ㆍ직업훈련학원,서울특별시,중구,109,112,108
기술ㆍ직업훈련학원,서울특별시,용산구,150,149,139
기술ㆍ직업훈련학원,서울특별시,성동구,158,160,152
기술ㆍ직업훈련학원,서울특별시,광진구,168,166,156
기술ㆍ직업훈련학원,서울특별시,동대문구,131,128,127
기술ㆍ직업훈련학원,서울특별시,중랑구,125,125,116
기술ㆍ직업훈련학원,서울특별시,성북구,156,157,153
기술ㆍ직업훈련학원,서울특별시,강북구,89,89,87
기술ㆍ직업훈련학원,서울특별시,도봉구,108,108,101
기술ㆍ직업훈련학원,서울특별시,노원구,159,159,145
기술ㆍ직업훈련학원,서울특별시,은평구,156,160,158
기술ㆍ직업훈련학원,서울특별시,서대문구,143,142,135
기술ㆍ직업훈련학원,서울특별시,마포구,399,399,396
기술ㆍ직업훈련학원,서울특별시,양천구,144,143,138
기술ㆍ직업훈련학원,서울특별시,강서구,250,245,241
기술ㆍ직업훈련학원,서울특별시,구로구,136,138,143
기술ㆍ직업훈련학원,서울특별시,금천구,122,123,130
기술ㆍ직업훈련학원,서울특별시,영등포구,292,293,282
기술ㆍ직업훈련학원,서울특별시,동작구,152,153,155
기술ㆍ직업훈련학원,서울특별시,관악구,171,171,180
기술ㆍ직업훈련학원,서울특별시,서초구,427,429,435
기술ㆍ직업훈련학원,서울특별시,강남구,619,620,620
기술ㆍ직업훈련학원,서울특별시,송파구,334,329,304
기술ㆍ직업훈련학원,서울특별시,강동구,171,174,169
기술ㆍ직업훈련학원,전남광주통합특별시,목포시,132,131,127
기술ㆍ직업훈련학원,전남광주통합특별시,여수시,106,107,104
기술ㆍ직업훈련학원,전남광주통합특별시,순천시,152,155,147
기술ㆍ직업훈련학원,전남광주통합특별시,나주시,89,86,83
기술ㆍ직업훈련학원,전남광주통합특별시,광양시,47,48,40
기술ㆍ직업훈련학원,전남광주통합특별시,동구,90,90,86
기술ㆍ직업훈련학원,전남광주통합특별시,서구,169,169,168
기술ㆍ직업훈련학원,전남광주통합특별시,남구,97,96,92
기술ㆍ직업훈련학원,전남광주통합특별시,북구,222,221,221
기술ㆍ직업훈련학원,전남광주통합특별시,광산구,161,161,168
기술ㆍ직업훈련학원,전남광주통합특별시,담양군,33,34,29
기술ㆍ직업훈련학원,전남광주통합특별시,곡성군,17,17,12
기술ㆍ직업훈련학원,전남광주통합특별시,구례군,13,13,11
기술ㆍ직업훈련학원,전남광주통합특별시,고흥군,7,7,8
기술ㆍ직업훈련학원,전남광주통합특별시,보성군,11,10,11
기술ㆍ직업훈련학원,전남광주통합특별시,화순군,27,29,23
기술ㆍ직업훈련학원,전남광주통합특별시,장흥군,6,6,6
기술ㆍ직업훈련학원,전남광주통합특별시,강진군,12,11,8
기술ㆍ직업훈련학원,전남광주통합특별시,해남군,32,31,29
기술ㆍ직업훈련학원,전남광주통합특별시,영암군,24,24,25
기술ㆍ직업훈련학원,전남광주통합특별시,무안군,55,55,51
기술ㆍ직업훈련학원,전남광주통합특별시,함평군,10,11,11
기술ㆍ직업훈련학원,전남광주통합특별시,영광군,23,23,20
기술ㆍ직업훈련학원,전남광주통합특별시,장성군,12,12,11
기술ㆍ직업훈련학원,전남광주통합특별시,완도군,13,13,12
기술ㆍ직업훈련학원,전남광주통합특별시,진도군,7,7,6
기술ㆍ직업훈련학원,전남광주통합특별시,신안군,10,10,10
기술ㆍ직업훈련학원,부산광역시,중구,46,45,45
기술ㆍ직업훈련학원,부산광역시,서구,34,32,28
기술ㆍ직업훈련학원,부산광역시,동구,47,47,53
기술ㆍ직업훈련학원,부산광역시,영도구,33,32,34
기술ㆍ직업훈련학원,부산광역시,부산진구,266,267,255
기술ㆍ직업훈련학원,부산광역시,동래구,144,143,145
기술ㆍ직업훈련학원,부산광역시,남구,108,109,115
기술ㆍ직업훈련학원,부산광역시,북구,107,108,111
기술ㆍ직업훈련학원,부산광역시,해운대구,158,160,158
기술ㆍ직업훈련학원,부산광역시,사하구,100,100,100
기술ㆍ직업훈련학원,부산광역시,금정구,101,103,100
기술ㆍ직업훈련학원,부산광역시,강서구,75,75,67
기술ㆍ직업훈련학원,부산광역시,연제구,104,102,93
기술ㆍ직업훈련학원,부산광역시,수영구,108,109,98
기술ㆍ직업훈련학원,부산광역시,사상구,75,71,66
기술ㆍ직업훈련학원,부산광역시,기장군,76,76,73
기술ㆍ직업훈련학원,대구광역시,중구,190,189,183
기술ㆍ직업훈련학원,대구광역시,동구,160,158,145
기술ㆍ직업훈련학원,대구광역시,서구,48,47,52
기술ㆍ직업훈련학원,대구광역시,남구,100,98,92
기술ㆍ직업훈련학원,대구광역시,북구,179,177,174
기술ㆍ직업훈련학원,대구광역시,수성구,273,275,280
기술ㆍ직업훈련학원,대구광역시,달서구,226,226,222
기술ㆍ직업훈련학원,대구광역시,달성군,87,85,83
기술ㆍ직업훈련학원,대구광역시,군위군,7,7,8
기술ㆍ직업훈련학원,인천광역시,제물포구,53,53,48
기술ㆍ직업훈련학원,인천광역시,영종구,53,52,55
기술ㆍ직업훈련학원,인천광역시,미추홀구,161,159,161
기술ㆍ직업훈련학원,인천광역시,연수구,184,181,152
기술ㆍ직업훈련학원,인천광역시,남동구,178,179,184
기술ㆍ직업훈련학원,인천광역시,부평구,183,182,164
기술ㆍ직업훈련학원,인천광역시,계양구,76,76,76
기술ㆍ직업훈련학원,인천광역시,서해구,150,154,154
기술ㆍ직업훈련학원,인천광역시,검단구,94,94,86
기술ㆍ직업훈련학원,인천광역시,강화군,31,31,33
기술ㆍ직업훈련학원,대전광역시,동구,71,70,74
기술ㆍ직업훈련학원,대전광역시,중구,147,148,151
기술ㆍ직업훈련학원,대전광역시,서구,274,268,266
기술ㆍ직업훈련학원,대전광역시,유성구,184,183,176
기술ㆍ직업훈련학원,대전광역시,대덕구,61,61,64
기술ㆍ직업훈련학원,울산광역시,중구,123,123,121
기술ㆍ직업훈련학원,울산광역시,남구,215,216,221
기술ㆍ직업훈련학원,울산광역시,동구,43,45,46
기술ㆍ직업훈련학원,울산광역시,북구,80,81,81
기술ㆍ직업훈련학원,울산광역시,울주군,96,96,90
기술ㆍ직업훈련학원,세종특별자치시,0,270,269,264
기술ㆍ직업훈련학원,경기도,수원시 장안구,99,100,94
기술ㆍ직업훈련학원,경기도,수원시 권선구,134,134,131
기술ㆍ직업훈련학원,경기도,수원시 팔달구,200,198,191
기술ㆍ직업훈련학원,경기도,수원시 영통구,167,172,160
기술ㆍ직업훈련학원,경기도,성남시 수정구,119,118,108
기술ㆍ직업훈련학원,경기도,성남시 중원구,61,61,60
기술ㆍ직업훈련학원,경기도,성남시 분당구,310,310,281
기술ㆍ직업훈련학원,경기도,의정부시,194,192,193
기술ㆍ직업훈련학원,경기도,안양시 만안구,87,86,85
기술ㆍ직업훈련학원,경기도,안양시 동안구,162,162,157
기술ㆍ직업훈련학원,경기도,부천시 원미구,220,217,212
기술ㆍ직업훈련학원,경기도,부천시 소사구,93,94,94
기술ㆍ직업훈련학원,경기도,부천시 오정구,24,24,27
기술ㆍ직업훈련학원,경기도,광명시,122,122,111
기술ㆍ직업훈련학원,경기도,평택시,262,266,261
기술ㆍ직업훈련학원,경기도,동두천시,32,32,39
기술ㆍ직업훈련학원,경기도,안산시 상록구,102,104,110
기술ㆍ직업훈련학원,경기도,안산시 단원구,174,173,176
기술ㆍ직업훈련학원,경기도,고양시 덕양구,231,229,206
기술ㆍ직업훈련학원,경기도,고양시 일산동구,207,208,197
기술ㆍ직업훈련학원,경기도,고양시 일산서구,104,105,131
기술ㆍ직업훈련학원,경기도,과천시,40,38,37
기술ㆍ직업훈련학원,경기도,구리시,94,95,92
기술ㆍ직업훈련학원,경기도,남양주시,299,299,300
기술ㆍ직업훈련학원,경기도,오산시,81,79,65
기술ㆍ직업훈련학원,경기도,시흥시,218,216,207
기술ㆍ직업훈련학원,경기도,군포시,81,82,85
기술ㆍ직업훈련학원,경기도,의왕시,54,54,54
기술ㆍ직업훈련학원,경기도,하남시,172,170,155
기술ㆍ직업훈련학원,경기도,용인시 처인구,114,115,110
기술ㆍ직업훈련학원,경기도,용인시 기흥구,212,211,200
기술ㆍ직업훈련학원,경기도,용인시 수지구,165,160,152
기술ㆍ직업훈련학원,경기도,파주시,245,246,217
기술ㆍ직업훈련학원,경기도,이천시,98,96,95
기술ㆍ직업훈련학원,경기도,안성시,76,77,64
기술ㆍ직업훈련학원,경기도,김포시,241,240,233
기술ㆍ직업훈련학원,경기도,화성시,0,0,0
기술ㆍ직업훈련학원,경기도,화성시 만세구,72,74,67
기술ㆍ직업훈련학원,경기도,화성시 효행구,49,47,45
기술ㆍ직업훈련학원,경기도,화성시 병점구,64,63,63
기술ㆍ직업훈련학원,경기도,화성시 동탄구,229,232,229
기술ㆍ직업훈련학원,경기도,광주시,148,149,141
기술ㆍ직업훈련학원,경기도,양주시,127,130,117
기술ㆍ직업훈련학원,경기도,포천시,73,74,62
기술ㆍ직업훈련학원,경기도,여주시,49,47,50
기술ㆍ직업훈련학원,경기도,연천군,18,18,18
기술ㆍ직업훈련학원,경기도,가평군,40,39,41
기술ㆍ직업훈련학원,경기도,양평군,93,91,87
기술ㆍ직업훈련학원,충청북도,청주시 상당구,134,134,132
기술ㆍ직업훈련학원,충청북도,청주시 서원구,87,84,74
기술ㆍ직업훈련학원,충청북도,청주시 흥덕구,123,125,120
기술ㆍ직업훈련학원,충청북도,청주시 청원구,90,90,91
기술ㆍ직업훈련학원,충청북도,충주시,112,110,104
기술ㆍ직업훈련학원,충청북도,제천시,61,60,54
기술ㆍ직업훈련학원,충청북도,보은군,9,9,6
기술ㆍ직업훈련학원,충청북도,옥천군,27,27,29
기술ㆍ직업훈련학원,충청북도,영동군,19,19,17
기술ㆍ직업훈련학원,충청북도,증평군,18,20,18
기술ㆍ직업훈련학원,충청북도,진천군,45,44,43
기술ㆍ직업훈련학원,충청북도,괴산군,18,19,19
기술ㆍ직업훈련학원,충청북도,음성군,22,22,21
기술ㆍ직업훈련학원,충청북도,단양군,7,7,6
기술ㆍ직업훈련학원,충청남도,천안시 동남구,158,156,149
기술ㆍ직업훈련학원,충청남도,천안시 서북구,189,186,166
기술ㆍ직업훈련학원,충청남도,공주시,67,67,67
기술ㆍ직업훈련학원,충청남도,보령시,60,59,55
기술ㆍ직업훈련학원,충청남도,아산시,157,156,155
기술ㆍ직업훈련학원,충청남도,서산시,71,70,68
기술ㆍ직업훈련학원,충청남도,논산시,62,60,60
기술ㆍ직업훈련학원,충청남도,계룡시,23,22,23
기술ㆍ직업훈련학원,충청남도,당진시,64,64,68
기술ㆍ직업훈련학원,충청남도,금산군,34,34,29
기술ㆍ직업훈련학원,충청남도,부여군,36,36,37
기술ㆍ직업훈련학원,충청남도,서천군,17,17,14
기술ㆍ직업훈련학원,충청남도,청양군,15,15,14
기술ㆍ직업훈련학원,충청남도,홍성군,70,71,64
기술ㆍ직업훈련학원,충청남도,예산군,47,47,45
기술ㆍ직업훈련학원,충청남도,태안군,12,13,13
기술ㆍ직업훈련학원,경상북도,포항시 남구,73,76,72
기술ㆍ직업훈련학원,경상북도,포항시 북구,135,130,125
기술ㆍ직업훈련학원,경상북도,경주시,122,121,124
기술ㆍ직업훈련학원,경상북도,김천시,66,67,62
기술ㆍ직업훈련학원,경상북도,안동시,108,109,106
기술ㆍ직업훈련학원,경상북도,구미시,226,224,213
기술ㆍ직업훈련학원,경상북도,영주시,51,51,50
기술ㆍ직업훈련학원,경상북도,영천시,50,50,45
기술ㆍ직업훈련학원,경상북도,상주시,38,38,37
기술ㆍ직업훈련학원,경상북도,문경시,35,34,33
기술ㆍ직업훈련학원,경상북도,경산시,134,133,134
기술ㆍ직업훈련학원,경상북도,의성군,20,20,25
기술ㆍ직업훈련학원,경상북도,청송군,4,4,4
기술ㆍ직업훈련학원,경상북도,영양군,5,5,5
기술ㆍ직업훈련학원,경상북도,영덕군,13,13,10
기술ㆍ직업훈련학원,경상북도,청도군,15,15,12
기술ㆍ직업훈련학원,경상북도,고령군,8,7,5
기술ㆍ직업훈련학원,경상북도,성주군,5,5,6
기술ㆍ직업훈련학원,경상북도,칠곡군,49,48,48
기술ㆍ직업훈련학원,경상북도,예천군,25,25,29
기술ㆍ직업훈련학원,경상북도,봉화군,0,0,0
기술ㆍ직업훈련학원,경상북도,울진군,14,16,17
기술ㆍ직업훈련학원,경상북도,울릉군,0,0,0
기술ㆍ직업훈련학원,경상남도,창원시 의창구,91,92,94
기술ㆍ직업훈련학원,경상남도,창원시 성산구,168,168,171
기술ㆍ직업훈련학원,경상남도,창원시 마산합포구,71,69,72
기술ㆍ직업훈련학원,경상남도,창원시 마산회원구,75,77,84
기술ㆍ직업훈련학원,경상남도,창원시 진해구,72,71,70
기술ㆍ직업훈련학원,경상남도,진주시,166,165,169
기술ㆍ직업훈련학원,경상남도,통영시,62,62,61
기술ㆍ직업훈련학원,경상남도,사천시,43,41,36
기술ㆍ직업훈련학원,경상남도,김해시,222,221,220
기술ㆍ직업훈련학원,경상남도,밀양시,32,31,31
기술ㆍ직업훈련학원,경상남도,거제시,116,115,105
기술ㆍ직업훈련학원,경상남도,양산시,155,154,154
기술ㆍ직업훈련학원,경상남도,의령군,4,4,4
기술ㆍ직업훈련학원,경상남도,함안군,10,9,11
기술ㆍ직업훈련학원,경상남도,창녕군,17,17,15
기술ㆍ직업훈련학원,경상남도,고성군,13,14,15
기술ㆍ직업훈련학원,경상남도,남해군,14,14,13
기술ㆍ직업훈련학원,경상남도,하동군,23,23,22
기술ㆍ직업훈련학원,경상남도,산청군,14,14,11
기술ㆍ직업훈련학원,경상남도,함양군,10,9,11
기술ㆍ직업훈련학원,경상남도,거창군,27,27,28
기술ㆍ직업훈련학원,경상남도,합천군,15,15,12
기술ㆍ직업훈련학원,제주특별자치도,제주시,435,437,420
기술ㆍ직업훈련학원,제주특별자치도,서귀포시,174,176,154
기술ㆍ직업훈련학원,강원특별자치도,춘천시,178,178,169
기술ㆍ직업훈련학원,강원특별자치도,원주시,220,217,214
기술ㆍ직업훈련학원,강원특별자치도,강릉시,136,135,130
기술ㆍ직업훈련학원,강원특별자치도,동해시,58,58,60
기술ㆍ직업훈련학원,강원특별자치도,태백시,33,32,30
기술ㆍ직업훈련학원,강원특별자치도,속초시,48,49,46
기술ㆍ직업훈련학원,강원특별자치도,삼척시,30,29,26
기술ㆍ직업훈련학원,강원특별자치도,홍천군,23,22,22
기술ㆍ직업훈련학원,강원특별자치도,횡성군,20,19,13
기술ㆍ직업훈련학원,강원특별자치도,영월군,22,22,16
기술ㆍ직업훈련학원,강원특별자치도,평창군,26,27,21
기술ㆍ직업훈련학원,강원특별자치도,정선군,7,6,10
기술ㆍ직업훈련학원,강원특별자치도,철원군,19,19,20
기술ㆍ직업훈련학원,강원특별자치도,화천군,14,14,12
기술ㆍ직업훈련학원,강원특별자치도,양구군,7,7,9
기술ㆍ직업훈련학원,강원특별자치도,인제군,19,19,18
기술ㆍ직업훈련학원,강원특별자치도,고성군,17,17,20
기술ㆍ직업훈련학원,강원특별자치도,양양군,15,15,15
기술ㆍ직업훈련학원,전북특별자치도,전주시 완산구,224,223,213
기술ㆍ직업훈련학원,전북특별자치도,전주시 덕진구,175,175,163
기술ㆍ직업훈련학원,전북특별자치도,군산시,101,101,99
기술ㆍ직업훈련학원,전북특별자치도,익산시,111,110,112
기술ㆍ직업훈련학원,전북특별자치도,정읍시,57,56,53
기술ㆍ직업훈련학원,전북특별자치도,남원시,35,34,36
기술ㆍ직업훈련학원,전북특별자치도,김제시,42,42,38
기술ㆍ직업훈련학원,전북특별자치도,완주군,61,62,60
기술ㆍ직업훈련학원,전북특별자치도,진안군,6,6,4
기술ㆍ직업훈련학원,전북특별자치도,무주군,4,4,3
기술ㆍ직업훈련학원,전북특별자치도,장수군,9,9,9
기술ㆍ직업훈련학원,전북특별자치도,임실군,9,9,9
기술ㆍ직업훈련학원,전북특별자치도,순창군,11,11,8
기술ㆍ직업훈련학원,전북특별자치도,고창군,32,31,30
기술ㆍ직업훈련학원,전북특별자치도,부안군,22,24,19
스포츠교육기관,서울특별시,종로구,120,118,116
스포츠교육기관,서울특별시,중구,104,102,98
스포츠교육기관,서울특별시,용산구,217,216,206
스포츠교육기관,서울특별시,성동구,255,252,247
스포츠교육기관,서울특별시,광진구,260,258,247
스포츠교육기관,서울특별시,동대문구,242,241,233
스포츠교육기관,서울특별시,중랑구,202,202,207
스포츠교육기관,서울특별시,성북구,308,308,293
스포츠교육기관,서울특별시,강북구,151,147,144
스포츠교육기관,서울특별시,도봉구,166,167,162
스포츠교육기관,서울특별시,노원구,318,320,324
스포츠교육기관,서울특별시,은평구,264,264,271
스포츠교육기관,서울특별시,서대문구,208,210,195
스포츠교육기관,서울특별시,마포구,426,421,399
스포츠교육기관,서울특별시,양천구,352,352,338
스포츠교육기관,서울특별시,강서구,440,433,425
스포츠교육기관,서울특별시,구로구,235,234,223
스포츠교육기관,서울특별시,금천구,126,124,122
스포츠교육기관,서울특별시,영등포구,367,361,348
스포츠교육기관,서울특별시,동작구,218,216,221
스포츠교육기관,서울특별시,관악구,295,291,288
스포츠교육기관,서울특별시,서초구,542,542,488
스포츠교육기관,서울특별시,강남구,879,872,819
스포츠교육기관,서울특별시,송파구,605,604,553
스포츠교육기관,서울특별시,강동구,393,389,363
스포츠교육기관,전남광주통합특별시,목포시,142,142,134
스포츠교육기관,전남광주통합특별시,여수시,137,138,145
스포츠교육기관,전남광주통합특별시,순천시,213,207,201
스포츠교육기관,전남광주통합특별시,나주시,76,76,65
스포츠교육기관,전남광주통합특별시,광양시,109,109,99
스포츠교육기관,전남광주통합특별시,동구,84,84,76
스포츠교육기관,전남광주통합특별시,서구,253,253,244
스포츠교육기관,전남광주통합특별시,남구,183,179,170
스포츠교육기관,전남광주통합특별시,북구,344,340,323
스포츠교육기관,전남광주통합특별시,광산구,318,315,316
스포츠교육기관,전남광주통합특별시,담양군,10,10,10
스포츠교육기관,전남광주통합특별시,곡성군,7,6,5
스포츠교육기관,전남광주통합특별시,구례군,8,8,8
스포츠교육기관,전남광주통합특별시,고흥군,19,19,21
스포츠교육기관,전남광주통합특별시,보성군,11,11,10
스포츠교육기관,전남광주통합특별시,화순군,29,29,27
스포츠교육기관,전남광주통합특별시,장흥군,16,16,14
스포츠교육기관,전남광주통합특별시,강진군,16,15,16
스포츠교육기관,전남광주통합특별시,해남군,23,23,26
스포츠교육기관,전남광주통합특별시,영암군,23,24,22
스포츠교육기관,전남광주통합특별시,무안군,60,60,60
스포츠교육기관,전남광주통합특별시,함평군,5,5,7
스포츠교육기관,전남광주통합특별시,영광군,27,27,29
스포츠교육기관,전남광주통합특별시,장성군,10,10,11
스포츠교육기관,전남광주통합특별시,완도군,18,18,19
스포츠교육기관,전남광주통합특별시,진도군,9,9,9
스포츠교육기관,전남광주통합특별시,신안군,3,3,3
스포츠교육기관,부산광역시,중구,20,20,18
스포츠교육기관,부산광역시,서구,56,56,54
스포츠교육기관,부산광역시,동구,43,44,40
스포츠교육기관,부산광역시,영도구,43,43,42
스포츠교육기관,부산광역시,부산진구,245,244,244
스포츠교육기관,부산광역시,동래구,245,246,227
스포츠교육기관,부산광역시,남구,182,180,180
스포츠교육기관,부산광역시,북구,167,167,165
스포츠교육기관,부산광역시,해운대구,343,344,333
스포츠교육기관,부산광역시,사하구,173,170,168
스포츠교육기관,부산광역시,금정구,144,144,144
스포츠교육기관,부산광역시,강서구,188,185,167
스포츠교육기관,부산광역시,연제구,171,168,154
스포츠교육기관,부산광역시,수영구,161,160,149
스포츠교육기관,부산광역시,사상구,95,94,103
스포츠교육기관,부산광역시,기장군,161,162,155
스포츠교육기관,대구광역시,중구,104,105,95
스포츠교육기관,대구광역시,동구,235,234,228
스포츠교육기관,대구광역시,서구,74,75,75
스포츠교육기관,대구광역시,남구,67,67,70
스포츠교육기관,대구광역시,북구,310,308,302
스포츠교육기관,대구광역시,수성구,447,447,441
스포츠교육기관,대구광역시,달서구,348,345,336
스포츠교육기관,대구광역시,달성군,184,182,170
스포츠교육기관,대구광역시,군위군,7,7,6
스포츠교육기관,인천광역시,제물포구,42,41,43
스포츠교육기관,인천광역시,영종구,95,94,80
스포츠교육기관,인천광역시,미추홀구,225,222,219
스포츠교육기관,인천광역시,연수구,394,394,384
스포츠교육기관,인천광역시,남동구,325,329,344
스포츠교육기관,인천광역시,부평구,290,287,294
스포츠교육기관,인천광역시,계양구,192,193,186
스포츠교육기관,인천광역시,서구,0,0,0
스포츠교육기관,인천광역시,서해구,318,315,291
스포츠교육기관,인천광역시,검단구,214,212,192
스포츠교육기관,인천광역시,강화군,29,27,26
스포츠교육기관,인천광역시,옹진군,0,0,0
스포츠교육기관,대전광역시,동구,131,130,126
스포츠교육기관,대전광역시,중구,157,158,154
스포츠교육기관,대전광역시,서구,424,421,404
스포츠교육기관,대전광역시,유성구,335,332,299
스포츠교육기관,대전광역시,대덕구,112,110,106
스포츠교육기관,울산광역시,중구,139,138,137
스포츠교육기관,울산광역시,남구,276,274,263
스포츠교육기관,울산광역시,동구,114,114,111
스포츠교육기관,울산광역시,북구,188,186,188
스포츠교육기관,울산광역시,울주군,149,149,145
스포츠교육기관,세종특별자치시,0,410,405,381
스포츠교육기관,경기도,수원시 장안구,195,196,195
스포츠교육기관,경기도,수원시 권선구,252,251,240
스포츠교육기관,경기도,수원시 팔달구,177,178,175
스포츠교육기관,경기도,수원시 영통구,380,378,355
스포츠교육기관,경기도,성남시 수정구,215,212,211
스포츠교육기관,경기도,성남시 중원구,129,131,133
스포츠교육기관,경기도,성남시 분당구,553,553,526
스포츠교육기관,경기도,의정부시,351,349,355
스포츠교육기관,경기도,안양시 만안구,140,139,134
스포츠교육기관,경기도,안양시 동안구,296,294,272
스포츠교육기관,경기도,부천시 원미구,295,297,295
스포츠교육기관,경기도,부천시 소사구,148,152,147
스포츠교육기관,경기도,부천시 오정구,79,78,72
스포츠교육기관,경기도,광명시,234,234,214
스포츠교육기관,경기도,평택시,508,504,480
스포츠교육기관,경기도,동두천시,48,48,43
스포츠교육기관,경기도,안산시 상록구,180,183,184
스포츠교육기관,경기도,안산시 단원구,238,238,233
스포츠교육기관,경기도,고양시 덕양구,433,430,400
스포츠교육기관,경기도,고양시 일산동구,280,284,273
스포츠교육기관,경기도,고양시 일산서구,223,224,210
스포츠교육기관,경기도,과천시,73,72,66
스포츠교육기관,경기도,구리시,168,164,162
스포츠교육기관,경기도,남양주시,573,573,546
스포츠교육기관,경기도,오산시,194,194,175
스포츠교육기관,경기도,시흥시,409,404,394
스포츠교육기관,경기도,군포시,169,171,166
스포츠교육기관,경기도,의왕시,103,102,89
스포츠교육기관,경기도,하남시,332,322,289
스포츠교육기관,경기도,용인시 처인구,228,226,202
스포츠교육기관,경기도,용인시 기흥구,372,369,358
스포츠교육기관,경기도,용인시 수지구,339,336,317
스포츠교육기관,경기도,파주시,391,385,331
스포츠교육기관,경기도,이천시,179,178,171
스포츠교육기관,경기도,안성시,116,116,111
스포츠교육기관,경기도,김포시,411,413,413
스포츠교육기관,경기도,화성시,0,0,0
스포츠교육기관,경기도,화성시 만세구,189,189,177
스포츠교육기관,경기도,화성시 효행구,113,116,109
스포츠교육기관,경기도,화성시 병점구,127,126,112
스포츠교육기관,경기도,화성시 동탄구,448,444,412
스포츠교육기관,경기도,광주시,273,270,256
스포츠교육기관,경기도,양주시,237,239,224
스포츠교육기관,경기도,포천시,74,75,71
스포츠교육기관,경기도,여주시,57,56,54
스포츠교육기관,경기도,연천군,18,18,19
스포츠교육기관,경기도,가평군,37,36,38
스포츠교육기관,경기도,양평군,91,91,85
스포츠교육기관,충청북도,청주시 상당구,145,143,141
스포츠교육기관,충청북도,청주시 서원구,135,134,131
스포츠교육기관,충청북도,청주시 흥덕구,241,242,219
스포츠교육기관,충청북도,청주시 청원구,145,144,136
스포츠교육기관,충청북도,충주시,133,133,128
스포츠교육기관,충청북도,제천시,79,79,78
스포츠교육기관,충청북도,보은군,6,6,6
스포츠교육기관,충청북도,옥천군,20,20,17
스포츠교육기관,충청북도,영동군,21,20,18
스포츠교육기관,충청북도,증평군,20,20,20
스포츠교육기관,충청북도,진천군,43,43,43
스포츠교육기관,충청북도,괴산군,12,12,10
스포츠교육기관,충청북도,음성군,43,43,41
스포츠교육기관,충청북도,단양군,8,8,10
스포츠교육기관,충청남도,천안시 동남구,179,175,171
스포츠교육기관,충청남도,천안시 서북구,332,336,335
스포츠교육기관,충청남도,공주시,50,51,47
스포츠교육기관,충청남도,보령시,48,48,48
스포츠교육기관,충청남도,아산시,270,272,269
스포츠교육기관,충청남도,서산시,90,89,93
스포츠교육기관,충청남도,논산시,57,57,53
스포츠교육기관,충청남도,계룡시,34,34,35
스포츠교육기관,충청남도,당진시,114,120,114
스포츠교육기관,충청남도,금산군,12,11,13
스포츠교육기관,충청남도,부여군,34,34,31
스포츠교육기관,충청남도,서천군,15,16,18
스포츠교육기관,충청남도,청양군,7,7,8
스포츠교육기관,충청남도,홍성군,63,62,61
스포츠교육기관,충청남도,예산군,25,25,24
스포츠교육기관,충청남도,태안군,27,28,27
스포츠교육기관,경상북도,포항시 남구,136,136,134
스포츠교육기관,경상북도,포항시 북구,188,188,185
스포츠교육기관,경상북도,경주시,154,153,143
스포츠교육기관,경상북도,김천시,79,79,80
스포츠교육기관,경상북도,안동시,111,112,113
스포츠교육기관,경상북도,구미시,305,305,298
스포츠교육기관,경상북도,영주시,51,51,51
스포츠교육기관,경상북도,영천시,53,52,53
스포츠교육기관,경상북도,상주시,47,48,44
스포츠교육기관,경상북도,문경시,33,33,32
스포츠교육기관,경상북도,경산시,168,168,166
스포츠교육기관,경상북도,의성군,12,12,13
스포츠교육기관,경상북도,청송군,6,6,6
스포츠교육기관,경상북도,영양군,5,5,5
스포츠교육기관,경상북도,영덕군,11,11,11
스포츠교육기관,경상북도,청도군,13,13,15
스포츠교육기관,경상북도,고령군,12,12,12
스포츠교육기관,경상북도,성주군,20,20,18
스포츠교육기관,경상북도,칠곡군,75,75,73
스포츠교육기관,경상북도,예천군,31,32,31
스포츠교육기관,경상북도,봉화군,5,5,5
스포츠교육기관,경상북도,울진군,30,31,31
스포츠교육기관,경상북도,울릉군,0,0,0
스포츠교육기관,경상남도,창원시 의창구,160,161,154
스포츠교육기관,경상남도,창원시 성산구,222,221,215
스포츠교육기관,경상남도,창원시 마산합포구,132,132,121
스포츠교육기관,경상남도,창원시 마산회원구,138,137,142
스포츠교육기관,경상남도,창원시 진해구,157,159,158
스포츠교육기관,경상남도,진주시,294,294,277
스포츠교육기관,경상남도,통영시,87,88,83
스포츠교육기관,경상남도,사천시,61,61,64
스포츠교육기관,경상남도,김해시,442,437,423
스포츠교육기관,경상남도,밀양시,49,48,42
스포츠교육기관,경상남도,거제시,176,178,167
스포츠교육기관,경상남도,양산시,293,294,289
스포츠교육기관,경상남도,의령군,6,6,6
스포츠교육기관,경상남도,함안군,20,20,19
스포츠교육기관,경상남도,창녕군,25,26,23
스포츠교육기관,경상남도,고성군,19,19,17
스포츠교육기관,경상남도,남해군,14,14,12
스포츠교육기관,경상남도,하동군,16,16,18
스포츠교육기관,경상남도,산청군,11,11,13
스포츠교육기관,경상남도,함양군,21,21,20
스포츠교육기관,경상남도,거창군,35,35,34
스포츠교육기관,경상남도,합천군,10,10,11
스포츠교육기관,제주특별자치도,제주시,592,595,574
스포츠교육기관,제주특별자치도,서귀포시,247,245,224
스포츠교육기관,강원특별자치도,춘천시,217,215,212
스포츠교육기관,강원특별자치도,원주시,314,314,303
스포츠교육기관,강원특별자치도,강릉시,183,181,168
스포츠교육기관,강원특별자치도,동해시,63,64,60
스포츠교육기관,강원특별자치도,태백시,16,16,19
스포츠교육기관,강원특별자치도,속초시,73,72,68
스포츠교육기관,강원특별자치도,삼척시,32,30,32
스포츠교육기관,강원특별자치도,홍천군,32,33,33
스포츠교육기관,강원특별자치도,횡성군,16,15,15
스포츠교육기관,강원특별자치도,영월군,10,10,11
스포츠교육기관,강원특별자치도,평창군,36,35,32
스포츠교육기관,강원특별자치도,정선군,13,13,10
스포츠교육기관,강원특별자치도,철원군,16,16,19
스포츠교육기관,강원특별자치도,화천군,10,10,11
스포츠교육기관,강원특별자치도,양구군,8,8,8
스포츠교육기관,강원특별자치도,인제군,23,23,17
스포츠교육기관,강원특별자치도,고성군,14,14,13
스포츠교육기관,강원특별자치도,양양군,41,40,35
스포츠교육기관,전북특별자치도,전주시 완산구,246,242,234
스포츠교육기관,전북특별자치도,전주시 덕진구,266,266,260
스포츠교육기관,전북특별자치도,군산시,161,158,161
스포츠교육기관,전북특별자치도,익산시,165,167,167
스포츠교육기관,전북특별자치도,정읍시,66,66,59
스포츠교육기관,전북특별자치도,남원시,44,44,44
스포츠교육기관,전북특별자치도,김제시,31,32,31
스포츠교육기관,전북특별자치도,완주군,60,59,54
스포츠교육기관,전북특별자치도,진안군,8,8,6
스포츠교육기관,전북특별자치도,무주군,10,10,10
스포츠교육기관,전북특별자치도,장수군,4,4,5
스포츠교육기관,전북특별자치도,임실군,4,4,5
스포츠교육기관,전북특별자치도,순창군,3,3,3
스포츠교육기관,전북특별자치도,고창군,22,22,22
스포츠교육기관,전북특별자치도,부안군,12,12,10
예술학원,서울특별시,종로구,94,93,90
예술학원,서울특별시,중구,59,58,54
예술학원,서울특별시,용산구,104,106,103
예술학원,서울특별시,성동구,195,194,191
예술학원,서울특별시,광진구,197,197,200
예술학원,서울특별시,동대문구,200,199,200
예술학원,서울특별시,중랑구,165,164,164
예술학원,서울특별시,성북구,222,220,221
예술학원,서울특별시,강북구,82,81,89
예술학원,서울특별시,도봉구,107,108,114
예술학원,서울특별시,노원구,246,245,253
예술학원,서울특별시,은평구,227,231,246
예술학원,서울특별시,서대문구,170,169,159
예술학원,서울특별시,마포구,401,404,407
예술학원,서울특별시,양천구,281,281,275
예술학원,서울특별시,강서구,334,334,353
예술학원,서울특별시,구로구,206,207,211
예술학원,서울특별시,금천구,112,112,109
예술학원,서울특별시,영등포구,251,250,243
예술학원,서울특별시,동작구,182,183,181
예술학원,서울특별시,관악구,240,240,237
예술학원,서울특별시,서초구,442,436,415
예술학원,서울특별시,강남구,650,653,646
예술학원,서울특별시,송파구,474,472,472
예술학원,서울특별시,강동구,334,331,309
예술학원,전남광주통합특별시,목포시,129,127,131
예술학원,전남광주통합특별시,여수시,148,149,153
예술학원,전남광주통합특별시,순천시,188,187,193
예술학원,전남광주통합특별시,나주시,75,74,75
예술학원,전남광주통합특별시,광양시,89,89,89
예술학원,전남광주통합특별시,동구,111,113,117
예술학원,전남광주통합특별시,서구,211,212,217
예술학원,전남광주통합특별시,남구,207,206,197
예술학원,전남광주통합특별시,북구,296,296,304
예술학원,전남광주통합특별시,광산구,275,273,272
예술학원,전남광주통합특별시,담양군,10,10,8
예술학원,전남광주통합특별시,곡성군,9,9,9
예술학원,전남광주통합특별시,구례군,7,6,8
예술학원,전남광주통합특별시,고흥군,15,15,14
예술학원,전남광주통합특별시,보성군,10,10,10
예술학원,전남광주통합특별시,화순군,16,18,21
예술학원,전남광주통합특별시,장흥군,7,7,7
예술학원,전남광주통합특별시,강진군,11,11,12
예술학원,전남광주통합특별시,해남군,20,19,21
예술학원,전남광주통합특별시,영암군,12,12,14
예술학원,전남광주통합특별시,무안군,92,93,88
예술학원,전남광주통합특별시,함평군,7,7,8
예술학원,전남광주통합특별시,영광군,24,24,23
예술학원,전남광주통합특별시,장성군,12,12,11
예술학원,전남광주통합특별시,완도군,16,16,16
예술학원,전남광주통합특별시,진도군,11,11,11
예술학원,전남광주통합특별시,신안군,5,5,5
예술학원,부산광역시,중구,19,20,23
예술학원,부산광역시,서구,54,53,53
예술학원,부산광역시,동구,25,25,25
예술학원,부산광역시,영도구,29,29,32
예술학원,부산광역시,부산진구,216,214,220
예술학원,부산광역시,동래구,229,227,239
예술학원,부산광역시,남구,156,156,149
예술학원,부산광역시,북구,125,126,128
예술학원,부산광역시,해운대구,256,255,271
예술학원,부산광역시,사하구,129,131,138
예술학원,부산광역시,금정구,135,135,139
예술학원,부산광역시,강서구,151,150,152
예술학원,부산광역시,연제구,118,117,121
예술학원,부산광역시,수영구,123,124,125
예술학원,부산광역시,사상구,61,62,69
예술학원,부산광역시,기장군,129,127,128
예술학원,대구광역시,중구,148,148,144
예술학원,대구광역시,동구,176,177,186
예술학원,대구광역시,서구,61,61,68
예술학원,대구광역시,남구,71,70,66
예술학원,대구광역시,북구,248,247,258
예술학원,대구광역시,수성구,378,373,358
예술학원,대구광역시,달서구,339,339,346
예술학원,대구광역시,달성군,133,132,132
예술학원,대구광역시,군위군,4,4,4
예술학원,인천광역시,제물포구,31,31,33
예술학원,인천광역시,영종구,59,58,51
예술학원,인천광역시,미추홀구,160,162,165
예술학원,인천광역시,연수구,300,297,292
예술학원,인천광역시,남동구,277,275,274
예술학원,인천광역시,부평구,248,250,260
예술학원,인천광역시,계양구,148,147,142
예술학원,인천광역시,서해구,232,233,235
예술학원,인천광역시,검단구,197,195,186
예술학원,인천광역시,강화군,22,23,23
예술학원,인천광역시,옹진군,3,3,3
예술학원,대전광역시,동구,106,107,111
예술학원,대전광역시,중구,146,143,144
예술학원,대전광역시,서구,319,320,308
예술학원,대전광역시,유성구,272,271,270
예술학원,대전광역시,대덕구,81,81,79
예술학원,울산광역시,중구,148,151,156
예술학원,울산광역시,남구,293,290,297
예술학원,울산광역시,동구,92,92,90
예술학원,울산광역시,북구,160,161,161
예술학원,울산광역시,울주군,140,140,140
예술학원,세종특별자치시,0,399,398,392
예술학원,경기도,수원시 장안구,174,174,184
예술학원,경기도,수원시 권선구,212,214,221
예술학원,경기도,수원시 팔달구,157,155,157
예술학원,경기도,수원시 영통구,324,323,338
예술학원,경기도,성남시 수정구,157,155,158
예술학원,경기도,성남시 중원구,93,92,97
예술학원,경기도,성남시 분당구,546,545,548
예술학원,경기도,의정부시,278,280,278
예술학원,경기도,안양시 만안구,146,149,145
예술학원,경기도,안양시 동안구,244,245,251
예술학원,경기도,부천시 원미구,323,327,336
예술학원,경기도,부천시 소사구,157,157,151
예술학원,경기도,부천시 오정구,55,57,62
예술학원,경기도,광명시,210,213,208
예술학원,경기도,평택시,417,411,397
예술학원,경기도,동두천시,40,40,50
예술학원,경기도,안산시 상록구,156,157,168
예술학원,경기도,안산시 단원구,189,191,193
예술학원,경기도,고양시 덕양구,378,376,364
예술학원,경기도,고양시 일산동구,246,246,243
예술학원,경기도,고양시 일산서구,232,234,247
예술학원,경기도,과천시,51,50,46
예술학원,경기도,구리시,121,122,130
예술학원,경기도,남양주시,513,513,526
예술학원,경기도,오산시,134,135,130
예술학원,경기도,시흥시,359,360,366
예술학원,경기도,군포시,168,169,185
예술학원,경기도,의왕시,82,83,80
예술학원,경기도,하남시,280,282,286
예술학원,경기도,용인시 처인구,160,160,152
예술학원,경기도,용인시 기흥구,350,346,358
예술학원,경기도,용인시 수지구,340,345,342
예술학원,경기도,파주시,339,340,338
예술학원,경기도,이천시,132,134,141
예술학원,경기도,안성시,99,99,102
예술학원,경기도,김포시,419,419,414
예술학원,경기도,화성시,0,0,0
예술학원,경기도,화성시 만세구,115,115,117
예술학원,경기도,화성시 효행구,81,82,73
예술학원,경기도,화성시 병점구,93,92,94
예술학원,경기도,화성시 동탄구,431,434,389
예술학원,경기도,광주시,192,194,200
예술학원,경기도,양주시,156,156,148
예술학원,경기도,포천시,57,57,58
예술학원,경기도,여주시,41,42,47
예술학원,경기도,연천군,10,11,11
예술학원,경기도,가평군,31,30,32
예술학원,경기도,양평군,61,60,60
예술학원,충청북도,청주시 상당구,141,142,141
예술학원,충청북도,청주시 서원구,110,110,113
예술학원,충청북도,청주시 흥덕구,205,207,209
예술학원,충청북도,청주시 청원구,126,125,124
예술학원,충청북도,충주시,122,121,123
예술학원,충청북도,제천시,56,58,57
예술학원,충청북도,보은군,10,10,10
예술학원,충청북도,옥천군,13,13,13
예술학원,충청북도,영동군,14,14,15
예술학원,충청북도,증평군,20,20,20
예술학원,충청북도,진천군,46,46,54
예술학원,충청북도,괴산군,6,6,5
예술학원,충청북도,음성군,39,40,39
예술학원,충청북도,단양군,8,8,8
예술학원,충청남도,천안시 동남구,147,148,148
예술학원,충청남도,천안시 서북구,314,314,315
예술학원,충청남도,공주시,32,32,31
예술학원,충청남도,보령시,45,44,47
예술학원,충청남도,아산시,230,229,220
예술학원,충청남도,서산시,94,93,94
예술학원,충청남도,논산시,47,48,50
예술학원,충청남도,계룡시,28,27,27
예술학원,충청남도,당진시,87,87,98
예술학원,충청남도,금산군,15,15,14
예술학원,충청남도,부여군,16,16,17
예술학원,충청남도,서천군,25,25,26
예술학원,충청남도,청양군,5,5,5
예술학원,충청남도,홍성군,54,54,53
예술학원,충청남도,예산군,31,31,29
예술학원,충청남도,태안군,18,18,16
예술학원,경상북도,포항시 남구,124,123,128
예술학원,경상북도,포항시 북구,176,177,176
예술학원,경상북도,경주시,117,118,120
예술학원,경상북도,김천시,73,74,75
예술학원,경상북도,안동시,92,93,92
예술학원,경상북도,구미시,294,294,299
예술학원,경상북도,영주시,50,50,55
예술학원,경상북도,영천시,46,46,45
예술학원,경상북도,상주시,42,42,42
예술학원,경상북도,문경시,24,24,27
예술학원,경상북도,경산시,165,164,162
예술학원,경상북도,의성군,9,9,12
예술학원,경상북도,청송군,8,8,8
예술학원,경상북도,영덕군,12,12,12
예술학원,경상북도,청도군,11,11,11
예술학원,경상북도,고령군,3,4,5
예술학원,경상북도,성주군,6,6,6
예술학원,경상북도,칠곡군,50,51,57
예술학원,경상북도,예천군,36,37,39
예술학원,경상북도,봉화군,8,8,8
예술학원,경상북도,울진군,19,19,19
예술학원,경상북도,울릉군,0,0,0
예술학원,경상남도,창원시 의창구,143,145,142
예술학원,경상남도,창원시 성산구,245,244,250
예술학원,경상남도,창원시 마산합포구,117,117,114
예술학원,경상남도,창원시 마산회원구,110,110,119
예술학원,경상남도,창원시 진해구,124,126,133
예술학원,경상남도,진주시,336,335,346
예술학원,경상남도,통영시,83,83,86
예술학원,경상남도,사천시,79,79,80
예술학원,경상남도,김해시,374,374,379
예술학원,경상남도,밀양시,43,43,44
예술학원,경상남도,거제시,140,140,155
예술학원,경상남도,양산시,218,219,213
예술학원,경상남도,의령군,5,5,5
예술학원,경상남도,함안군,29,29,31
예술학원,경상남도,창녕군,12,12,16
예술학원,경상남도,고성군,20,20,21
예술학원,경상남도,남해군,14,14,15
예술학원,경상남도,하동군,13,13,14
예술학원,경상남도,산청군,9,8,8
예술학원,경상남도,함양군,21,21,21
예술학원,경상남도,거창군,36,38,34
예술학원,경상남도,합천군,11,11,11
예술학원,제주특별자치도,제주시,364,363,375
예술학원,제주특별자치도,서귀포시,146,146,145
예술학원,강원특별자치도,춘천시,194,191,198
예술학원,강원특별자치도,원주시,266,263,253
예술학원,강원특별자치도,강릉시,150,149,154
예술학원,강원특별자치도,동해시,48,48,50
예술학원,강원특별자치도,태백시,15,15,17
예술학원,강원특별자치도,속초시,61,61,62
예술학원,강원특별자치도,삼척시,23,23,23
예술학원,강원특별자치도,홍천군,26,26,26
예술학원,강원특별자치도,횡성군,14,14,14
예술학원,강원특별자치도,영월군,12,12,13
예술학원,강원특별자치도,평창군,11,10,10
예술학원,강원특별자치도,정선군,13,13,14
예술학원,강원특별자치도,철원군,19,19,20
예술학원,강원특별자치도,화천군,4,4,5
예술학원,강원특별자치도,양구군,11,11,11
예술학원,강원특별자치도,인제군,15,15,17
예술학원,강원특별자치도,고성군,4,4,4
예술학원,강원특별자치도,양양군,6,6,5
예술학원,전북특별자치도,전주시 완산구,312,312,314
예술학원,전북특별자치도,전주시 덕진구,289,290,298
예술학원,전북특별자치도,군산시,219,218,222
예술학원,전북특별자치도,익산시,170,172,177
예술학원,전북특별자치도,정읍시,68,68,66
예술학원,전북특별자치도,남원시,36,35,36
예술학원,전북특별자치도,김제시,41,41,41
예술학원,전북특별자치도,완주군,50,50,55
예술학원,전북특별자치도,진안군,3,3,3
예술학원,전북특별자치도,무주군,6,6,6
예술학원,전북특별자치도,장수군,5,5,5
예술학원,전북특별자치도,임실군,10,11,11
예술학원,전북특별자치도,순창군,7,7,6
예술학원,전북특별자치도,고창군,15,15,14
예술학원,전북특별자치도,부안군,19,19,17
감정평가사,서울특별시,종로구,14,14,12
감정평가사,서울특별시,중구,13,14,13
감정평가사,서울특별시,용산구,9,9,10
감정평가사,서울특별시,성동구,15,14,12
감정평가사,서울특별시,광진구,3,3,3
감정평가사,서울특별시,동대문구,0,0,0
감정평가사,서울특별시,중랑구,4,4,3
감정평가사,서울특별시,성북구,4,4,3
감정평가사,서울특별시,강북구,0,0,0
감정평가사,서울특별시,도봉구,0,0,0
감정평가사,서울특별시,노원구,9,9,10
감정평가사,서울특별시,은평구,9,10,10
감정평가사,서울특별시,서대문구,5,5,6
감정평가사,서울특별시,마포구,22,21,21
감정평가사,서울특별시,양천구,10,9,9
감정평가사,서울특별시,강서구,11,12,13
감정평가사,서울특별시,구로구,4,4,4
감정평가사,서울특별시,금천구,16,17,14
감정평가사,서울특별시,영등포구,18,16,15
감정평가사,서울특별시,동작구,6,6,6
감정평가사,서울특별시,관악구,7,7,6
감정평가사,서울특별시,서초구,64,66,58
감정평가사,서울특별시,강남구,59,58,53
감정평가사,서울특별시,송파구,45,43,41
감정평가사,서울특별시,강동구,25,25,26
감정평가사,전남광주통합특별시,목포시,0,0,0
감정평가사,전남광주통합특별시,여수시,0,0,0
감정평가사,전남광주통합특별시,순천시,4,4,4
감정평가사,전남광주통합특별시,나주시,11,11,13
감정평가사,전남광주통합특별시,동구,9,9,10
감정평가사,전남광주통합특별시,서구,13,14,12
감정평가사,전남광주통합특별시,남구,8,8,7
감정평가사,전남광주통합특별시,북구,10,10,10
감정평가사,전남광주통합특별시,광산구,3,3,3
감정평가사,전남광주통합특별시,화순군,5,5,4
감정평가사,전남광주통합특별시,무안군,0,0,0
감정평가사,부산광역시,중구,0,0,0
감정평가사,부산광역시,서구,0,0,0
감정평가사,부산광역시,동구,0,0,0
감정평가사,부산광역시,영도구,0,0,0
감정평가사,부산광역시,부산진구,19,16,13
감정평가사,부산광역시,동래구,11,11,11
감정평가사,부산광역시,남구,5,5,4
감정평가사,부산광역시,해운대구,12,12,13
감정평가사,부산광역시,금정구,5,5,4
감정평가사,부산광역시,강서구,0,0,0
감정평가사,부산광역시,연제구,10,10,9
감정평가사,부산광역시,수영구,4,4,4
감정평가사,부산광역시,사상구,3,3,3
감정평가사,부산광역시,기장군,0,0,0
감정평가사,대구광역시,중구,3,3,3
감정평가사,대구광역시,동구,10,10,9
감정평가사,대구광역시,남구,14,14,12
감정평가사,대구광역시,북구,7,7,7
감정평가사,대구광역시,수성구,43,42,41
감정평가사,대구광역시,달서구,6,6,6
감정평가사,대구광역시,달성군,0,0,0
감정평가사,인천광역시,제물포구,0,0,0
감정평가사,인천광역시,영종구,0,0,0
감정평가사,인천광역시,미추홀구,14,14,12
감정평가사,인천광역시,연수구,19,20,13
감정평가사,인천광역시,남동구,22,22,21
감정평가사,인천광역시,부평구,24,23,19
감정평가사,인천광역시,계양구,14,15,17
감정평가사,인천광역시,서해구,9,9,9
감정평가사,인천광역시,검단구,4,3,3
감정평가사,대전광역시,동구,0,0,0
감정평가사,대전광역시,중구,0,0,0
감정평가사,대전광역시,서구,12,12,12
감정평가사,대전광역시,유성구,18,18,19
감정평가사,대전광역시,대덕구,0,0,0
감정평가사,울산광역시,중구,10,10,10
감정평가사,울산광역시,남구,16,16,16
감정평가사,울산광역시,울주군,7,7,7
감정평가사,세종특별자치시,0,24,24,24
감정평가사,경기도,수원시 장안구,10,10,9
감정평가사,경기도,수원시 권선구,11,11,8
감정평가사,경기도,수원시 팔달구,11,11,13
감정평가사,경기도,수원시 영통구,21,21,20
감정평가사,경기도,성남시 수정구,21,21,19
감정평가사,경기도,성남시 중원구,10,10,9
감정평가사,경기도,성남시 분당구,51,51,49
감정평가사,경기도,의정부시,31,30,34
감정평가사,경기도,안양시 만안구,7,6,6
감정평가사,경기도,안양시 동안구,47,46,44
감정평가사,경기도,부천시 원미구,22,22,25
감정평가사,경기도,광명시,10,10,8
감정평가사,경기도,평택시,12,12,11
감정평가사,경기도,안산시 상록구,0,0,0
감정평가사,경기도,안산시 단원구,5,5,3
감정평가사,경기도,고양시 덕양구,19,19,16
감정평가사,경기도,고양시 일산동구,26,26,26
감정평가사,경기도,고양시 일산서구,11,10,12
감정평가사,경기도,과천시,5,5,5
감정평가사,경기도,구리시,8,8,6
감정평가사,경기도,남양주시,24,24,22
감정평가사,경기도,오산시,0,0,0
감정평가사,경기도,시흥시,9,9,7
감정평가사,경기도,군포시,3,3,3
감정평가사,경기도,의왕시,9,9,9
감정평가사,경기도,하남시,17,17,15
감정평가사,경기도,용인시 처인구,7,7,6
감정평가사,경기도,용인시 기흥구,11,11,13
감정평가사,경기도,용인시 수지구,19,19,15
감정평가사,경기도,파주시,7,7,5
감정평가사,경기도,이천시,0,0,0
감정평가사,경기도,안성시,0,0,0
감정평가사,경기도,김포시,7,7,6
감정평가사,경기도,화성시 만세구,0,0,0
감정평가사,경기도,화성시 효행구,3,0,0
감정평가사,경기도,화성시 병점구,3,3,0
감정평가사,경기도,화성시 동탄구,17,18,14
감정평가사,경기도,광주시,6,6,5
감정평가사,경기도,여주시,0,0,0
감정평가사,경기도,가평군,3,3,3
감정평가사,경기도,양평군,5,5,4
감정평가사,충청북도,청주시 상당구,4,4,4
감정평가사,충청북도,청주시 서원구,7,7,7
감정평가사,충청북도,청주시 흥덕구,13,13,14
감정평가사,충청북도,청주시 청원구,5,6,6
감정평가사,충청북도,충주시,0,0,0
감정평가사,충청북도,제천시,0,0,0
감정평가사,충청북도,진천군,0,0,0
감정평가사,충청북도,음성군,0,0,0
감정평가사,충청남도,천안시 동남구,11,11,9
감정평가사,충청남도,천안시 서북구,26,26,28
감정평가사,충청남도,공주시,0,0,0
감정평가사,충청남도,아산시,4,4,6
감정평가사,충청남도,서산시,0,0,0
감정평가사,충청남도,당진시,0,0,0
감정평가사,충청남도,홍성군,0,0,0
감정평가사,충청남도,예산군,3,3,0
감정평가사,경상북도,포항시 남구,3,3,3
감정평가사,경상북도,포항시 북구,4,5,5
감정평가사,경상북도,경주시,0,0,0
감정평가사,경상북도,안동시,0,0,0
감정평가사,경상북도,구미시,0,0,0
감정평가사,경상북도,영주시,0,0,0
감정평가사,경상북도,상주시,0,0,0
감정평가사,경상북도,경산시,5,5,3
감정평가사,경상북도,영덕군,0,0,0
감정평가사,경상북도,청도군,0,0,0
감정평가사,경상북도,성주군,0,0,0
감정평가사,경상북도,칠곡군,0,0,0
감정평가사,경상남도,창원시 의창구,12,13,12
감정평가사,경상남도,창원시 성산구,19,20,19
감정평가사,경상남도,창원시 마산합포구,6,6,6
감정평가사,경상남도,창원시 마산회원구,0,0,0
감정평가사,경상남도,창원시 진해구,0,0,0
감정평가사,경상남도,진주시,10,10,10
감정평가사,경상남도,통영시,3,3,3
감정평가사,경상남도,사천시,4,4,4
감정평가사,경상남도,김해시,13,12,12
감정평가사,경상남도,거제시,0,0,0
감정평가사,경상남도,양산시,9,8,7
감정평가사,경상남도,창녕군,0,0,0
감정평가사,경상남도,고성군,0,0,0
감정평가사,경상남도,함양군,0,0,0
감정평가사,경상남도,거창군,0,0,0
감정평가사,경상남도,합천군,0,0,0
감정평가사,제주특별자치도,제주시,25,25,24
감정평가사,제주특별자치도,서귀포시,0,0,0
감정평가사,강원특별자치도,춘천시,9,9,10
감정평가사,강원특별자치도,원주시,24,24,22
감정평가사,강원특별자치도,강릉시,5,5,5
감정평가사,강원특별자치도,동해시,0,0,0
감정평가사,강원특별자치도,홍천군,0,0,0
감정평가사,강원특별자치도,횡성군,0,0,0
감정평가사,강원특별자치도,양양군,0,0,0
감정평가사,전북특별자치도,전주시 완산구,21,22,22
감정평가사,전북특별자치도,전주시 덕진구,16,15,13
감정평가사,전북특별자치도,군산시,3,3,4
감정평가사,전북특별자치도,익산시,0,0,0
감정평가사,전북특별자치도,남원시,0,0,0
건축사,서울특별시,종로구,196,197,190
건축사,서울특별시,중구,120,119,114
건축사,서울특별시,용산구,113,114,105
건축사,서울특별시,성동구,203,201,195
건축사,서울특별시,광진구,115,116,111
건축사,서울특별시,동대문구,59,59,57
건축사,서울특별시,중랑구,53,53,53
건축사,서울특별시,성북구,71,66,62
건축사,서울특별시,강북구,46,46,46
건축사,서울특별시,도봉구,39,38,38
건축사,서울특별시,노원구,41,41,42
건축사,서울특별시,은평구,73,70,70
건축사,서울특별시,서대문구,68,68,65
건축사,서울특별시,마포구,241,240,226
건축사,서울특별시,양천구,37,37,36
건축사,서울특별시,강서구,138,139,140
건축사,서울특별시,구로구,58,56,60
건축사,서울특별시,금천구,88,87,84
건축사,서울특별시,영등포구,144,144,136
건축사,서울특별시,동작구,38,38,39
건축사,서울특별시,관악구,83,83,83
건축사,서울특별시,서초구,509,510,497
건축사,서울특별시,강남구,589,597,612
건축사,서울특별시,송파구,413,415,400
건축사,서울특별시,강동구,109,108,103
건축사,전남광주통합특별시,목포시,34,34,29
건축사,전남광주통합특별시,여수시,57,57,56
건축사,전남광주통합특별시,순천시,74,74,73
건축사,전남광주통합특별시,나주시,45,45,40
건축사,전남광주통합특별시,광양시,30,30,28
건축사,전남광주통합특별시,동구,37,37,38
건축사,전남광주통합특별시,서구,101,99,102
건축사,전남광주통합특별시,남구,36,36,36
건축사,전남광주통합특별시,북구,124,124,115
건축사,전남광주통합특별시,광산구,33,33,35
건축사,전남광주통합특별시,담양군,11,11,10
건축사,전남광주통합특별시,곡성군,5,5,4
건축사,전남광주통합특별시,구례군,5,5,5
건축사,전남광주통합특별시,고흥군,8,8,8
건축사,전남광주통합특별시,보성군,9,8,8
건축사,전남광주통합특별시,화순군,19,19,16
건축사,전남광주통합특별시,장흥군,11,11,10
건축사,전남광주통합특별시,강진군,8,8,9
건축사,전남광주통합특별시,해남군,13,13,12
건축사,전남광주통합특별시,영암군,9,9,6
건축사,전남광주통합특별시,무안군,18,18,15
건축사,전남광주통합특별시,함평군,6,6,5
건축사,전남광주통합특별시,영광군,7,7,7
건축사,전남광주통합특별시,장성군,11,10,10
건축사,전남광주통합특별시,완도군,6,6,6
건축사,전남광주통합특별시,진도군,10,10,7
건축사,전남광주통합특별시,신안군,6,6,8
건축사,부산광역시,중구,20,20,18
건축사,부산광역시,서구,7,7,6
건축사,부산광역시,동구,48,46,51
건축사,부산광역시,영도구,5,5,5
건축사,부산광역시,부산진구,87,89,81
건축사,부산광역시,동래구,74,73,76
건축사,부산광역시,남구,60,61,55
건축사,부산광역시,북구,31,31,30
건축사,부산광역시,해운대구,134,136,134
건축사,부산광역시,사하구,32,31,29
건축사,부산광역시,금정구,84,82,83
건축사,부산광역시,강서구,36,36,35
건축사,부산광역시,연제구,103,102,104
건축사,부산광역시,수영구,73,73,72
건축사,부산광역시,사상구,34,34,31
건축사,부산광역시,기장군,28,29,28
건축사,대구광역시,중구,74,76,77
건축사,대구광역시,동구,124,124,118
건축사,대구광역시,서구,25,25,26
건축사,대구광역시,남구,78,78,76
건축사,대구광역시,북구,67,67,66
건축사,대구광역시,수성구,238,236,243
건축사,대구광역시,달서구,102,102,105
건축사,대구광역시,달성군,26,25,24
건축사,대구광역시,군위군,7,7,7
건축사,인천광역시,제물포구,16,16,14
건축사,인천광역시,영종구,13,13,12
건축사,인천광역시,미추홀구,35,36,42
건축사,인천광역시,연수구,66,67,57
건축사,인천광역시,남동구,115,115,112
건축사,인천광역시,부평구,61,60,63
건축사,인천광역시,계양구,28,28,30
건축사,인천광역시,서해구,63,63,63
건축사,인천광역시,검단구,14,14,15
건축사,인천광역시,강화군,23,23,24
건축사,인천광역시,옹진군,0,0,0
건축사,대전광역시,동구,17,16,16
건축사,대전광역시,중구,38,37,38
건축사,대전광역시,서구,121,121,113
건축사,대전광역시,유성구,122,123,120
건축사,대전광역시,대덕구,11,11,11
건축사,울산광역시,중구,71,71,68
건축사,울산광역시,남구,122,122,129
건축사,울산광역시,동구,0,0,0
건축사,울산광역시,북구,16,16,16
건축사,울산광역시,울주군,45,44,44
건축사,세종특별자치시,0,74,74,73
건축사,경기도,수원시 장안구,21,21,21
건축사,경기도,수원시 권선구,42,43,45
건축사,경기도,수원시 팔달구,81,81,75
건축사,경기도,수원시 영통구,58,58,53
건축사,경기도,성남시 수정구,58,57,53
건축사,경기도,성남시 중원구,30,30,31
건축사,경기도,성남시 분당구,103,104,106
건축사,경기도,의정부시,57,58,58
건축사,경기도,안양시 만안구,55,55,46
건축사,경기도,안양시 동안구,121,120,119
건축사,경기도,부천시 원미구,87,88,83
건축사,경기도,부천시 소사구,9,8,7
건축사,경기도,부천시 오정구,6,6,5
건축사,경기도,광명시,41,42,35
건축사,경기도,평택시,168,166,165
건축사,경기도,동두천시,9,9,9
건축사,경기도,안산시 상록구,31,31,31
건축사,경기도,안산시 단원구,70,69,68
건축사,경기도,고양시 덕양구,120,120,106
건축사,경기도,고양시 일산동구,65,64,63
건축사,경기도,고양시 일산서구,17,17,17
건축사,경기도,과천시,47,46,45
건축사,경기도,구리시,27,27,23
건축사,경기도,남양주시,199,197,197
건축사,경기도,오산시,22,22,20
건축사,경기도,시흥시,104,104,99
건축사,경기도,군포시,29,29,26
건축사,경기도,의왕시,25,25,23
건축사,경기도,하남시,95,95,90
건축사,경기도,용인시 처인구,129,130,123
건축사,경기도,용인시 기흥구,116,116,115
건축사,경기도,용인시 수지구,47,46,40
건축사,경기도,파주시,112,112,110
건축사,경기도,이천시,57,57,57
건축사,경기도,안성시,37,37,35
건축사,경기도,김포시,95,94,88
건축사,경기도,화성시,0,0,0
건축사,경기도,화성시 만세구,90,89,89
건축사,경기도,화성시 효행구,31,30,27
건축사,경기도,화성시 병점구,70,72,74
건축사,경기도,화성시 동탄구,95,95,84
건축사,경기도,광주시,101,101,102
건축사,경기도,양주시,61,60,60
건축사,경기도,포천시,50,50,50
건축사,경기도,여주시,23,23,24
건축사,경기도,연천군,7,7,6
건축사,경기도,가평군,27,27,24
건축사,경기도,양평군,54,53,52
건축사,충청북도,청주시 상당구,55,55,55
건축사,충청북도,청주시 서원구,57,55,56
건축사,충청북도,청주시 흥덕구,66,66,60
건축사,충청북도,청주시 청원구,68,67,62
건축사,충청북도,충주시,55,55,55
건축사,충청북도,제천시,27,27,28
건축사,충청북도,보은군,4,4,3
건축사,충청북도,옥천군,7,7,7
건축사,충청북도,영동군,4,4,4
건축사,충청북도,증평군,6,6,6
건축사,충청북도,진천군,17,17,17
건축사,충청북도,괴산군,7,7,7
건축사,충청북도,음성군,25,25,25
건축사,충청북도,단양군,4,4,4
건축사,충청남도,천안시 동남구,51,51,50
건축사,충청남도,천안시 서북구,74,74,71
건축사,충청남도,공주시,39,39,38
건축사,충청남도,보령시,21,21,21
건축사,충청남도,아산시,78,79,77
건축사,충청남도,서산시,41,41,40
건축사,충청남도,논산시,26,26,22
건축사,충청남도,계룡시,13,13,13
건축사,충청남도,당진시,37,37,38
건축사,충청남도,금산군,11,11,11
건축사,충청남도,부여군,16,16,15
건축사,충청남도,서천군,11,11,10
건축사,충청남도,청양군,10,10,9
건축사,충청남도,홍성군,20,20,19
건축사,충청남도,예산군,17,17,17
건축사,충청남도,태안군,8,8,7
건축사,경상북도,포항시 남구,50,51,54
건축사,경상북도,포항시 북구,46,46,45
건축사,경상북도,경주시,59,58,54
건축사,경상북도,김천시,31,31,32
건축사,경상북도,안동시,45,45,43
건축사,경상북도,구미시,69,69,71
건축사,경상북도,영주시,19,18,17
건축사,경상북도,영천시,23,23,22
건축사,경상북도,상주시,19,19,20
건축사,경상북도,문경시,19,19,19
건축사,경상북도,경산시,71,72,72
건축사,경상북도,의성군,10,9,9
건축사,경상북도,청송군,5,5,4
건축사,경상북도,영양군,4,4,4
건축사,경상북도,영덕군,5,5,4
건축사,경상북도,청도군,9,9,8
건축사,경상북도,고령군,13,13,15
건축사,경상북도,성주군,16,16,14
건축사,경상북도,칠곡군,30,29,29
건축사,경상북도,예천군,10,10,9
건축사,경상북도,봉화군,7,7,7
건축사,경상북도,울진군,9,9,7
건축사,경상북도,울릉군,3,3,0
건축사,경상남도,창원시 의창구,48,48,48
건축사,경상남도,창원시 성산구,44,43,41
건축사,경상남도,창원시 마산합포구,22,22,21
건축사,경상남도,창원시 마산회원구,11,10,10
건축사,경상남도,창원시 진해구,13,13,12
건축사,경상남도,진주시,96,96,91
건축사,경상남도,통영시,27,27,27
건축사,경상남도,사천시,21,21,23
건축사,경상남도,김해시,128,128,129
건축사,경상남도,밀양시,37,37,36
건축사,경상남도,거제시,25,25,27
건축사,경상남도,양산시,63,63,61
건축사,경상남도,의령군,4,4,5
건축사,경상남도,함안군,15,15,15
건축사,경상남도,창녕군,9,9,9
건축사,경상남도,고성군,14,14,14
건축사,경상남도,남해군,8,8,8
건축사,경상남도,하동군,8,8,7
건축사,경상남도,산청군,12,12,12
건축사,경상남도,함양군,11,11,12
건축사,경상남도,거창군,12,12,10
건축사,경상남도,합천군,8,8,8
건축사,제주특별자치도,제주시,313,314,314
건축사,제주특별자치도,서귀포시,62,63,61
건축사,강원특별자치도,춘천시,105,106,104
건축사,강원특별자치도,원주시,102,102,99
건축사,강원특별자치도,강릉시,62,62,63
건축사,강원특별자치도,동해시,13,13,13
건축사,강원특별자치도,태백시,3,3,3
건축사,강원특별자치도,속초시,21,21,21
건축사,강원특별자치도,삼척시,11,11,12
건축사,강원특별자치도,홍천군,20,20,20
건축사,강원특별자치도,횡성군,13,12,12
건축사,강원특별자치도,영월군,8,8,7
건축사,강원특별자치도,평창군,12,12,13
건축사,강원특별자치도,정선군,9,9,9
건축사,강원특별자치도,철원군,7,7,6
건축사,강원특별자치도,화천군,4,4,3
건축사,강원특별자치도,양구군,5,5,5
건축사,강원특별자치도,인제군,8,8,8
건축사,강원특별자치도,고성군,9,9,8
건축사,강원특별자치도,양양군,6,6,5
건축사,전북특별자치도,전주시 완산구,149,149,156
건축사,전북특별자치도,전주시 덕진구,71,71,70
건축사,전북특별자치도,군산시,50,50,51
건축사,전북특별자치도,익산시,47,47,47
건축사,전북특별자치도,정읍시,22,22,21
건축사,전북특별자치도,남원시,19,19,19
건축사,전북특별자치도,김제시,10,10,10
건축사,전북특별자치도,완주군,32,32,30
건축사,전북특별자치도,진안군,6,6,4
건축사,전북특별자치도,무주군,5,5,5
건축사,전북특별자치도,장수군,6,6,6
건축사,전북특별자치도,임실군,7,7,8
건축사,전북특별자치도,순창군,5,5,5
건축사,전북특별자치도,고창군,11,11,10
건축사,전북특별자치도,부안군,7,7,10
공인노무사,서울특별시,종로구,15,14,14
공인노무사,서울특별시,중구,42,40,40
공인노무사,서울특별시,용산구,12,11,10
공인노무사,서울특별시,성동구,23,23,22
공인노무사,서울특별시,광진구,6,7,8
공인노무사,서울특별시,동대문구,8,8,6
공인노무사,서울특별시,중랑구,13,13,12
공인노무사,서울특별시,성북구,6,6,4
공인노무사,서울특별시,강북구,4,4,3
공인노무사,서울특별시,도봉구,5,5,5
공인노무사,서울특별시,노원구,11,12,7
공인노무사,서울특별시,은평구,4,3,3
공인노무사,서울특별시,서대문구,5,5,3
공인노무사,서울특별시,마포구,47,47,44
공인노무사,서울특별시,양천구,6,5,3
공인노무사,서울특별시,강서구,63,63,57
공인노무사,서울특별시,구로구,40,40,36
공인노무사,서울특별시,금천구,51,52,45
공인노무사,서울특별시,영등포구,107,106,102
공인노무사,서울특별시,동작구,7,7,0
공인노무사,서울특별시,관악구,8,7,9
공인노무사,서울특별시,서초구,105,106,100
공인노무사,서울특별시,강남구,141,142,134
공인노무사,서울특별시,송파구,74,74,65
공인노무사,서울특별시,강동구,20,19,10
공인노무사,전남광주통합특별시,목포시,6,6,6
공인노무사,전남광주통합특별시,여수시,7,7,6
공인노무사,전남광주통합특별시,순천시,9,9,7
공인노무사,전남광주통합특별시,나주시,0,0,0
공인노무사,전남광주통합특별시,광양시,3,3,3
공인노무사,전남광주통합특별시,동구,4,4,3
공인노무사,전남광주통합특별시,서구,21,20,17
공인노무사,전남광주통합특별시,남구,5,5,3
공인노무사,전남광주통합특별시,북구,22,22,17
공인노무사,전남광주통합특별시,광산구,3,4,4
공인노무사,전남광주통합특별시,화순군,0,0,0
공인노무사,전남광주통합특별시,영암군,0,0,0
공인노무사,부산광역시,중구,3,3,0
공인노무사,부산광역시,서구,3,3,0
공인노무사,부산광역시,동구,8,8,7
공인노무사,부산광역시,부산진구,8,8,6
공인노무사,부산광역시,동래구,10,10,7
공인노무사,부산광역시,남구,3,3,3
공인노무사,부산광역시,북구,8,7,7
공인노무사,부산광역시,해운대구,6,6,4
공인노무사,부산광역시,사하구,5,5,5
공인노무사,부산광역시,금정구,18,17,21
공인노무사,부산광역시,강서구,9,9,10
공인노무사,부산광역시,연제구,20,19,16
공인노무사,부산광역시,수영구,3,3,3
공인노무사,부산광역시,사상구,10,10,10
공인노무사,대구광역시,중구,9,8,5
공인노무사,대구광역시,동구,6,6,5
공인노무사,대구광역시,서구,3,3,3
공인노무사,대구광역시,남구,0,0,0
공인노무사,대구광역시,북구,3,3,4
공인노무사,대구광역시,수성구,33,33,26
공인노무사,대구광역시,달서구,16,16,17
공인노무사,대구광역시,달성군,0,0,0
공인노무사,인천광역시,제물포구,0,0,0
공인노무사,인천광역시,영종구,0,0,0
공인노무사,인천광역시,미추홀구,15,14,13
공인노무사,인천광역시,연수구,10,11,11
공인노무사,인천광역시,남동구,20,19,14
공인노무사,인천광역시,부평구,18,18,16
공인노무사,인천광역시,계양구,16,16,15
공인노무사,인천광역시,서해구,8,8,7
공인노무사,인천광역시,검단구,8,8,7
공인노무사,대전광역시,동구,3,3,3
공인노무사,대전광역시,중구,0,0,0
공인노무사,대전광역시,서구,27,27,22
공인노무사,대전광역시,유성구,10,10,11
공인노무사,대전광역시,대덕구,0,0,0
공인노무사,울산광역시,중구,3,3,0
공인노무사,울산광역시,남구,24,24,25
공인노무사,울산광역시,동구,7,7,7
공인노무사,울산광역시,북구,0,0,0
공인노무사,울산광역시,울주군,0,0,0
공인노무사,세종특별자치시,0,14,14,12
공인노무사,경기도,수원시 장안구,13,13,14
공인노무사,경기도,수원시 권선구,0,0,0
공인노무사,경기도,수원시 팔달구,15,15,8
공인노무사,경기도,수원시 영통구,19,20,17
공인노무사,경기도,성남시 수정구,8,9,7
공인노무사,경기도,성남시 중원구,9,9,6
공인노무사,경기도,성남시 분당구,29,29,30
공인노무사,경기도,의정부시,18,18,18
공인노무사,경기도,안양시 만안구,10,10,9
공인노무사,경기도,안양시 동안구,19,19,16
공인노무사,경기도,부천시 원미구,32,32,25
공인노무사,경기도,부천시 소사구,0,0,0
공인노무사,경기도,부천시 오정구,0,0,0
공인노무사,경기도,광명시,11,11,10
공인노무사,경기도,평택시,24,24,22
공인노무사,경기도,안산시 상록구,6,6,7
공인노무사,경기도,안산시 단원구,23,22,20
공인노무사,경기도,고양시 덕양구,14,15,19
공인노무사,경기도,고양시 일산동구,14,14,11
공인노무사,경기도,고양시 일산서구,0,0,0
공인노무사,경기도,과천시,3,3,0
공인노무사,경기도,구리시,5,5,8
공인노무사,경기도,남양주시,10,9,7
공인노무사,경기도,오산시,7,7,6
공인노무사,경기도,시흥시,6,6,6
공인노무사,경기도,군포시,3,3,5
공인노무사,경기도,의왕시,0,0,0
공인노무사,경기도,하남시,11,11,11
공인노무사,경기도,용인시 처인구,0,0,0
공인노무사,경기도,용인시 기흥구,7,7,7
공인노무사,경기도,용인시 수지구,6,6,3
공인노무사,경기도,파주시,6,6,6
공인노무사,경기도,이천시,0,0,0
공인노무사,경기도,안성시,0,0,0
공인노무사,경기도,김포시,13,13,9
공인노무사,경기도,화성시 만세구,3,3,3
공인노무사,경기도,화성시 효행구,0,0,0
공인노무사,경기도,화성시 병점구,0,0,0
공인노무사,경기도,화성시 동탄구,24,24,21
공인노무사,경기도,광주시,4,5,4
공인노무사,경기도,양주시,4,4,3
공인노무사,경기도,포천시,4,4,3
공인노무사,경기도,여주시,0,0,0
공인노무사,경기도,양평군,0,0,0
공인노무사,충청북도,청주시 상당구,3,0,3
공인노무사,충청북도,청주시 서원구,10,9,9
공인노무사,충청북도,청주시 흥덕구,8,9,6
공인노무사,충청북도,청주시 청원구,0,0,0
공인노무사,충청북도,충주시,5,5,5
공인노무사,충청북도,음성군,0,0,0
공인노무사,충청남도,천안시 동남구,9,9,8
공인노무사,충청남도,천안시 서북구,20,20,18
공인노무사,충청남도,보령시,3,3,3
공인노무사,충청남도,아산시,4,4,3
공인노무사,충청남도,서산시,0,0,0
공인노무사,충청남도,당진시,0,0,0
공인노무사,충청남도,홍성군,0,0,0
공인노무사,경상북도,포항시 남구,9,9,9
공인노무사,경상북도,포항시 북구,0,0,0
공인노무사,경상북도,경주시,4,4,5
공인노무사,경상북도,김천시,0,0,0
공인노무사,경상북도,안동시,0,0,0
공인노무사,경상북도,구미시,8,8,9
공인노무사,경상북도,상주시,0,0,0
공인노무사,경상북도,문경시,3,3,3
공인노무사,경상북도,경산시,0,0,0
공인노무사,경상북도,칠곡군,0,0,0
공인노무사,경상남도,창원시 의창구,5,5,6
공인노무사,경상남도,창원시 성산구,25,25,23
공인노무사,경상남도,창원시 마산합포구,0,0,0
공인노무사,경상남도,창원시 마산회원구,0,0,0
공인노무사,경상남도,진주시,8,7,5
공인노무사,경상남도,통영시,0,0,0
공인노무사,경상남도,사천시,0,0,0
공인노무사,경상남도,김해시,5,5,5
공인노무사,경상남도,밀양시,0,0,0
공인노무사,경상남도,거제시,4,4,4
공인노무사,경상남도,양산시,12,13,11
공인노무사,제주특별자치도,제주시,14,14,12
공인노무사,강원특별자치도,춘천시,7,7,6
공인노무사,강원특별자치도,원주시,8,7,6
공인노무사,강원특별자치도,강릉시,8,8,8
공인노무사,강원특별자치도,동해시,6,6,6
공인노무사,강원특별자치도,태백시,0,0,0
공인노무사,강원특별자치도,삼척시,4,4,4
공인노무사,강원특별자치도,횡성군,0,0,0
공인노무사,강원특별자치도,정선군,0,0,0
공인노무사,전북특별자치도,전주시 완산구,8,8,7
공인노무사,전북특별자치도,전주시 덕진구,23,23,19
공인노무사,전북특별자치도,군산시,4,4,4
공인노무사,전북특별자치도,익산시,5,5,6
공인회계사,서울특별시,종로구,30,29,27
공인회계사,서울특별시,중구,26,25,24
공인회계사,서울특별시,용산구,18,17,15
공인회계사,서울특별시,성동구,18,19,18
공인회계사,서울특별시,광진구,9,10,8
공인회계사,서울특별시,동대문구,21,20,15
공인회계사,서울특별시,중랑구,11,11,13
공인회계사,서울특별시,성북구,7,7,5
공인회계사,서울특별시,강북구,4,4,4
공인회계사,서울특별시,도봉구,7,7,6
공인회계사,서울특별시,노원구,7,6,6
공인회계사,서울특별시,은평구,5,5,4
공인회계사,서울특별시,서대문구,5,5,5
공인회계사,서울특별시,마포구,35,35,30
공인회계사,서울특별시,양천구,15,14,16
공인회계사,서울특별시,강서구,38,38,40
공인회계사,서울특별시,구로구,42,42,44
공인회계사,서울특별시,금천구,52,51,49
공인회계사,서울특별시,영등포구,121,120,117
공인회계사,서울특별시,동작구,13,13,13
공인회계사,서울특별시,관악구,13,13,15
공인회계사,서울특별시,서초구,145,146,140
공인회계사,서울특별시,강남구,283,278,272
공인회계사,서울특별시,송파구,75,75,72
공인회계사,서울특별시,강동구,15,14,11
공인회계사,전남광주통합특별시,목포시,6,6,6
공인회계사,전남광주통합특별시,여수시,6,6,6
공인회계사,전남광주통합특별시,순천시,7,7,7
공인회계사,전남광주통합특별시,나주시,0,0,0
공인회계사,전남광주통합특별시,광양시,0,0,0
공인회계사,전남광주통합특별시,동구,0,0,0
공인회계사,전남광주통합특별시,서구,25,25,21
공인회계사,전남광주통합특별시,남구,0,0,0
공인회계사,전남광주통합특별시,북구,13,13,11
공인회계사,전남광주통합특별시,광산구,4,4,4
공인회계사,전남광주통합특별시,무안군,0,0,0
공인회계사,부산광역시,중구,4,4,5
공인회계사,부산광역시,서구,0,0,0
공인회계사,부산광역시,동구,27,28,25
공인회계사,부산광역시,부산진구,35,35,35
공인회계사,부산광역시,동래구,3,3,0
공인회계사,부산광역시,남구,4,4,3
공인회계사,부산광역시,북구,0,0,0
공인회계사,부산광역시,해운대구,30,31,31
공인회계사,부산광역시,사하구,0,0,0
공인회계사,부산광역시,금정구,13,13,11
공인회계사,부산광역시,강서구,4,4,4
공인회계사,부산광역시,연제구,11,11,9
공인회계사,부산광역시,수영구,6,6,5
공인회계사,부산광역시,사상구,16,16,17
공인회계사,대구광역시,중구,11,12,12
공인회계사,대구광역시,동구,16,16,15
공인회계사,대구광역시,서구,3,3,3
공인회계사,대구광역시,남구,25,25,25
공인회계사,대구광역시,북구,6,6,6
공인회계사,대구광역시,수성구,18,17,19
공인회계사,대구광역시,달서구,12,12,13
공인회계사,인천광역시,제물포구,3,3,3
공인회계사,인천광역시,영종구,0,0,0
공인회계사,인천광역시,미추홀구,4,4,4
공인회계사,인천광역시,연수구,17,17,15
공인회계사,인천광역시,남동구,16,16,17
공인회계사,인천광역시,부평구,5,5,5
공인회계사,인천광역시,계양구,10,11,9
공인회계사,인천광역시,서해구,11,11,11
공인회계사,인천광역시,검단구,4,4,4
공인회계사,인천광역시,강화군,0,0,0
공인회계사,대전광역시,동구,0,0,0
공인회계사,대전광역시,중구,5,5,5
공인회계사,대전광역시,서구,14,14,14
공인회계사,대전광역시,유성구,10,10,9
공인회계사,대전광역시,대덕구,4,4,4
공인회계사,울산광역시,중구,0,0,0
공인회계사,울산광역시,남구,24,23,25
공인회계사,울산광역시,북구,4,4,4
공인회계사,울산광역시,울주군,0,0,0
공인회계사,세종특별자치시,0,12,12,12
공인회계사,경기도,수원시 장안구,0,0,0
공인회계사,경기도,수원시 권선구,4,4,4
공인회계사,경기도,수원시 팔달구,15,15,15
공인회계사,경기도,수원시 영통구,13,13,13
공인회계사,경기도,성남시 수정구,7,7,8
공인회계사,경기도,성남시 중원구,6,6,5
공인회계사,경기도,성남시 분당구,23,23,17
공인회계사,경기도,의정부시,6,6,6
공인회계사,경기도,안양시 만안구,0,0,0
공인회계사,경기도,안양시 동안구,26,26,25
공인회계사,경기도,부천시 원미구,25,25,25
공인회계사,경기도,부천시 소사구,3,3,3
공인회계사,경기도,부천시 오정구,0,0,0
공인회계사,경기도,광명시,10,10,9
공인회계사,경기도,평택시,22,22,19
공인회계사,경기도,동두천시,0,0,0
공인회계사,경기도,안산시 단원구,22,22,20
공인회계사,경기도,고양시 덕양구,14,15,12
공인회계사,경기도,고양시 일산동구,27,27,29
공인회계사,경기도,고양시 일산서구,8,8,10
공인회계사,경기도,과천시,5,5,5
공인회계사,경기도,구리시,5,5,5
공인회계사,경기도,남양주시,7,7,8
공인회계사,경기도,오산시,0,0,0
공인회계사,경기도,시흥시,21,21,20
공인회계사,경기도,군포시,5,5,5
공인회계사,경기도,하남시,12,12,11
공인회계사,경기도,용인시 처인구,0,0,0
공인회계사,경기도,용인시 기흥구,10,10,7
공인회계사,경기도,용인시 수지구,8,8,6
공인회계사,경기도,파주시,9,9,9
공인회계사,경기도,이천시,5,5,4
공인회계사,경기도,안성시,4,4,4
공인회계사,경기도,김포시,11,11,11
공인회계사,경기도,화성시 만세구,7,7,7
공인회계사,경기도,화성시 효행구,0,0,0
공인회계사,경기도,화성시 병점구,0,0,0
공인회계사,경기도,화성시 동탄구,11,11,11
공인회계사,경기도,광주시,4,4,4
공인회계사,경기도,양주시,0,0,0
공인회계사,경기도,포천시,0,0,0
공인회계사,경기도,여주시,0,0,0
공인회계사,경기도,양평군,0,0,0
공인회계사,충청북도,청주시 상당구,0,0,0
공인회계사,충청북도,청주시 서원구,4,4,4
공인회계사,충청북도,청주시 흥덕구,17,17,18
공인회계사,충청북도,청주시 청원구,4,4,3
공인회계사,충청북도,충주시,3,3,4
공인회계사,충청북도,제천시,4,4,5
공인회계사,충청북도,영동군,0,0,0
공인회계사,충청북도,음성군,0,0,0
공인회계사,충청남도,천안시 동남구,11,12,10
공인회계사,충청남도,천안시 서북구,12,11,12
공인회계사,충청남도,공주시,3,3,3
공인회계사,충청남도,보령시,3,3,3
공인회계사,충청남도,아산시,8,8,5
공인회계사,충청남도,서산시,6,6,6
공인회계사,충청남도,당진시,0,0,0
공인회계사,충청남도,부여군,0,0,0
공인회계사,충청남도,서천군,0,0,0
공인회계사,충청남도,홍성군,0,0,0
공인회계사,충청남도,예산군,0,0,0
공인회계사,경상북도,포항시 남구,0,0,0
공인회계사,경상북도,포항시 북구,6,6,6
공인회계사,경상북도,경주시,0,0,0
공인회계사,경상북도,김천시,0,0,0
공인회계사,경상북도,안동시,0,0,0
공인회계사,경상북도,구미시,10,10,10
공인회계사,경상북도,문경시,0,0,0
공인회계사,경상북도,경산시,5,5,5
공인회계사,경상북도,의성군,0,0,0
공인회계사,경상남도,창원시 의창구,4,4,3
공인회계사,경상남도,창원시 성산구,22,22,23
공인회계사,경상남도,창원시 마산합포구,3,3,0
공인회계사,경상남도,창원시 마산회원구,3,3,3
공인회계사,경상남도,창원시 진해구,0,0,0
공인회계사,경상남도,진주시,15,15,15
공인회계사,경상남도,통영시,0,0,0
공인회계사,경상남도,김해시,20,20,18
공인회계사,경상남도,거제시,7,7,6
공인회계사,경상남도,양산시,4,4,4
공인회계사,경상남도,하동군,0,0,0
공인회계사,경상남도,합천군,0,0,0
공인회계사,제주특별자치도,제주시,29,29,30
공인회계사,제주특별자치도,서귀포시,7,7,6
공인회계사,강원특별자치도,춘천시,4,4,4
공인회계사,강원특별자치도,원주시,3,3,3
공인회계사,강원특별자치도,강릉시,4,4,4
공인회계사,강원특별자치도,삼척시,0,0,0
공인회계사,강원특별자치도,철원군,0,0,0
공인회계사,전북특별자치도,전주시 완산구,14,14,12
공인회계사,전북특별자치도,전주시 덕진구,7,7,7
공인회계사,전북특별자치도,군산시,4,4,4
공인회계사,전북특별자치도,익산시,6,6,6
공인회계사,전북특별자치도,정읍시,0,0,0
공인회계사,전북특별자치도,남원시,0,0,0
공인회계사,전북특별자치도,김제시,0,0,0
기술사,서울특별시,종로구,4,4,4
기술사,서울특별시,중구,8,7,6
기술사,서울특별시,용산구,11,11,8
기술사,서울특별시,성동구,29,28,30
기술사,서울특별시,광진구,14,14,17
기술사,서울특별시,동대문구,13,13,14
기술사,서울특별시,중랑구,19,19,15
기술사,서울특별시,성북구,4,4,4
기술사,서울특별시,강북구,6,6,6
기술사,서울특별시,도봉구,0,0,0
기술사,서울특별시,노원구,11,10,8
기술사,서울특별시,은평구,6,6,6
기술사,서울특별시,서대문구,6,6,5
기술사,서울특별시,마포구,15,15,11
기술사,서울특별시,양천구,8,8,9
기술사,서울특별시,강서구,25,25,23
기술사,서울특별시,구로구,23,23,19
기술사,서울특별시,금천구,35,35,35
기술사,서울특별시,영등포구,18,18,22
기술사,서울특별시,동작구,4,4,3
기술사,서울특별시,관악구,5,5,4
기술사,서울특별시,서초구,44,44,46
기술사,서울특별시,강남구,48,50,52
기술사,서울특별시,송파구,57,56,53
기술사,서울특별시,강동구,18,18,14
기술사,전남광주통합특별시,목포시,3,3,3
기술사,전남광주통합특별시,여수시,5,5,5
기술사,전남광주통합특별시,순천시,4,4,4
기술사,전남광주통합특별시,나주시,14,15,15
기술사,전남광주통합특별시,광양시,0,0,0
기술사,전남광주통합특별시,동구,4,4,4
기술사,전남광주통합특별시,서구,9,9,8
기술사,전남광주통합특별시,남구,4,4,5
기술사,전남광주통합특별시,북구,25,25,22
기술사,전남광주통합특별시,광산구,10,10,7
기술사,전남광주통합특별시,담양군,5,5,6
기술사,전남광주통합특별시,곡성군,3,3,3
기술사,전남광주통합특별시,구례군,0,0,0
기술사,전남광주통합특별시,화순군,9,8,6
기술사,전남광주통합특별시,장흥군,0,0,0
기술사,전남광주통합특별시,강진군,0,0,0
기술사,전남광주통합특별시,해남군,0,0,0
기술사,전남광주통합특별시,영광군,0,0,0
기술사,전남광주통합특별시,장성군,5,5,5
기술사,전남광주통합특별시,진도군,0,0,0
기술사,부산광역시,서구,3,3,0
기술사,부산광역시,동구,0,0,0
기술사,부산광역시,영도구,0,0,0
기술사,부산광역시,부산진구,7,8,7
기술사,부산광역시,동래구,17,17,19
기술사,부산광역시,남구,5,5,5
기술사,부산광역시,북구,7,7,6
기술사,부산광역시,해운대구,21,21,20
기술사,부산광역시,사하구,5,5,5
기술사,부산광역시,금정구,6,6,5
기술사,부산광역시,강서구,11,10,8
기술사,부산광역시,연제구,8,8,7
기술사,부산광역시,수영구,7,7,8
기술사,부산광역시,사상구,7,7,5
기술사,부산광역시,기장군,4,4,5
기술사,대구광역시,중구,3,3,3
기술사,대구광역시,동구,13,13,11
기술사,대구광역시,서구,0,0,0
기술사,대구광역시,남구,3,3,0
기술사,대구광역시,북구,7,7,8
기술사,대구광역시,수성구,10,10,11
기술사,대구광역시,달서구,10,11,9
기술사,대구광역시,달성군,0,0,0
기술사,대구광역시,군위군,0,0,0
기술사,인천광역시,제물포구,0,0,0
기술사,인천광역시,미추홀구,0,0,0
기술사,인천광역시,연수구,15,14,14
기술사,인천광역시,남동구,12,12,11
기술사,인천광역시,부평구,9,9,8
기술사,인천광역시,계양구,3,3,3
기술사,인천광역시,서해구,9,9,8
기술사,인천광역시,검단구,4,4,0
기술사,인천광역시,강화군,3,3,3
기술사,인천광역시,옹진군,0,0,0
기술사,대전광역시,동구,3,3,3
기술사,대전광역시,중구,3,3,3
기술사,대전광역시,서구,12,11,8
기술사,대전광역시,유성구,17,16,14
기술사,대전광역시,대덕구,0,0,0
기술사,울산광역시,중구,0,0,0
기술사,울산광역시,남구,8,8,8
기술사,울산광역시,동구,0,0,0
기술사,울산광역시,북구,0,0,0
기술사,울산광역시,울주군,7,6,5
기술사,세종특별자치시,0,13,14,11
기술사,경기도,수원시 장안구,7,7,7
기술사,경기도,수원시 권선구,14,14,16
기술사,경기도,수원시 팔달구,10,10,10
기술사,경기도,수원시 영통구,17,17,15
기술사,경기도,성남시 수정구,13,13,12
기술사,경기도,성남시 중원구,4,4,4
기술사,경기도,성남시 분당구,21,21,24
기술사,경기도,의정부시,5,5,7
기술사,경기도,안양시 만안구,3,3,3
기술사,경기도,안양시 동안구,36,36,33
기술사,경기도,부천시 원미구,18,17,15
기술사,경기도,부천시 소사구,0,0,0
기술사,경기도,부천시 오정구,3,3,3
기술사,경기도,광명시,16,16,15
기술사,경기도,평택시,13,15,13
기술사,경기도,안산시 상록구,9,9,10
기술사,경기도,안산시 단원구,6,6,7
기술사,경기도,고양시 덕양구,12,12,13
기술사,경기도,고양시 일산동구,10,9,7
기술사,경기도,고양시 일산서구,11,11,10
기술사,경기도,과천시,8,8,9
기술사,경기도,구리시,5,5,3
기술사,경기도,남양주시,27,27,27
기술사,경기도,오산시,6,6,5
기술사,경기도,시흥시,13,12,9
기술사,경기도,군포시,3,3,0
기술사,경기도,의왕시,3,3,3
기술사,경기도,하남시,38,38,37
기술사,경기도,용인시 처인구,13,12,13
기술사,경기도,용인시 기흥구,26,26,25
기술사,경기도,용인시 수지구,14,14,14
기술사,경기도,파주시,10,10,10
기술사,경기도,이천시,0,0,0
기술사,경기도,안성시,4,4,4
기술사,경기도,김포시,13,13,10
기술사,경기도,화성시,0,0,0
기술사,경기도,화성시 만세구,3,3,4
기술사,경기도,화성시 효행구,3,3,4
기술사,경기도,화성시 병점구,3,3,0
기술사,경기도,화성시 동탄구,30,30,22
기술사,경기도,광주시,6,6,5
기술사,경기도,양주시,0,0,0
기술사,경기도,포천시,3,3,3
기술사,경기도,여주시,4,4,4
기술사,경기도,가평군,0,0,0
기술사,경기도,양평군,5,5,6
기술사,충청북도,청주시 상당구,6,7,4
기술사,충청북도,청주시 서원구,7,7,7
기술사,충청북도,청주시 흥덕구,7,7,4
기술사,충청북도,청주시 청원구,6,6,6
기술사,충청북도,충주시,3,3,3
기술사,충청북도,제천시,4,4,4
기술사,충청북도,보은군,0,0,0
기술사,충청북도,옥천군,0,0,0
기술사,충청북도,영동군,0,0,0
기술사,충청북도,괴산군,0,0,0
기술사,충청북도,음성군,0,0,0
기술사,충청북도,단양군,0,0,0
기술사,충청남도,천안시 동남구,10,10,10
기술사,충청남도,천안시 서북구,9,9,9
기술사,충청남도,공주시,4,4,4
기술사,충청남도,보령시,3,3,3
기술사,충청남도,아산시,0,0,0
기술사,충청남도,서산시,0,0,0
기술사,충청남도,논산시,0,0,0
기술사,충청남도,당진시,6,6,6
기술사,충청남도,금산군,0,0,0
기술사,충청남도,청양군,0,0,0
기술사,충청남도,홍성군,0,0,0
기술사,충청남도,예산군,3,3,3
기술사,충청남도,태안군,0,0,0
기술사,경상북도,포항시 남구,6,6,7
기술사,경상북도,포항시 북구,4,4,4
기술사,경상북도,경주시,5,5,3
기술사,경상북도,김천시,4,4,3
기술사,경상북도,안동시,11,11,10
기술사,경상북도,구미시,8,8,7
기술사,경상북도,영주시,0,0,0
기술사,경상북도,영천시,3,3,4
기술사,경상북도,상주시,0,0,0
기술사,경상북도,문경시,0,0,0
기술사,경상북도,경산시,8,8,9
기술사,경상북도,의성군,0,0,0
기술사,경상북도,청송군,0,0,0
기술사,경상북도,영양군,0,0,0
기술사,경상북도,영덕군,0,0,0
기술사,경상북도,청도군,0,0,0
기술사,경상북도,고령군,0,0,0
기술사,경상북도,성주군,0,0,0
기술사,경상북도,칠곡군,0,0,0
기술사,경상북도,예천군,0,0,0
기술사,경상북도,봉화군,0,0,0
기술사,경상북도,울진군,0,0,0
기술사,경상남도,창원시 의창구,14,14,11
기술사,경상남도,창원시 성산구,14,13,14
기술사,경상남도,창원시 마산회원구,3,3,4
기술사,경상남도,창원시 진해구,0,0,0
기술사,경상남도,진주시,20,20,20
기술사,경상남도,통영시,6,6,6
기술사,경상남도,사천시,4,4,4
기술사,경상남도,김해시,19,19,16
기술사,경상남도,밀양시,3,3,3
기술사,경상남도,거제시,5,5,7
기술사,경상남도,양산시,5,5,5
기술사,경상남도,의령군,0,0,0
기술사,경상남도,함안군,0,0,0
기술사,경상남도,고성군,0,0,0
기술사,경상남도,남해군,0,0,0
기술사,경상남도,하동군,0,0,0
기술사,경상남도,산청군,0,0,0
기술사,경상남도,함양군,3,3,3
기술사,경상남도,거창군,0,0,0
기술사,경상남도,합천군,4,4,4
기술사,제주특별자치도,제주시,24,21,19
기술사,제주특별자치도,서귀포시,3,4,4
기술사,강원특별자치도,춘천시,11,11,11
기술사,강원특별자치도,원주시,16,16,15
기술사,강원특별자치도,강릉시,7,7,7
기술사,강원특별자치도,동해시,3,3,0
기술사,강원특별자치도,태백시,0,0,0
기술사,강원특별자치도,삼척시,3,3,3
기술사,강원특별자치도,홍천군,0,0,0
기술사,강원특별자치도,횡성군,3,3,5
기술사,강원특별자치도,평창군,0,0,0
기술사,강원특별자치도,정선군,3,3,3
기술사,강원특별자치도,화천군,0,0,0
기술사,강원특별자치도,양구군,0,0,0
기술사,전북특별자치도,전주시 완산구,11,11,12
기술사,전북특별자치도,전주시 덕진구,7,7,8
기술사,전북특별자치도,군산시,3,3,3
기술사,전북특별자치도,익산시,9,9,7
기술사,전북특별자치도,정읍시,3,3,3
기술사,전북특별자치도,남원시,4,4,4
기술사,전북특별자치도,김제시,0,0,0
기술사,전북특별자치도,완주군,6,6,6
기술사,전북특별자치도,진안군,0,0,0
기술사,전북특별자치도,임실군,0,0,0
기술사,전북특별자치도,고창군,0,0,0
기술사,전북특별자치도,부안군,0,0,0
법무사,서울특별시,종로구,35,34,35
법무사,서울특별시,중구,232,229,231
법무사,서울특별시,용산구,9,10,11
법무사,서울특별시,성동구,31,33,39
법무사,서울특별시,광진구,47,48,46
법무사,서울특별시,동대문구,17,17,17
법무사,서울특별시,중랑구,16,16,15
법무사,서울특별시,성북구,17,17,17
법무사,서울특별시,강북구,17,17,19
법무사,서울특별시,도봉구,70,69,70
법무사,서울특별시,노원구,43,43,42
법무사,서울특별시,은평구,28,29,29
법무사,서울특별시,서대문구,11,11,11
법무사,서울특별시,마포구,67,65,65
법무사,서울특별시,양천구,108,108,110
법무사,서울특별시,강서구,54,53,54
법무사,서울특별시,구로구,58,58,56
법무사,서울특별시,금천구,54,54,48
법무사,서울특별시,영등포구,73,72,71
법무사,서울특별시,동작구,40,38,42
법무사,서울특별시,관악구,67,66,53
법무사,서울특별시,서초구,771,765,744
법무사,서울특별시,강남구,222,223,212
법무사,서울특별시,송파구,138,135,129
법무사,서울특별시,강동구,42,42,41
법무사,전남광주통합특별시,목포시,41,41,40
법무사,전남광주통합특별시,여수시,22,22,22
법무사,전남광주통합특별시,순천시,44,44,45
법무사,전남광주통합특별시,나주시,14,14,13
법무사,전남광주통합특별시,광양시,18,18,18
법무사,전남광주통합특별시,동구,130,130,129
법무사,전남광주통합특별시,서구,84,84,78
법무사,전남광주통합특별시,남구,5,5,3
법무사,전남광주통합특별시,북구,13,13,14
법무사,전남광주통합특별시,광산구,14,14,13
법무사,전남광주통합특별시,담양군,9,9,8
법무사,전남광주통합특별시,곡성군,3,3,3
법무사,전남광주통합특별시,구례군,4,4,4
법무사,전남광주통합특별시,고흥군,6,6,6
법무사,전남광주통합특별시,보성군,7,7,7
법무사,전남광주통합특별시,화순군,8,8,8
법무사,전남광주통합특별시,장흥군,10,10,11
법무사,전남광주통합특별시,강진군,5,5,5
법무사,전남광주통합특별시,해남군,15,15,13
법무사,전남광주통합특별시,영암군,9,9,9
법무사,전남광주통합특별시,무안군,7,7,6
법무사,전남광주통합특별시,함평군,6,6,7
법무사,전남광주통합특별시,영광군,8,8,9
법무사,전남광주통합특별시,장성군,5,5,6
법무사,전남광주통합특별시,완도군,7,7,8
법무사,전남광주통합특별시,진도군,5,5,5
법무사,부산광역시,중구,5,5,5
법무사,부산광역시,서구,11,11,10
법무사,부산광역시,동구,5,5,5
법무사,부산광역시,영도구,0,0,0
법무사,부산광역시,부산진구,27,26,25
법무사,부산광역시,동래구,12,12,13
법무사,부산광역시,남구,9,9,10
법무사,부산광역시,북구,9,9,10
법무사,부산광역시,해운대구,27,25,27
법무사,부산광역시,사하구,14,14,14
법무사,부산광역시,금정구,14,13,14
법무사,부산광역시,강서구,18,18,16
법무사,부산광역시,연제구,346,345,337
법무사,부산광역시,수영구,9,9,8
법무사,부산광역시,사상구,7,7,8
법무사,부산광역시,기장군,9,9,9
법무사,대구광역시,중구,8,8,7
법무사,대구광역시,동구,31,31,27
법무사,대구광역시,서구,12,12,12
법무사,대구광역시,남구,5,5,7
법무사,대구광역시,북구,12,12,12
법무사,대구광역시,수성구,218,217,212
법무사,대구광역시,달서구,57,57,54
법무사,대구광역시,달성군,12,11,10
법무사,대구광역시,군위군,6,6,7
법무사,인천광역시,제물포구,5,5,5
법무사,인천광역시,영종구,5,5,4
법무사,인천광역시,미추홀구,162,161,163
법무사,인천광역시,연수구,18,18,11
법무사,인천광역시,남동구,44,44,44
법무사,인천광역시,부평구,35,34,31
법무사,인천광역시,계양구,22,22,21
법무사,인천광역시,서해구,36,37,34
법무사,인천광역시,검단구,13,13,10
법무사,인천광역시,강화군,9,9,9
법무사,대전광역시,동구,3,3,3
법무사,대전광역시,중구,16,16,14
법무사,대전광역시,서구,156,156,159
법무사,대전광역시,유성구,14,13,14
법무사,대전광역시,대덕구,7,7,5
법무사,울산광역시,중구,4,4,4
법무사,울산광역시,남구,117,117,114
법무사,울산광역시,동구,0,0,0
법무사,울산광역시,북구,4,4,3
법무사,울산광역시,울주군,9,9,9
법무사,세종특별자치시,0,32,32,33
법무사,경기도,수원시 장안구,12,12,11
법무사,경기도,수원시 권선구,23,21,20
법무사,경기도,수원시 팔달구,16,16,15
법무사,경기도,수원시 영통구,151,151,147
법무사,경기도,성남시 수정구,28,27,25
법무사,경기도,성남시 중원구,29,29,29
법무사,경기도,성남시 분당구,52,54,56
법무사,경기도,의정부시,70,69,67
법무사,경기도,안양시 만안구,13,13,12
법무사,경기도,안양시 동안구,86,86,76
법무사,경기도,부천시 원미구,102,102,101
법무사,경기도,부천시 소사구,13,13,12
법무사,경기도,부천시 오정구,3,3,3
법무사,경기도,광명시,20,20,21
법무사,경기도,평택시,79,79,78
법무사,경기도,동두천시,5,5,5
법무사,경기도,안산시 상록구,6,6,6
법무사,경기도,안산시 단원구,91,92,87
법무사,경기도,고양시 덕양구,27,27,27
법무사,경기도,고양시 일산동구,73,73,69
법무사,경기도,고양시 일산서구,17,17,15
법무사,경기도,과천시,7,7,7
법무사,경기도,구리시,15,16,16
법무사,경기도,남양주시,70,70,69
법무사,경기도,오산시,14,14,13
법무사,경기도,시흥시,38,39,37
법무사,경기도,군포시,15,15,17
법무사,경기도,의왕시,4,4,4
법무사,경기도,하남시,18,17,15
법무사,경기도,용인시 처인구,39,39,34
법무사,경기도,용인시 기흥구,30,30,30
법무사,경기도,용인시 수지구,19,18,16
법무사,경기도,파주시,34,34,32
법무사,경기도,이천시,30,30,30
법무사,경기도,안성시,12,12,11
법무사,경기도,김포시,29,29,31
법무사,경기도,화성시,0,0,0
법무사,경기도,화성시 만세구,19,19,20
법무사,경기도,화성시 효행구,5,5,6
법무사,경기도,화성시 병점구,17,17,14
법무사,경기도,화성시 동탄구,33,32,29
법무사,경기도,광주시,23,23,22
법무사,경기도,양주시,9,9,9
법무사,경기도,포천시,17,17,18
법무사,경기도,여주시,19,19,18
법무사,경기도,연천군,7,7,6
법무사,경기도,가평군,10,10,9
법무사,경기도,양평군,17,17,18
법무사,충청북도,청주시 상당구,9,11,12
법무사,충청북도,청주시 서원구,67,67,65
법무사,충청북도,청주시 흥덕구,7,7,7
법무사,충청북도,청주시 청원구,8,8,8
법무사,충청북도,충주시,27,27,28
법무사,충청북도,제천시,12,12,12
법무사,충청북도,보은군,4,4,4
법무사,충청북도,옥천군,6,6,6
법무사,충청북도,영동군,5,5,4
법무사,충청북도,증평군,4,4,4
법무사,충청북도,진천군,7,7,7
법무사,충청북도,괴산군,6,6,6
법무사,충청북도,음성군,14,14,14
법무사,충청북도,단양군,3,3,3
법무사,충청남도,천안시 동남구,79,77,75
법무사,충청남도,천안시 서북구,13,14,13
법무사,충청남도,공주시,12,12,13
법무사,충청남도,보령시,13,13,13
법무사,충청남도,아산시,15,15,15
법무사,충청남도,서산시,24,24,23
법무사,충청남도,논산시,9,9,9
법무사,충청남도,계룡시,0,0,0
법무사,충청남도,당진시,21,21,21
법무사,충청남도,금산군,7,7,7
법무사,충청남도,부여군,5,5,6
법무사,충청남도,서천군,5,5,5
법무사,충청남도,청양군,3,3,3
법무사,충청남도,홍성군,13,13,11
법무사,충청남도,예산군,8,8,9
법무사,충청남도,태안군,7,7,6
법무사,경상북도,포항시 남구,8,8,9
법무사,경상북도,포항시 북구,47,47,47
법무사,경상북도,경주시,28,28,28
법무사,경상북도,김천시,14,13,14
법무사,경상북도,안동시,16,16,17
법무사,경상북도,구미시,32,32,33
법무사,경상북도,영주시,8,8,8
법무사,경상북도,영천시,11,11,11
법무사,경상북도,상주시,18,18,18
법무사,경상북도,문경시,7,7,7
법무사,경상북도,경산시,22,22,22
법무사,경상북도,의성군,9,9,9
법무사,경상북도,청송군,3,3,3
법무사,경상북도,영양군,0,0,0
법무사,경상북도,영덕군,6,6,6
법무사,경상북도,청도군,7,7,7
법무사,경상북도,고령군,4,4,5
법무사,경상북도,성주군,8,8,7
법무사,경상북도,칠곡군,7,7,8
법무사,경상북도,예천군,8,8,8
법무사,경상북도,봉화군,3,3,3
법무사,경상북도,울진군,6,6,6
법무사,경상북도,울릉군,0,0,0
법무사,경상남도,창원시 의창구,10,9,8
법무사,경상남도,창원시 성산구,89,89,85
법무사,경상남도,창원시 마산합포구,30,29,28
법무사,경상남도,창원시 마산회원구,4,4,5
법무사,경상남도,창원시 진해구,10,10,10
법무사,경상남도,진주시,50,50,51
법무사,경상남도,통영시,19,19,19
법무사,경상남도,사천시,14,14,14
법무사,경상남도,김해시,53,53,53
법무사,경상남도,밀양시,17,17,19
법무사,경상남도,거제시,20,20,21
법무사,경상남도,양산시,20,20,21
법무사,경상남도,의령군,6,6,6
법무사,경상남도,함안군,8,8,7
법무사,경상남도,창녕군,11,11,11
법무사,경상남도,고성군,7,7,7
법무사,경상남도,남해군,6,6,6
법무사,경상남도,하동군,9,9,9
법무사,경상남도,산청군,6,6,6
법무사,경상남도,함양군,7,7,7
법무사,경상남도,거창군,13,13,14
법무사,경상남도,합천군,8,8,8
법무사,제주특별자치도,제주시,79,79,74
법무사,제주특별자치도,서귀포시,14,14,15
법무사,강원특별자치도,춘천시,41,41,39
법무사,강원특별자치도,원주시,44,43,46
법무사,강원특별자치도,강릉시,32,31,29
법무사,강원특별자치도,동해시,6,6,7
법무사,강원특별자치도,태백시,0,0,0
법무사,강원특별자치도,속초시,13,13,13
법무사,강원특별자치도,삼척시,5,5,4
법무사,강원특별자치도,홍천군,8,9,9
법무사,강원특별자치도,횡성군,5,5,6
법무사,강원특별자치도,영월군,6,6,7
법무사,강원특별자치도,평창군,9,9,9
법무사,강원특별자치도,정선군,5,5,5
법무사,강원특별자치도,철원군,7,7,6
법무사,강원특별자치도,화천군,0,0,0
법무사,강원특별자치도,양구군,5,5,5
법무사,강원특별자치도,인제군,4,4,4
법무사,강원특별자치도,고성군,3,4,4
법무사,강원특별자치도,양양군,4,4,4
법무사,전북특별자치도,전주시 완산구,30,30,30
법무사,전북특별자치도,전주시 덕진구,97,98,99
법무사,전북특별자치도,군산시,32,32,33
법무사,전북특별자치도,익산시,31,31,30
법무사,전북특별자치도,정읍시,18,18,19
법무사,전북특별자치도,남원시,16,16,17
법무사,전북특별자치도,김제시,11,11,11
법무사,전북특별자치도,완주군,5,5,6
법무사,전북특별자치도,진안군,5,5,5
법무사,전북특별자치도,무주군,4,4,4
법무사,전북특별자치도,장수군,3,3,3
법무사,전북특별자치도,임실군,3,3,3
법무사,전북특별자치도,순창군,6,6,6
법무사,전북특별자치도,고창군,5,5,6
법무사,전북특별자치도,부안군,9,9,8
변리사,서울특별시,종로구,18,18,15
변리사,서울특별시,중구,16,15,15
변리사,서울특별시,용산구,6,6,4
변리사,서울특별시,성동구,15,15,14
변리사,서울특별시,광진구,6,6,6
변리사,서울특별시,동대문구,0,0,0
변리사,서울특별시,성북구,0,0,0
변리사,서울특별시,도봉구,0,0,0
변리사,서울특별시,노원구,0,0,0
변리사,서울특별시,은평구,0,0,0
변리사,서울특별시,서대문구,4,4,5
변리사,서울특별시,마포구,14,14,18
변리사,서울특별시,양천구,3,3,3
변리사,서울특별시,강서구,16,15,15
변리사,서울특별시,구로구,13,13,15
변리사,서울특별시,금천구,49,49,46
변리사,서울특별시,영등포구,28,27,24
변리사,서울특별시,동작구,3,3,5
변리사,서울특별시,관악구,8,8,6
변리사,서울특별시,서초구,173,172,169
변리사,서울특별시,강남구,391,389,385
변리사,서울특별시,송파구,82,80,74
변리사,서울특별시,강동구,0,0,0
변리사,전남광주통합특별시,목포시,0,0,0
변리사,전남광주통합특별시,여수시,0,0,0
변리사,전남광주통합특별시,나주시,0,0,0
변리사,전남광주통합특별시,광양시,0,0,0
변리사,전남광주통합특별시,동구,0,0,0
변리사,전남광주통합특별시,서구,3,3,0
변리사,전남광주통합특별시,북구,3,3,3
변리사,전남광주통합특별시,광산구,0,0,0
변리사,부산광역시,중구,0,0,0
변리사,부산광역시,동구,0,0,0
변리사,부산광역시,부산진구,0,0,0
변리사,부산광역시,동래구,0,0,0
변리사,부산광역시,남구,3,3,0
변리사,부산광역시,해운대구,6,6,7
변리사,부산광역시,사하구,0,0,0
변리사,부산광역시,금정구,0,0,0
변리사,부산광역시,강서구,0,0,0
변리사,부산광역시,연제구,9,9,9
변리사,부산광역시,사상구,4,4,4
변리사,대구광역시,중구,0,0,0
변리사,대구광역시,동구,7,7,6
변리사,대구광역시,서구,0,0,0
변리사,대구광역시,북구,0,0,0
변리사,대구광역시,수성구,7,7,8
변리사,대구광역시,달서구,7,7,7
변리사,인천광역시,미추홀구,0,0,0
변리사,인천광역시,연수구,6,6,6
변리사,인천광역시,남동구,4,4,5
변리사,인천광역시,부평구,4,4,4
변리사,인천광역시,서해구,3,3,3
변리사,인천광역시,검단구,0,0,0
변리사,대전광역시,중구,0,0,0
변리사,대전광역시,서구,90,88,85
변리사,대전광역시,유성구,13,13,10
변리사,대전광역시,대덕구,4,4,3
변리사,울산광역시,중구,0,0,0
변리사,울산광역시,남구,4,4,4
변리사,울산광역시,울주군,0,0,0
변리사,세종특별자치시,0,5,5,5
변리사,경기도,수원시 권선구,0,0,0
변리사,경기도,수원시 팔달구,0,0,0
변리사,경기도,수원시 영통구,9,9,7
변리사,경기도,성남시 수정구,6,6,4
변리사,경기도,성남시 중원구,6,6,6
변리사,경기도,성남시 분당구,25,24,26
변리사,경기도,의정부시,0,0,0
변리사,경기도,안양시 동안구,10,10,11
변리사,경기도,부천시 원미구,5,5,5
변리사,경기도,부천시 오정구,0,0,0
변리사,경기도,광명시,0,0,0
변리사,경기도,평택시,0,0,0
변리사,경기도,안산시 상록구,0,0,0
변리사,경기도,안산시 단원구,4,4,3
변리사,경기도,고양시 덕양구,6,6,5
변리사,경기도,고양시 일산동구,3,3,3
변리사,경기도,고양시 일산서구,3,3,3
변리사,경기도,과천시,6,6,5
변리사,경기도,남양주시,6,6,6
변리사,경기도,오산시,0,0,0
변리사,경기도,시흥시,0,0,0
변리사,경기도,군포시,4,4,4
변리사,경기도,하남시,11,11,13
변리사,경기도,용인시 기흥구,0,0,0
변리사,경기도,용인시 수지구,7,7,6
변리사,경기도,파주시,3,3,4
변리사,경기도,김포시,4,4,4
변리사,경기도,화성시 만세구,0,0,0
변리사,경기도,화성시 동탄구,13,13,13
변리사,경기도,광주시,0,0,0
변리사,경기도,양주시,0,0,0
변리사,경기도,포천시,0,0,0
변리사,충청북도,청주시 서원구,0,0,0
변리사,충청북도,청주시 흥덕구,3,3,3
변리사,충청북도,청주시 청원구,0,0,0
변리사,충청북도,제천시,0,0,0
변리사,충청남도,천안시 동남구,0,0,0
변리사,충청남도,천안시 서북구,0,0,0
변리사,충청남도,공주시,0,0,0
변리사,충청남도,아산시,0,0,0
변리사,충청남도,예산군,0,0,0
변리사,경상북도,포항시 북구,0,0,0
변리사,경상북도,경주시,0,0,0
변리사,경상북도,구미시,0,0,0
변리사,경상북도,경산시,0,0,0
변리사,경상남도,창원시 의창구,3,3,3
변리사,경상남도,창원시 성산구,5,5,4
변리사,경상남도,진주시,0,0,0
변리사,경상남도,김해시,4,3,4
변리사,경상남도,양산시,0,0,0
변리사,제주특별자치도,제주시,0,0,0
변리사,제주특별자치도,서귀포시,0,0,0
변리사,강원특별자치도,원주시,0,0,0
변리사,전북특별자치도,전주시 덕진구,6,6,6
변호사,서울특별시,종로구,176,180,155
변호사,서울특별시,중구,126,127,123
변호사,서울특별시,용산구,67,68,56
변호사,서울특별시,성동구,43,44,40
변호사,서울특별시,광진구,39,38,30
변호사,서울특별시,동대문구,22,22,21
변호사,서울특별시,중랑구,19,19,19
변호사,서울특별시,성북구,23,23,22
변호사,서울특별시,강북구,10,10,9
변호사,서울특별시,도봉구,69,67,73
변호사,서울특별시,노원구,17,18,17
변호사,서울특별시,은평구,13,12,10
변호사,서울특별시,서대문구,24,23,28
변호사,서울특별시,마포구,108,108,117
변호사,서울특별시,양천구,102,103,107
변호사,서울특별시,강서구,50,50,43
변호사,서울특별시,구로구,42,41,40
변호사,서울특별시,금천구,31,29,34
변호사,서울특별시,영등포구,142,142,135
변호사,서울특별시,동작구,24,26,26
변호사,서울특별시,관악구,42,41,39
변호사,서울특별시,서초구,2843,2850,2775
변호사,서울특별시,강남구,838,833,770
변호사,서울특별시,송파구,268,270,256
변호사,서울특별시,강동구,31,30,26
변호사,전남광주통합특별시,목포시,27,27,27
변호사,전남광주통합특별시,여수시,15,15,15
변호사,전남광주통합특별시,순천시,51,49,45
변호사,전남광주통합특별시,나주시,0,0,0
변호사,전남광주통합특별시,광양시,0,0,0
변호사,전남광주통합특별시,동구,218,218,226
변호사,전남광주통합특별시,서구,27,27,23
변호사,전남광주통합특별시,남구,6,6,4
변호사,전남광주통합특별시,북구,8,7,6
변호사,전남광주통합특별시,광산구,5,4,4
변호사,전남광주통합특별시,고흥군,0,0,0
변호사,전남광주통합특별시,화순군,0,0,0
변호사,전남광주통합특별시,장흥군,3,3,3
변호사,전남광주통합특별시,해남군,5,5,5
변호사,전남광주통합특별시,장성군,0,0,0
변호사,전남광주통합특별시,완도군,0,0,0
변호사,부산광역시,중구,6,6,5
변호사,부산광역시,서구,0,0,0
변호사,부산광역시,동구,3,3,3
변호사,부산광역시,영도구,4,4,3
변호사,부산광역시,부산진구,28,28,25
변호사,부산광역시,동래구,5,5,3
변호사,부산광역시,남구,8,7,7
변호사,부산광역시,북구,0,0,0
변호사,부산광역시,해운대구,50,50,49
변호사,부산광역시,사하구,6,6,8
변호사,부산광역시,금정구,0,0,0
변호사,부산광역시,강서구,28,28,30
변호사,부산광역시,연제구,420,417,410
변호사,부산광역시,수영구,9,10,8
변호사,부산광역시,사상구,3,3,3
변호사,부산광역시,기장군,5,4,3
변호사,대구광역시,중구,9,9,10
변호사,대구광역시,동구,10,10,9
변호사,대구광역시,서구,0,0,0
변호사,대구광역시,남구,0,0,0
변호사,대구광역시,북구,0,0,0
변호사,대구광역시,수성구,285,284,285
변호사,대구광역시,달서구,29,29,27
변호사,대구광역시,달성군,0,0,0
변호사,인천광역시,영종구,0,0,0
변호사,인천광역시,미추홀구,250,247,242
변호사,인천광역시,연수구,35,35,29
변호사,인천광역시,남동구,16,16,14
변호사,인천광역시,부평구,18,18,20
변호사,인천광역시,계양구,6,6,5
변호사,인천광역시,서해구,7,7,5
변호사,인천광역시,검단구,17,17,13
변호사,대전광역시,동구,0,0,0
변호사,대전광역시,중구,0,0,0
변호사,대전광역시,서구,282,282,279
변호사,대전광역시,유성구,10,9,7
변호사,대전광역시,대덕구,0,0,0
변호사,울산광역시,중구,3,3,0
변호사,울산광역시,남구,148,148,145
변호사,울산광역시,동구,0,0,0
변호사,울산광역시,북구,0,0,0
변호사,울산광역시,울주군,3,3,0
변호사,세종특별자치시,0,38,37,32
변호사,경기도,수원시 장안구,0,0,0
변호사,경기도,수원시 권선구,4,4,3
변호사,경기도,수원시 팔달구,8,8,6
변호사,경기도,수원시 영통구,391,391,375
변호사,경기도,성남시 수정구,32,31,23
변호사,경기도,성남시 중원구,26,27,26
변호사,경기도,성남시 분당구,33,32,27
변호사,경기도,의정부시,113,113,110
변호사,경기도,안양시 만안구,0,0,0
변호사,경기도,안양시 동안구,57,57,59
변호사,경기도,부천시 원미구,95,92,91
변호사,경기도,부천시 소사구,4,4,5
변호사,경기도,광명시,11,11,11
변호사,경기도,평택시,58,59,58
변호사,경기도,동두천시,0,0,0
변호사,경기도,안산시 상록구,0,0,0
변호사,경기도,안산시 단원구,92,91,88
변호사,경기도,고양시 덕양구,11,10,10
변호사,경기도,고양시 일산동구,121,121,121
변호사,경기도,고양시 일산서구,5,5,4
변호사,경기도,과천시,5,5,4
변호사,경기도,구리시,6,6,5
변호사,경기도,남양주시,68,68,71
변호사,경기도,오산시,3,4,3
변호사,경기도,시흥시,15,16,17
변호사,경기도,군포시,6,6,4
변호사,경기도,의왕시,3,3,3
변호사,경기도,하남시,12,11,10
변호사,경기도,용인시 처인구,7,7,7
변호사,경기도,용인시 기흥구,11,11,10
변호사,경기도,용인시 수지구,17,16,16
변호사,경기도,파주시,12,12,11
변호사,경기도,이천시,7,8,5
변호사,경기도,안성시,0,0,0
변호사,경기도,김포시,17,17,16
변호사,경기도,화성시 만세구,3,3,3
변호사,경기도,화성시 병점구,3,3,3
변호사,경기도,화성시 동탄구,16,15,13
변호사,경기도,광주시,7,7,6
변호사,경기도,양주시,5,5,5
변호사,경기도,포천시,4,4,4
변호사,경기도,여주시,21,22,22
변호사,경기도,가평군,4,5,5
변호사,경기도,양평군,4,4,5
변호사,충청북도,청주시 상당구,0,0,0
변호사,충청북도,청주시 서원구,98,98,90
변호사,충청북도,청주시 흥덕구,4,4,3
변호사,충청북도,청주시 청원구,0,0,0
변호사,충청북도,충주시,14,14,12
변호사,충청북도,제천시,10,10,9
변호사,충청북도,옥천군,0,0,0
변호사,충청북도,영동군,4,5,4
변호사,충청북도,진천군,0,0,0
변호사,충청북도,음성군,3,3,0
변호사,충청남도,천안시 동남구,106,106,104
변호사,충청남도,천안시 서북구,8,8,6
변호사,충청남도,공주시,6,6,6
변호사,충청남도,보령시,0,0,0
변호사,충청남도,아산시,9,9,9
변호사,충청남도,서산시,23,23,22
변호사,충청남도,논산시,5,5,5
변호사,충청남도,계룡시,0,0,0
변호사,충청남도,당진시,5,5,5
변호사,충청남도,금산군,0,0,0
변호사,충청남도,홍성군,22,22,23
변호사,경상북도,포항시 남구,6,6,5
변호사,경상북도,포항시 북구,41,40,42
변호사,경상북도,경주시,22,22,22
변호사,경상북도,김천시,13,13,13
변호사,경상북도,안동시,16,16,16
변호사,경상북도,구미시,22,22,20
변호사,경상북도,영주시,0,0,0
변호사,경상북도,영천시,0,0,0
변호사,경상북도,상주시,11,11,10
변호사,경상북도,문경시,0,0,0
변호사,경상북도,경산시,6,6,7
변호사,경상북도,의성군,0,0,0
변호사,경상북도,영덕군,4,4,4
변호사,경상북도,울진군,0,0,0
변호사,경상북도,울릉군,0,0,0
변호사,경상남도,창원시 의창구,9,9,6
변호사,경상남도,창원시 성산구,160,159,153
변호사,경상남도,창원시 마산합포구,14,14,13
변호사,경상남도,창원시 마산회원구,0,0,0
변호사,경상남도,창원시 진해구,3,3,3
변호사,경상남도,진주시,43,43,39
변호사,경상남도,통영시,27,27,28
변호사,경상남도,사천시,3,3,3
변호사,경상남도,김해시,12,12,13
변호사,경상남도,밀양시,7,7,7
변호사,경상남도,거제시,8,8,8
변호사,경상남도,양산시,4,4,3
변호사,경상남도,창녕군,0,0,0
변호사,경상남도,고성군,0,0,0
변호사,경상남도,함양군,0,0,0
변호사,경상남도,거창군,8,8,8
변호사,경상남도,합천군,0,0,0
변호사,제주특별자치도,제주시,93,94,94
변호사,제주특별자치도,서귀포시,7,7,6
변호사,강원특별자치도,춘천시,42,42,40
변호사,강원특별자치도,원주시,44,44,40
변호사,강원특별자치도,강릉시,30,30,29
변호사,강원특별자치도,동해시,4,4,4
변호사,강원특별자치도,속초시,7,7,8
변호사,강원특별자치도,삼척시,0,0,0
변호사,강원특별자치도,홍천군,0,0,0
변호사,강원특별자치도,영월군,5,5,5
변호사,강원특별자치도,인제군,0,0,0
변호사,강원특별자치도,양양군,0,0,0
변호사,전북특별자치도,전주시 완산구,21,20,20
변호사,전북특별자치도,전주시 덕진구,138,137,137
변호사,전북특별자치도,군산시,31,30,29
변호사,전북특별자치도,익산시,14,14,13
변호사,전북특별자치도,정읍시,11,11,11
변호사,전북특별자치도,남원시,5,5,4
변호사,전북특별자치도,김제시,0,0,0
변호사,전북특별자치도,부안군,0,0,0
세무사,서울특별시,종로구,210,210,204
세무사,서울특별시,중구,300,300,317
세무사,서울특별시,용산구,124,123,118
세무사,서울특별시,성동구,257,258,249
세무사,서울특별시,광진구,122,120,115
세무사,서울특별시,동대문구,153,153,143
세무사,서울특별시,중랑구,48,47,47
세무사,서울특별시,성북구,52,52,49
세무사,서울특별시,강북구,68,68,69
세무사,서울특별시,도봉구,49,48,52
세무사,서울특별시,노원구,38,38,38
세무사,서울특별시,은평구,60,60,58
세무사,서울특별시,서대문구,48,47,48
세무사,서울특별시,마포구,274,275,269
세무사,서울특별시,양천구,105,104,101
세무사,서울특별시,강서구,305,305,298
세무사,서울특별시,구로구,179,181,180
세무사,서울특별시,금천구,341,337,320
세무사,서울특별시,영등포구,479,473,459
세무사,서울특별시,동작구,67,68,69
세무사,서울특별시,관악구,87,87,83
세무사,서울특별시,서초구,905,903,879
세무사,서울특별시,강남구,1570,1565,1515
세무사,서울특별시,송파구,686,679,638
세무사,서울특별시,강동구,154,153,133
세무사,전남광주통합특별시,목포시,27,27,27
세무사,전남광주통합특별시,여수시,31,31,30
세무사,전남광주통합특별시,순천시,43,43,42
세무사,전남광주통합특별시,나주시,8,8,8
세무사,전남광주통합특별시,광양시,5,5,5
세무사,전남광주통합특별시,동구,55,56,56
세무사,전남광주통합특별시,서구,167,165,166
세무사,전남광주통합특별시,남구,24,24,25
세무사,전남광주통합특별시,북구,89,88,86
세무사,전남광주통합특별시,광산구,45,45,43
세무사,전남광주통합특별시,담양군,0,0,0
세무사,전남광주통합특별시,고흥군,0,0,0
세무사,전남광주통합특별시,보성군,0,0,0
세무사,전남광주통합특별시,화순군,3,3,3
세무사,전남광주통합특별시,장흥군,3,3,3
세무사,전남광주통합특별시,강진군,0,0,0
세무사,전남광주통합특별시,해남군,4,4,4
세무사,전남광주통합특별시,영암군,3,3,0
세무사,전남광주통합특별시,무안군,7,7,8
세무사,전남광주통합특별시,함평군,0,0,0
세무사,전남광주통합특별시,영광군,3,3,0
세무사,전남광주통합특별시,장성군,3,3,0
세무사,전남광주통합특별시,완도군,0,0,0
세무사,전남광주통합특별시,진도군,0,0,0
세무사,부산광역시,중구,38,38,44
세무사,부산광역시,서구,21,23,20
세무사,부산광역시,동구,111,111,106
세무사,부산광역시,영도구,3,3,3
세무사,부산광역시,부산진구,201,201,201
세무사,부산광역시,동래구,78,77,73
세무사,부산광역시,남구,28,29,29
세무사,부산광역시,북구,15,15,16
세무사,부산광역시,해운대구,96,97,90
세무사,부산광역시,사하구,21,21,19
세무사,부산광역시,금정구,103,102,100
세무사,부산광역시,강서구,27,27,24
세무사,부산광역시,연제구,161,161,154
세무사,부산광역시,수영구,80,80,81
세무사,부산광역시,사상구,151,151,146
세무사,부산광역시,기장군,10,10,9
세무사,대구광역시,중구,26,26,24
세무사,대구광역시,동구,126,126,122
세무사,대구광역시,서구,28,29,25
세무사,대구광역시,남구,107,107,110
세무사,대구광역시,북구,77,78,81
세무사,대구광역시,수성구,78,76,70
세무사,대구광역시,달서구,167,168,171
세무사,대구광역시,달성군,10,10,11
세무사,대구광역시,군위군,0,0,0
세무사,인천광역시,제물포구,31,31,32
세무사,인천광역시,영종구,6,6,6
세무사,인천광역시,미추홀구,50,49,48
세무사,인천광역시,연수구,82,81,77
세무사,인천광역시,남동구,173,173,172
세무사,인천광역시,부평구,73,74,72
세무사,인천광역시,계양구,88,88,92
세무사,인천광역시,서구,0,0,0
세무사,인천광역시,서해구,117,116,111
세무사,인천광역시,검단구,43,41,37
세무사,인천광역시,강화군,0,0,0
세무사,대전광역시,동구,7,7,7
세무사,대전광역시,중구,64,64,66
세무사,대전광역시,서구,172,172,168
세무사,대전광역시,유성구,65,64,63
세무사,대전광역시,대덕구,16,16,16
세무사,울산광역시,중구,17,17,16
세무사,울산광역시,남구,144,144,147
세무사,울산광역시,동구,0,0,0
세무사,울산광역시,북구,16,16,17
세무사,울산광역시,울주군,14,14,14
세무사,세종특별자치시,0,64,62,62
세무사,경기도,수원시 장안구,50,50,51
세무사,경기도,수원시 권선구,63,63,63
세무사,경기도,수원시 팔달구,114,115,110
세무사,경기도,수원시 영통구,197,197,183
세무사,경기도,성남시 수정구,81,79,76
세무사,경기도,성남시 중원구,60,59,56
세무사,경기도,성남시 분당구,253,255,245
세무사,경기도,의정부시,125,125,124
세무사,경기도,안양시 만안구,63,63,59
세무사,경기도,안양시 동안구,209,207,198
세무사,경기도,부천시 원미구,220,220,220
세무사,경기도,부천시 소사구,24,24,26
세무사,경기도,부천시 오정구,10,10,10
세무사,경기도,광명시,54,53,55
세무사,경기도,평택시,134,135,135
세무사,경기도,동두천시,6,6,6
세무사,경기도,안산시 상록구,17,17,16
세무사,경기도,안산시 단원구,191,193,187
세무사,경기도,고양시 덕양구,92,93,82
세무사,경기도,고양시 일산동구,189,189,189
세무사,경기도,고양시 일산서구,28,27,26
세무사,경기도,과천시,28,27,19
세무사,경기도,구리시,109,109,110
세무사,경기도,남양주시,105,105,105
세무사,경기도,오산시,27,27,27
세무사,경기도,시흥시,123,123,120
세무사,경기도,군포시,35,36,37
세무사,경기도,의왕시,12,12,12
세무사,경기도,하남시,92,91,84
세무사,경기도,용인시 처인구,51,48,48
세무사,경기도,용인시 기흥구,87,86,88
세무사,경기도,용인시 수지구,49,49,46
세무사,경기도,파주시,86,85,82
세무사,경기도,이천시,49,49,49
세무사,경기도,안성시,14,14,14
세무사,경기도,김포시,113,113,118
세무사,경기도,화성시,0,0,0
세무사,경기도,화성시 만세구,63,61,61
세무사,경기도,화성시 효행구,50,49,47
세무사,경기도,화성시 병점구,32,32,29
세무사,경기도,화성시 동탄구,150,145,138
세무사,경기도,광주시,80,79,77
세무사,경기도,양주시,30,30,30
세무사,경기도,포천시,22,22,22
세무사,경기도,여주시,7,7,8
세무사,경기도,연천군,0,0,0
세무사,경기도,가평군,5,5,5
세무사,경기도,양평군,9,9,9
세무사,충청북도,청주시 상당구,21,20,19
세무사,충청북도,청주시 서원구,17,17,18
세무사,충청북도,청주시 흥덕구,69,69,71
세무사,충청북도,청주시 청원구,25,25,24
세무사,충청북도,충주시,31,31,31
세무사,충청북도,제천시,16,16,16
세무사,충청북도,보은군,3,3,3
세무사,충청북도,옥천군,0,0,0
세무사,충청북도,영동군,0,0,0
세무사,충청북도,증평군,0,0,0
세무사,충청북도,진천군,3,3,3
세무사,충청북도,괴산군,0,0,0
세무사,충청북도,음성군,15,15,13
세무사,충청남도,천안시 동남구,82,80,76
세무사,충청남도,천안시 서북구,81,79,77
세무사,충청남도,공주시,11,11,11
세무사,충청남도,보령시,11,11,12
세무사,충청남도,아산시,41,41,42
세무사,충청남도,서산시,28,29,28
세무사,충청남도,논산시,14,14,14
세무사,충청남도,계룡시,0,0,0
세무사,충청남도,당진시,18,17,18
세무사,충청남도,금산군,0,0,0
세무사,충청남도,부여군,3,3,3
세무사,충청남도,서천군,3,3,0
세무사,충청남도,청양군,0,0,0
세무사,충청남도,홍성군,10,10,10
세무사,충청남도,예산군,8,8,8
세무사,충청남도,태안군,4,4,3
세무사,경상북도,포항시 남구,10,10,10
세무사,경상북도,포항시 북구,54,54,52
세무사,경상북도,경주시,27,27,27
세무사,경상북도,김천시,9,9,8
세무사,경상북도,안동시,20,20,19
세무사,경상북도,구미시,57,57,58
세무사,경상북도,영주시,16,16,16
세무사,경상북도,영천시,8,8,8
세무사,경상북도,상주시,8,8,8
세무사,경상북도,문경시,6,6,6
세무사,경상북도,경산시,22,22,22
세무사,경상북도,의성군,0,0,0
세무사,경상북도,영덕군,0,0,0
세무사,경상북도,청도군,0,0,0
세무사,경상북도,고령군,0,0,0
세무사,경상북도,성주군,0,0,0
세무사,경상북도,칠곡군,4,4,3
세무사,경상북도,예천군,3,3,3
세무사,경상북도,울진군,0,0,0
세무사,경상북도,울릉군,0,0,0
세무사,경상남도,창원시 의창구,53,53,49
세무사,경상남도,창원시 성산구,93,93,90
세무사,경상남도,창원시 마산합포구,42,42,40
세무사,경상남도,창원시 마산회원구,16,16,16
세무사,경상남도,창원시 진해구,5,5,5
세무사,경상남도,진주시,52,52,52
세무사,경상남도,통영시,18,18,18
세무사,경상남도,사천시,9,9,8
세무사,경상남도,김해시,108,106,105
세무사,경상남도,밀양시,9,9,9
세무사,경상남도,거제시,30,30,29
세무사,경상남도,양산시,38,39,36
세무사,경상남도,함안군,0,0,0
세무사,경상남도,창녕군,0,0,0
세무사,경상남도,고성군,4,4,4
세무사,경상남도,남해군,0,0,0
세무사,경상남도,하동군,0,0,0
세무사,경상남도,함양군,0,0,0
세무사,경상남도,거창군,9,9,9
세무사,경상남도,합천군,0,0,0
세무사,제주특별자치도,제주시,130,129,129
세무사,제주특별자치도,서귀포시,11,11,8
세무사,강원특별자치도,춘천시,51,51,49
세무사,강원특별자치도,원주시,62,61,59
세무사,강원특별자치도,강릉시,29,29,31
세무사,강원특별자치도,동해시,11,11,9
세무사,강원특별자치도,태백시,3,3,3
세무사,강원특별자치도,속초시,20,20,20
세무사,강원특별자치도,삼척시,7,7,7
세무사,강원특별자치도,홍천군,8,8,8
세무사,강원특별자치도,횡성군,3,3,3
세무사,강원특별자치도,영월군,6,6,6
세무사,강원특별자치도,평창군,0,0,0
세무사,강원특별자치도,정선군,0,0,0
세무사,강원특별자치도,철원군,3,3,3
세무사,강원특별자치도,화천군,0,0,0
세무사,강원특별자치도,양구군,0,0,0
세무사,강원특별자치도,인제군,0,0,0
세무사,강원특별자치도,양양군,0,0,0
세무사,전북특별자치도,전주시 완산구,108,106,103
세무사,전북특별자치도,전주시 덕진구,74,76,75
세무사,전북특별자치도,군산시,43,43,42
세무사,전북특별자치도,익산시,44,43,44
세무사,전북특별자치도,정읍시,17,17,17
세무사,전북특별자치도,남원시,11,11,11
세무사,전북특별자치도,김제시,5,5,5
세무사,전북특별자치도,완주군,4,4,4
세무사,전북특별자치도,진안군,0,0,0
세무사,전북특별자치도,고창군,0,0,0
세무사,전북특별자치도,부안군,3,3,3
기타일반의원,서울특별시,종로구,30,30,33
기타일반의원,서울특별시,중구,43,43,41
기타일반의원,서울특별시,용산구,18,18,18
기타일반의원,서울특별시,성동구,34,34,32
기타일반의원,서울특별시,광진구,38,37,35
기타일반의원,서울특별시,동대문구,33,33,33
기타일반의원,서울특별시,중랑구,30,30,29
기타일반의원,서울특별시,성북구,36,36,37
기타일반의원,서울특별시,강북구,21,21,20
기타일반의원,서울특별시,도봉구,20,20,22
기타일반의원,서울특별시,노원구,46,46,46
기타일반의원,서울특별시,은평구,43,43,41
기타일반의원,서울특별시,서대문구,26,26,23
기타일반의원,서울특별시,마포구,36,37,39
기타일반의원,서울특별시,양천구,53,53,50
기타일반의원,서울특별시,강서구,53,53,53
기타일반의원,서울특별시,구로구,41,39,39
기타일반의원,서울특별시,금천구,18,18,17
기타일반의원,서울특별시,영등포구,47,47,43
기타일반의원,서울특별시,동작구,35,36,35
기타일반의원,서울특별시,관악구,35,35,36
기타일반의원,서울특별시,서초구,77,77,77
기타일반의원,서울특별시,강남구,157,157,150
기타일반의원,서울특별시,송파구,81,84,84
기타일반의원,서울특별시,강동구,53,53,53
기타일반의원,전남광주통합특별시,목포시,14,14,14
기타일반의원,전남광주통합특별시,여수시,12,13,13
기타일반의원,전남광주통합특별시,순천시,18,18,18
기타일반의원,전남광주통합특별시,나주시,8,8,8
기타일반의원,전남광주통합특별시,광양시,5,5,5
기타일반의원,전남광주통합특별시,동구,15,15,13
기타일반의원,전남광주통합특별시,서구,30,30,29
기타일반의원,전남광주통합특별시,남구,19,19,18
기타일반의원,전남광주통합특별시,북구,45,45,43
기타일반의원,전남광주통합특별시,광산구,29,29,29
기타일반의원,전남광주통합특별시,담양군,0,0,0
기타일반의원,전남광주통합특별시,곡성군,3,3,3
기타일반의원,전남광주통합특별시,구례군,3,3,3
기타일반의원,전남광주통합특별시,고흥군,3,3,3
기타일반의원,전남광주통합특별시,보성군,0,0,0
기타일반의원,전남광주통합특별시,화순군,5,5,5
기타일반의원,전남광주통합특별시,장흥군,3,3,0
기타일반의원,전남광주통합특별시,강진군,0,0,0
기타일반의원,전남광주통합특별시,해남군,5,5,5
기타일반의원,전남광주통합특별시,영암군,3,3,3
기타일반의원,전남광주통합특별시,무안군,6,6,7
기타일반의원,전남광주통합특별시,함평군,3,3,3
기타일반의원,전남광주통합특별시,영광군,7,7,7
기타일반의원,전남광주통합특별시,장성군,0,0,0
기타일반의원,전남광주통합특별시,완도군,3,3,3
기타일반의원,전남광주통합특별시,진도군,3,3,3
기타일반의원,전남광주통합특별시,신안군,0,0,0
기타일반의원,부산광역시,중구,8,8,8
기타일반의원,부산광역시,서구,3,3,3
기타일반의원,부산광역시,동구,9,9,10
기타일반의원,부산광역시,영도구,9,9,8
기타일반의원,부산광역시,부산진구,34,33,33
기타일반의원,부산광역시,동래구,25,25,25
기타일반의원,부산광역시,남구,22,22,21
기타일반의원,부산광역시,북구,20,20,19
기타일반의원,부산광역시,해운대구,39,37,37
기타일반의원,부산광역시,사하구,21,21,21
기타일반의원,부산광역시,금정구,13,13,14
기타일반의원,부산광역시,강서구,3,3,3
기타일반의원,부산광역시,연제구,19,17,19
기타일반의원,부산광역시,수영구,22,22,21
기타일반의원,부산광역시,사상구,10,10,9
기타일반의원,부산광역시,기장군,15,15,14
기타일반의원,대구광역시,중구,20,20,19
기타일반의원,대구광역시,동구,26,26,27
기타일반의원,대구광역시,서구,16,16,17
기타일반의원,대구광역시,남구,15,15,14
기타일반의원,대구광역시,북구,27,27,26
기타일반의원,대구광역시,수성구,32,32,35
기타일반의원,대구광역시,달서구,35,34,33
기타일반의원,대구광역시,달성군,11,11,10
기타일반의원,대구광역시,군위군,0,0,0
기타일반의원,인천광역시,제물포구,0,0,0
기타일반의원,인천광역시,영종구,4,4,4
기타일반의원,인천광역시,미추홀구,24,23,19
기타일반의원,인천광역시,연수구,24,24,23
기타일반의원,인천광역시,남동구,54,55,53
기타일반의원,인천광역시,부평구,30,29,30
기타일반의원,인천광역시,계양구,23,23,24
기타일반의원,인천광역시,서해구,17,17,17
기타일반의원,인천광역시,검단구,11,11,12
기타일반의원,인천광역시,강화군,0,0,0
기타일반의원,인천광역시,옹진군,0,0,0
기타일반의원,대전광역시,동구,27,27,28
기타일반의원,대전광역시,중구,20,20,22
기타일반의원,대전광역시,서구,53,53,50
기타일반의원,대전광역시,유성구,23,23,27
기타일반의원,대전광역시,대덕구,16,16,16
기타일반의원,울산광역시,중구,13,12,11
기타일반의원,울산광역시,남구,25,25,25
기타일반의원,울산광역시,동구,8,8,9
기타일반의원,울산광역시,북구,9,9,9
기타일반의원,울산광역시,울주군,10,10,9
기타일반의원,세종특별자치시,0,23,23,21
기타일반의원,경기도,수원시 장안구,18,18,17
기타일반의원,경기도,수원시 권선구,19,19,18
기타일반의원,경기도,수원시 팔달구,21,21,21
기타일반의원,경기도,수원시 영통구,22,22,22
기타일반의원,경기도,성남시 수정구,28,28,25
기타일반의원,경기도,성남시 중원구,23,23,23
기타일반의원,경기도,성남시 분당구,56,55,54
기타일반의원,경기도,의정부시,17,17,19
기타일반의원,경기도,안양시 만안구,18,18,17
기타일반의원,경기도,안양시 동안구,32,32,32
기타일반의원,경기도,부천시 원미구,31,30,30
기타일반의원,경기도,부천시 소사구,16,16,14
기타일반의원,경기도,부천시 오정구,5,5,4
기타일반의원,경기도,광명시,18,18,18
기타일반의원,경기도,평택시,45,45,45
기타일반의원,경기도,동두천시,4,4,5
기타일반의원,경기도,안산시 상록구,18,18,18
기타일반의원,경기도,안산시 단원구,18,18,17
기타일반의원,경기도,고양시 덕양구,23,23,22
기타일반의원,경기도,고양시 일산동구,17,17,15
기타일반의원,경기도,고양시 일산서구,14,14,14
기타일반의원,경기도,과천시,3,3,3
기타일반의원,경기도,구리시,13,13,14
기타일반의원,경기도,남양주시,35,35,36
기타일반의원,경기도,오산시,11,11,11
기타일반의원,경기도,시흥시,18,19,21
기타일반의원,경기도,군포시,17,17,18
기타일반의원,경기도,의왕시,9,9,8
기타일반의원,경기도,하남시,26,27,23
기타일반의원,경기도,용인시 처인구,16,16,14
기타일반의원,경기도,용인시 기흥구,15,15,16
기타일반의원,경기도,용인시 수지구,19,19,18
기타일반의원,경기도,파주시,28,28,25
기타일반의원,경기도,이천시,9,9,9
기타일반의원,경기도,안성시,11,11,11
기타일반의원,경기도,김포시,23,24,26
기타일반의원,경기도,화성시 만세구,14,14,13
기타일반의원,경기도,화성시 효행구,5,5,5
기타일반의원,경기도,화성시 병점구,8,8,7
기타일반의원,경기도,화성시 동탄구,5,5,5
기타일반의원,경기도,광주시,25,25,25
기타일반의원,경기도,양주시,9,9,9
기타일반의원,경기도,포천시,4,4,4
기타일반의원,경기도,여주시,3,3,3
기타일반의원,경기도,연천군,0,0,0
기타일반의원,경기도,양평군,11,11,11
기타일반의원,충청북도,청주시 상당구,14,14,14
기타일반의원,충청북도,청주시 서원구,21,21,22
기타일반의원,충청북도,청주시 흥덕구,18,18,16
기타일반의원,충청북도,청주시 청원구,14,14,15
기타일반의원,충청북도,충주시,12,13,13
기타일반의원,충청북도,제천시,4,4,4
기타일반의원,충청북도,보은군,0,0,0
기타일반의원,충청북도,옥천군,0,0,0
기타일반의원,충청북도,영동군,4,4,3
기타일반의원,충청북도,증평군,6,6,5
기타일반의원,충청북도,진천군,7,7,7
기타일반의원,충청북도,괴산군,0,0,0
기타일반의원,충청북도,음성군,0,0,0
기타일반의원,충청남도,천안시 동남구,10,10,10
기타일반의원,충청남도,천안시 서북구,32,32,32
기타일반의원,충청남도,공주시,0,0,0
기타일반의원,충청남도,보령시,3,3,3
기타일반의원,충청남도,아산시,15,15,17
기타일반의원,충청남도,서산시,9,9,9
기타일반의원,충청남도,논산시,9,9,10
기타일반의원,충청남도,계룡시,4,4,4
기타일반의원,충청남도,당진시,5,5,5
기타일반의원,충청남도,금산군,4,4,4
기타일반의원,충청남도,부여군,0,0,0
기타일반의원,충청남도,서천군,0,0,0
기타일반의원,충청남도,청양군,3,3,3
기타일반의원,충청남도,홍성군,8,7,7
기타일반의원,충청남도,예산군,4,4,4
기타일반의원,충청남도,태안군,4,4,4
기타일반의원,경상북도,포항시 남구,6,6,6
기타일반의원,경상북도,포항시 북구,19,19,20
기타일반의원,경상북도,경주시,9,9,8
기타일반의원,경상북도,김천시,6,6,6
기타일반의원,경상북도,안동시,11,11,11
기타일반의원,경상북도,구미시,17,17,17
기타일반의원,경상북도,영주시,5,5,5
기타일반의원,경상북도,영천시,3,3,3
기타일반의원,경상북도,상주시,3,3,3
기타일반의원,경상북도,문경시,4,4,3
기타일반의원,경상북도,경산시,8,8,9
기타일반의원,경상북도,의성군,0,0,0
기타일반의원,경상북도,영양군,0,0,0
기타일반의원,경상북도,영덕군,3,3,0
기타일반의원,경상북도,청도군,0,0,0
기타일반의원,경상북도,성주군,0,0,0
기타일반의원,경상북도,칠곡군,12,12,11
기타일반의원,경상북도,예천군,0,0,0
기타일반의원,경상북도,울진군,0,0,0
기타일반의원,경상남도,창원시 의창구,8,8,8
기타일반의원,경상남도,창원시 성산구,13,13,15
기타일반의원,경상남도,창원시 마산합포구,6,6,5
기타일반의원,경상남도,창원시 마산회원구,10,9,9
기타일반의원,경상남도,창원시 진해구,8,8,8
기타일반의원,경상남도,진주시,30,29,30
기타일반의원,경상남도,통영시,4,4,4
기타일반의원,경상남도,사천시,6,6,6
기타일반의원,경상남도,김해시,20,20,19
기타일반의원,경상남도,밀양시,0,0,0
기타일반의원,경상남도,거제시,9,9,9
기타일반의원,경상남도,양산시,21,21,21
기타일반의원,경상남도,의령군,0,0,0
기타일반의원,경상남도,함안군,3,3,3
기타일반의원,경상남도,창녕군,4,4,3
기타일반의원,경상남도,고성군,6,6,6
기타일반의원,경상남도,남해군,0,0,0
기타일반의원,경상남도,하동군,4,4,3
기타일반의원,경상남도,산청군,4,4,4
기타일반의원,경상남도,함양군,5,5,5
기타일반의원,경상남도,거창군,0,0,0
기타일반의원,제주특별자치도,제주시,39,39,39
기타일반의원,제주특별자치도,서귀포시,24,23,22
기타일반의원,강원특별자치도,춘천시,23,22,23
기타일반의원,강원특별자치도,원주시,20,20,20
기타일반의원,강원특별자치도,강릉시,7,7,9
기타일반의원,강원특별자치도,동해시,5,5,5
기타일반의원,강원특별자치도,태백시,0,0,0
기타일반의원,강원특별자치도,속초시,6,6,6
기타일반의원,강원특별자치도,삼척시,0,0,0
기타일반의원,강원특별자치도,홍천군,0,0,0
기타일반의원,강원특별자치도,평창군,3,3,0
기타일반의원,강원특별자치도,정선군,0,0,0
기타일반의원,강원특별자치도,철원군,3,3,3
기타일반의원,강원특별자치도,양구군,0,0,0
기타일반의원,강원특별자치도,고성군,0,0,0
기타일반의원,전북특별자치도,전주시 완산구,49,49,49
기타일반의원,전북특별자치도,전주시 덕진구,38,38,37
기타일반의원,전북특별자치도,군산시,23,23,23
기타일반의원,전북특별자치도,익산시,20,20,19
기타일반의원,전북특별자치도,정읍시,9,9,9
기타일반의원,전북특별자치도,남원시,9,9,9
기타일반의원,전북특별자치도,김제시,11,11,11
기타일반의원,전북특별자치도,완주군,16,16,16
기타일반의원,전북특별자치도,진안군,4,4,5
기타일반의원,전북특별자치도,장수군,0,0,0
기타일반의원,전북특별자치도,임실군,6,6,6
기타일반의원,전북특별자치도,순창군,3,3,3
기타일반의원,전북특별자치도,고창군,8,8,8
기타일반의원,전북특별자치도,부안군,0,0,0
내과ㆍ소아과의원,서울특별시,종로구,51,50,47
내과ㆍ소아과의원,서울특별시,중구,59,59,57
내과ㆍ소아과의원,서울특별시,용산구,55,55,57
내과ㆍ소아과의원,서울특별시,성동구,80,80,83
내과ㆍ소아과의원,서울특별시,광진구,91,90,88
내과ㆍ소아과의원,서울특별시,동대문구,93,93,88
내과ㆍ소아과의원,서울특별시,중랑구,93,94,89
내과ㆍ소아과의원,서울특별시,성북구,98,98,97
내과ㆍ소아과의원,서울특별시,강북구,82,82,87
내과ㆍ소아과의원,서울특별시,도봉구,63,63,63
내과ㆍ소아과의원,서울특별시,노원구,115,115,116
내과ㆍ소아과의원,서울특별시,은평구,123,123,122
내과ㆍ소아과의원,서울특별시,서대문구,58,58,57
내과ㆍ소아과의원,서울특별시,마포구,106,106,105
내과ㆍ소아과의원,서울특별시,양천구,100,101,98
내과ㆍ소아과의원,서울특별시,강서구,152,152,150
내과ㆍ소아과의원,서울특별시,구로구,115,115,114
내과ㆍ소아과의원,서울특별시,금천구,57,57,57
내과ㆍ소아과의원,서울특별시,영등포구,125,125,123
내과ㆍ소아과의원,서울특별시,동작구,88,88,92
내과ㆍ소아과의원,서울특별시,관악구,108,109,109
내과ㆍ소아과의원,서울특별시,서초구,149,148,143
내과ㆍ소아과의원,서울특별시,강남구,249,251,251
내과ㆍ소아과의원,서울특별시,송파구,181,182,175
내과ㆍ소아과의원,서울특별시,강동구,142,142,138
내과ㆍ소아과의원,전남광주통합특별시,목포시,44,45,45
내과ㆍ소아과의원,전남광주통합특별시,여수시,64,64,65
내과ㆍ소아과의원,전남광주통합특별시,순천시,45,45,45
내과ㆍ소아과의원,전남광주통합특별시,나주시,28,28,26
내과ㆍ소아과의원,전남광주통합특별시,광양시,25,25,27
내과ㆍ소아과의원,전남광주통합특별시,동구,32,32,34
내과ㆍ소아과의원,전남광주통합특별시,서구,70,70,73
내과ㆍ소아과의원,전남광주통합특별시,남구,48,48,51
내과ㆍ소아과의원,전남광주통합특별시,북구,110,109,112
내과ㆍ소아과의원,전남광주통합특별시,광산구,72,72,71
내과ㆍ소아과의원,전남광주통합특별시,담양군,14,14,15
내과ㆍ소아과의원,전남광주통합특별시,곡성군,7,7,7
내과ㆍ소아과의원,전남광주통합특별시,구례군,4,4,5
내과ㆍ소아과의원,전남광주통합특별시,고흥군,15,15,15
내과ㆍ소아과의원,전남광주통합특별시,보성군,13,13,12
내과ㆍ소아과의원,전남광주통합특별시,화순군,13,13,13
내과ㆍ소아과의원,전남광주통합특별시,장흥군,11,11,12
내과ㆍ소아과의원,전남광주통합특별시,강진군,12,12,12
내과ㆍ소아과의원,전남광주통합특별시,해남군,23,23,23
내과ㆍ소아과의원,전남광주통합특별시,영암군,15,15,15
내과ㆍ소아과의원,전남광주통합특별시,무안군,24,24,25
내과ㆍ소아과의원,전남광주통합특별시,함평군,5,5,6
내과ㆍ소아과의원,전남광주통합특별시,영광군,13,13,13
내과ㆍ소아과의원,전남광주통합특별시,장성군,7,7,8
내과ㆍ소아과의원,전남광주통합특별시,완도군,14,14,15
내과ㆍ소아과의원,전남광주통합특별시,진도군,8,8,8
내과ㆍ소아과의원,전남광주통합특별시,신안군,9,9,9
내과ㆍ소아과의원,부산광역시,중구,18,18,21
내과ㆍ소아과의원,부산광역시,서구,30,30,28
내과ㆍ소아과의원,부산광역시,동구,29,29,30
내과ㆍ소아과의원,부산광역시,영도구,28,28,30
내과ㆍ소아과의원,부산광역시,부산진구,113,114,117
내과ㆍ소아과의원,부산광역시,동래구,71,71,74
내과ㆍ소아과의원,부산광역시,남구,71,70,69
내과ㆍ소아과의원,부산광역시,북구,64,64,64
내과ㆍ소아과의원,부산광역시,해운대구,102,103,109
내과ㆍ소아과의원,부산광역시,사하구,73,74,74
내과ㆍ소아과의원,부산광역시,금정구,56,56,55
내과ㆍ소아과의원,부산광역시,강서구,23,23,24
내과ㆍ소아과의원,부산광역시,연제구,67,67,69
내과ㆍ소아과의원,부산광역시,수영구,45,45,45
내과ㆍ소아과의원,부산광역시,사상구,42,42,43
내과ㆍ소아과의원,부산광역시,기장군,38,39,38
내과ㆍ소아과의원,대구광역시,중구,46,46,45
내과ㆍ소아과의원,대구광역시,동구,90,90,90
내과ㆍ소아과의원,대구광역시,서구,36,36,38
내과ㆍ소아과의원,대구광역시,남구,38,39,40
내과ㆍ소아과의원,대구광역시,북구,99,99,96
내과ㆍ소아과의원,대구광역시,수성구,144,144,141
내과ㆍ소아과의원,대구광역시,달서구,140,140,140
내과ㆍ소아과의원,대구광역시,달성군,52,52,49
내과ㆍ소아과의원,대구광역시,군위군,6,6,6
내과ㆍ소아과의원,인천광역시,제물포구,25,25,26
내과ㆍ소아과의원,인천광역시,영종구,17,18,18
내과ㆍ소아과의원,인천광역시,미추홀구,97,96,97
내과ㆍ소아과의원,인천광역시,연수구,85,85,85
내과ㆍ소아과의원,인천광역시,남동구,119,119,123
내과ㆍ소아과의원,인천광역시,부평구,121,120,125
내과ㆍ소아과의원,인천광역시,계양구,64,65,66
내과ㆍ소아과의원,인천광역시,서해구,74,74,73
내과ㆍ소아과의원,인천광역시,검단구,46,46,44
내과ㆍ소아과의원,인천광역시,강화군,7,7,7
내과ㆍ소아과의원,대전광역시,동구,57,57,59
내과ㆍ소아과의원,대전광역시,중구,66,66,66
내과ㆍ소아과의원,대전광역시,서구,130,130,134
내과ㆍ소아과의원,대전광역시,유성구,89,89,85
내과ㆍ소아과의원,대전광역시,대덕구,36,36,37
내과ㆍ소아과의원,울산광역시,중구,46,46,51
내과ㆍ소아과의원,울산광역시,남구,81,80,81
내과ㆍ소아과의원,울산광역시,동구,31,31,30
내과ㆍ소아과의원,울산광역시,북구,31,31,32
내과ㆍ소아과의원,울산광역시,울주군,30,30,33
내과ㆍ소아과의원,세종특별자치시,0,80,80,79
내과ㆍ소아과의원,경기도,수원시 장안구,57,56,59
내과ㆍ소아과의원,경기도,수원시 권선구,80,80,79
내과ㆍ소아과의원,경기도,수원시 팔달구,59,60,60
내과ㆍ소아과의원,경기도,수원시 영통구,76,76,72
내과ㆍ소아과의원,경기도,성남시 수정구,68,68,70
내과ㆍ소아과의원,경기도,성남시 중원구,58,58,57
내과ㆍ소아과의원,경기도,성남시 분당구,130,131,130
내과ㆍ소아과의원,경기도,의정부시,110,110,108
내과ㆍ소아과의원,경기도,안양시 만안구,49,52,49
내과ㆍ소아과의원,경기도,안양시 동안구,84,85,84
내과ㆍ소아과의원,경기도,부천시 원미구,96,97,97
내과ㆍ소아과의원,경기도,부천시 소사구,49,49,50
내과ㆍ소아과의원,경기도,부천시 오정구,42,42,42
내과ㆍ소아과의원,경기도,광명시,73,73,73
내과ㆍ소아과의원,경기도,평택시,114,114,117
내과ㆍ소아과의원,경기도,동두천시,12,12,12
내과ㆍ소아과의원,경기도,안산시 상록구,55,55,52
내과ㆍ소아과의원,경기도,안산시 단원구,70,70,69
내과ㆍ소아과의원,경기도,고양시 덕양구,106,106,106
내과ㆍ소아과의원,경기도,고양시 일산동구,61,61,62
내과ㆍ소아과의원,경기도,고양시 일산서구,65,64,64
내과ㆍ소아과의원,경기도,과천시,21,21,20
내과ㆍ소아과의원,경기도,구리시,48,48,50
내과ㆍ소아과의원,경기도,남양주시,154,153,155
내과ㆍ소아과의원,경기도,오산시,46,47,45
내과ㆍ소아과의원,경기도,시흥시,112,112,111
내과ㆍ소아과의원,경기도,군포시,46,46,45
내과ㆍ소아과의원,경기도,의왕시,31,32,31
내과ㆍ소아과의원,경기도,하남시,82,82,80
내과ㆍ소아과의원,경기도,용인시 처인구,48,48,46
내과ㆍ소아과의원,경기도,용인시 기흥구,94,93,95
내과ㆍ소아과의원,경기도,용인시 수지구,80,81,80
내과ㆍ소아과의원,경기도,파주시,95,95,90
내과ㆍ소아과의원,경기도,이천시,42,42,42
내과ㆍ소아과의원,경기도,안성시,34,34,36
내과ㆍ소아과의원,경기도,김포시,86,86,90
내과ㆍ소아과의원,경기도,화성시,0,0,0
내과ㆍ소아과의원,경기도,화성시 만세구,44,44,46
내과ㆍ소아과의원,경기도,화성시 효행구,29,28,25
내과ㆍ소아과의원,경기도,화성시 병점구,30,30,32
내과ㆍ소아과의원,경기도,화성시 동탄구,73,73,72
내과ㆍ소아과의원,경기도,광주시,63,63,63
내과ㆍ소아과의원,경기도,양주시,52,52,51
내과ㆍ소아과의원,경기도,포천시,28,28,28
내과ㆍ소아과의원,경기도,여주시,20,20,20
내과ㆍ소아과의원,경기도,연천군,6,6,6
내과ㆍ소아과의원,경기도,가평군,15,15,13
내과ㆍ소아과의원,경기도,양평군,18,18,18
내과ㆍ소아과의원,충청북도,청주시 상당구,43,43,44
내과ㆍ소아과의원,충청북도,청주시 서원구,44,43,45
내과ㆍ소아과의원,충청북도,청주시 흥덕구,53,53,54
내과ㆍ소아과의원,충청북도,청주시 청원구,35,35,36
내과ㆍ소아과의원,충청북도,충주시,48,48,47
내과ㆍ소아과의원,충청북도,제천시,28,28,29
내과ㆍ소아과의원,충청북도,보은군,8,8,8
내과ㆍ소아과의원,충청북도,옥천군,9,9,9
내과ㆍ소아과의원,충청북도,영동군,11,11,11
내과ㆍ소아과의원,충청북도,증평군,7,7,6
내과ㆍ소아과의원,충청북도,진천군,19,19,19
내과ㆍ소아과의원,충청북도,괴산군,4,4,4
내과ㆍ소아과의원,충청북도,음성군,20,20,20
내과ㆍ소아과의원,충청북도,단양군,0,0,0
내과ㆍ소아과의원,충청남도,천안시 동남구,51,51,51
내과ㆍ소아과의원,충청남도,천안시 서북구,75,75,75
내과ㆍ소아과의원,충청남도,공주시,24,24,25
내과ㆍ소아과의원,충청남도,보령시,22,22,21
내과ㆍ소아과의원,충청남도,아산시,74,74,75
내과ㆍ소아과의원,충청남도,서산시,27,28,29
내과ㆍ소아과의원,충청남도,논산시,23,23,23
내과ㆍ소아과의원,충청남도,계룡시,9,9,9
내과ㆍ소아과의원,충청남도,당진시,39,39,37
내과ㆍ소아과의원,충청남도,금산군,20,19,20
내과ㆍ소아과의원,충청남도,부여군,13,14,15
내과ㆍ소아과의원,충청남도,서천군,13,13,13
내과ㆍ소아과의원,충청남도,청양군,5,5,5
내과ㆍ소아과의원,충청남도,홍성군,17,17,18
내과ㆍ소아과의원,충청남도,예산군,20,20,20
내과ㆍ소아과의원,충청남도,태안군,12,12,13
내과ㆍ소아과의원,경상북도,포항시 남구,55,55,55
내과ㆍ소아과의원,경상북도,포항시 북구,62,62,62
내과ㆍ소아과의원,경상북도,경주시,61,61,61
내과ㆍ소아과의원,경상북도,김천시,23,23,23
내과ㆍ소아과의원,경상북도,안동시,28,28,28
내과ㆍ소아과의원,경상북도,구미시,82,82,81
내과ㆍ소아과의원,경상북도,영주시,20,20,20
내과ㆍ소아과의원,경상북도,영천시,22,22,21
내과ㆍ소아과의원,경상북도,상주시,18,18,17
내과ㆍ소아과의원,경상북도,문경시,18,18,17
내과ㆍ소아과의원,경상북도,경산시,61,62,62
내과ㆍ소아과의원,경상북도,의성군,7,7,7
내과ㆍ소아과의원,경상북도,청송군,4,4,4
내과ㆍ소아과의원,경상북도,영덕군,11,11,11
내과ㆍ소아과의원,경상북도,청도군,13,13,13
내과ㆍ소아과의원,경상북도,고령군,6,6,6
내과ㆍ소아과의원,경상북도,성주군,7,7,7
내과ㆍ소아과의원,경상북도,칠곡군,23,23,22
내과ㆍ소아과의원,경상북도,예천군,13,13,14
내과ㆍ소아과의원,경상북도,봉화군,7,7,7
내과ㆍ소아과의원,경상북도,울진군,8,8,8
내과ㆍ소아과의원,경상남도,창원시 의창구,50,50,49
내과ㆍ소아과의원,경상남도,창원시 성산구,50,50,48
내과ㆍ소아과의원,경상남도,창원시 마산합포구,34,34,34
내과ㆍ소아과의원,경상남도,창원시 마산회원구,44,44,44
내과ㆍ소아과의원,경상남도,창원시 진해구,39,39,39
내과ㆍ소아과의원,경상남도,진주시,82,82,84
내과ㆍ소아과의원,경상남도,통영시,33,33,32
내과ㆍ소아과의원,경상남도,사천시,23,23,23
내과ㆍ소아과의원,경상남도,김해시,100,100,99
내과ㆍ소아과의원,경상남도,밀양시,20,20,20
내과ㆍ소아과의원,경상남도,거제시,42,42,44
내과ㆍ소아과의원,경상남도,양산시,84,86,81
내과ㆍ소아과의원,경상남도,의령군,5,5,5
내과ㆍ소아과의원,경상남도,함안군,13,14,13
내과ㆍ소아과의원,경상남도,창녕군,12,12,12
내과ㆍ소아과의원,경상남도,고성군,7,7,7
내과ㆍ소아과의원,경상남도,남해군,10,10,10
내과ㆍ소아과의원,경상남도,하동군,11,11,12
내과ㆍ소아과의원,경상남도,산청군,7,7,7
내과ㆍ소아과의원,경상남도,함양군,7,7,7
내과ㆍ소아과의원,경상남도,거창군,11,11,13
내과ㆍ소아과의원,경상남도,합천군,12,13,13
내과ㆍ소아과의원,제주특별자치도,제주시,129,129,130
내과ㆍ소아과의원,제주특별자치도,서귀포시,46,46,47
내과ㆍ소아과의원,강원특별자치도,춘천시,61,61,62
내과ㆍ소아과의원,강원특별자치도,원주시,86,86,84
내과ㆍ소아과의원,강원특별자치도,강릉시,40,40,40
내과ㆍ소아과의원,강원특별자치도,동해시,22,22,22
내과ㆍ소아과의원,강원특별자치도,태백시,11,11,11
내과ㆍ소아과의원,강원특별자치도,속초시,24,24,24
내과ㆍ소아과의원,강원특별자치도,삼척시,9,9,9
내과ㆍ소아과의원,강원특별자치도,홍천군,10,10,11
내과ㆍ소아과의원,강원특별자치도,횡성군,8,8,8
내과ㆍ소아과의원,강원특별자치도,영월군,6,6,6
내과ㆍ소아과의원,강원특별자치도,평창군,11,11,11
내과ㆍ소아과의원,강원특별자치도,정선군,6,6,6
내과ㆍ소아과의원,강원특별자치도,철원군,8,8,8
내과ㆍ소아과의원,강원특별자치도,화천군,5,5,5
내과ㆍ소아과의원,강원특별자치도,양구군,4,4,4
내과ㆍ소아과의원,강원특별자치도,인제군,3,3,3
내과ㆍ소아과의원,강원특별자치도,고성군,5,5,5
내과ㆍ소아과의원,강원특별자치도,양양군,4,4,4
내과ㆍ소아과의원,전북특별자치도,전주시 완산구,81,82,80
내과ㆍ소아과의원,전북특별자치도,전주시 덕진구,85,86,85
내과ㆍ소아과의원,전북특별자치도,군산시,58,58,59
내과ㆍ소아과의원,전북특별자치도,익산시,67,67,68
내과ㆍ소아과의원,전북특별자치도,정읍시,28,28,28
내과ㆍ소아과의원,전북특별자치도,남원시,19,19,19
내과ㆍ소아과의원,전북특별자치도,김제시,17,18,18
내과ㆍ소아과의원,전북특별자치도,완주군,22,22,22
내과ㆍ소아과의원,전북특별자치도,진안군,0,0,0
내과ㆍ소아과의원,전북특별자치도,무주군,4,4,4
내과ㆍ소아과의원,전북특별자치도,장수군,6,6,6
내과ㆍ소아과의원,전북특별자치도,임실군,5,5,5
내과ㆍ소아과의원,전북특별자치도,순창군,6,6,7
내과ㆍ소아과의원,전북특별자치도,고창군,12,12,13
내과ㆍ소아과의원,전북특별자치도,부안군,8,8,8
동물병원,서울특별시,종로구,10,10,10
동물병원,서울특별시,중구,19,19,19
동물병원,서울특별시,용산구,28,28,29
동물병원,서울특별시,성동구,27,27,29
동물병원,서울특별시,광진구,32,32,32
동물병원,서울특별시,동대문구,32,31,31
동물병원,서울특별시,중랑구,29,29,29
동물병원,서울특별시,성북구,34,34,34
동물병원,서울특별시,강북구,27,27,26
동물병원,서울특별시,도봉구,25,26,26
동물병원,서울특별시,노원구,46,46,45
동물병원,서울특별시,은평구,42,41,39
동물병원,서울특별시,서대문구,25,25,24
동물병원,서울특별시,마포구,49,49,45
동물병원,서울특별시,양천구,50,50,50
동물병원,서울특별시,강서구,49,50,51
동물병원,서울특별시,구로구,29,29,29
동물병원,서울특별시,금천구,16,16,16
동물병원,서울특별시,영등포구,41,40,37
동물병원,서울특별시,동작구,21,21,21
동물병원,서울특별시,관악구,28,28,27
동물병원,서울특별시,서초구,62,61,54
동물병원,서울특별시,강남구,94,93,94
동물병원,서울특별시,송파구,87,87,81
동물병원,서울특별시,강동구,56,56,55
동물병원,전남광주통합특별시,목포시,8,8,9
동물병원,전남광주통합특별시,여수시,13,13,12
동물병원,전남광주통합특별시,순천시,19,19,18
동물병원,전남광주통합특별시,나주시,26,26,24
동물병원,전남광주통합특별시,광양시,7,7,7
동물병원,전남광주통합특별시,동구,7,7,7
동물병원,전남광주통합특별시,서구,30,30,29
동물병원,전남광주통합특별시,남구,19,19,19
동물병원,전남광주통합특별시,북구,34,34,32
동물병원,전남광주통합특별시,광산구,34,33,33
동물병원,전남광주통합특별시,담양군,6,6,6
동물병원,전남광주통합특별시,곡성군,6,6,6
동물병원,전남광주통합특별시,구례군,5,5,5
동물병원,전남광주통합특별시,고흥군,10,10,9
동물병원,전남광주통합특별시,보성군,9,9,9
동물병원,전남광주통합특별시,화순군,12,12,13
동물병원,전남광주통합특별시,장흥군,11,11,11
동물병원,전남광주통합특별시,강진군,6,6,6
동물병원,전남광주통합특별시,해남군,11,11,10
동물병원,전남광주통합특별시,영암군,11,11,10
동물병원,전남광주통합특별시,무안군,16,16,13
동물병원,전남광주통합특별시,함평군,13,13,12
동물병원,전남광주통합특별시,영광군,15,15,13
동물병원,전남광주통합특별시,장성군,7,7,7
동물병원,전남광주통합특별시,완도군,4,4,3
동물병원,전남광주통합특별시,진도군,0,0,0
동물병원,전남광주통합특별시,신안군,0,0,0
동물병원,부산광역시,중구,0,0,0
동물병원,부산광역시,서구,5,5,5
동물병원,부산광역시,동구,4,4,4
동물병원,부산광역시,영도구,4,4,4
동물병원,부산광역시,부산진구,30,30,31
동물병원,부산광역시,동래구,31,31,29
동물병원,부산광역시,남구,17,17,17
동물병원,부산광역시,북구,19,19,20
동물병원,부산광역시,해운대구,42,41,41
동물병원,부산광역시,사하구,17,17,17
동물병원,부산광역시,금정구,16,16,16
동물병원,부산광역시,강서구,12,12,12
동물병원,부산광역시,연제구,19,19,19
동물병원,부산광역시,수영구,23,23,23
동물병원,부산광역시,사상구,12,12,11
동물병원,부산광역시,기장군,14,14,13
동물병원,대구광역시,중구,17,17,16
동물병원,대구광역시,동구,21,21,21
동물병원,대구광역시,서구,11,11,11
동물병원,대구광역시,남구,12,12,11
동물병원,대구광역시,북구,32,32,31
동물병원,대구광역시,수성구,46,46,43
동물병원,대구광역시,달서구,47,47,46
동물병원,대구광역시,달성군,14,14,16
동물병원,대구광역시,군위군,8,8,8
동물병원,인천광역시,제물포구,7,7,7
동물병원,인천광역시,영종구,9,9,7
동물병원,인천광역시,미추홀구,25,25,24
동물병원,인천광역시,연수구,44,44,43
동물병원,인천광역시,남동구,44,44,44
동물병원,인천광역시,부평구,31,30,29
동물병원,인천광역시,계양구,20,20,20
동물병원,인천광역시,서해구,35,35,31
동물병원,인천광역시,검단구,21,21,18
동물병원,인천광역시,강화군,8,8,8
동물병원,인천광역시,옹진군,0,0,0
동물병원,대전광역시,동구,14,14,14
동물병원,대전광역시,중구,18,18,17
동물병원,대전광역시,서구,36,36,35
동물병원,대전광역시,유성구,35,34,34
동물병원,대전광역시,대덕구,10,10,11
동물병원,울산광역시,중구,13,13,13
동물병원,울산광역시,남구,25,25,25
동물병원,울산광역시,동구,7,7,6
동물병원,울산광역시,북구,9,9,9
동물병원,울산광역시,울주군,22,21,21
동물병원,세종특별자치시,0,30,30,31
동물병원,경기도,수원시 장안구,24,24,25
동물병원,경기도,수원시 권선구,30,30,29
동물병원,경기도,수원시 팔달구,24,23,23
동물병원,경기도,수원시 영통구,42,42,40
동물병원,경기도,성남시 수정구,25,25,25
동물병원,경기도,성남시 중원구,20,20,20
동물병원,경기도,성남시 분당구,68,68,69
동물병원,경기도,의정부시,33,33,34
동물병원,경기도,안양시 만안구,16,16,15
동물병원,경기도,안양시 동안구,37,37,36
동물병원,경기도,부천시 원미구,41,41,42
동물병원,경기도,부천시 소사구,14,14,14
동물병원,경기도,부천시 오정구,9,9,9
동물병원,경기도,광명시,19,18,16
동물병원,경기도,평택시,54,54,52
동물병원,경기도,동두천시,9,9,9
동물병원,경기도,안산시 상록구,14,14,13
동물병원,경기도,안산시 단원구,24,24,24
동물병원,경기도,고양시 덕양구,44,43,44
동물병원,경기도,고양시 일산동구,40,41,41
동물병원,경기도,고양시 일산서구,28,28,27
동물병원,경기도,과천시,12,12,11
동물병원,경기도,구리시,19,19,19
동물병원,경기도,남양주시,66,66,63
동물병원,경기도,오산시,18,18,16
동물병원,경기도,시흥시,38,38,37
동물병원,경기도,군포시,14,14,14
동물병원,경기도,의왕시,15,15,14
동물병원,경기도,하남시,37,37,33
동물병원,경기도,용인시 처인구,30,30,28
동물병원,경기도,용인시 기흥구,44,44,45
동물병원,경기도,용인시 수지구,45,45,42
동물병원,경기도,파주시,54,55,51
동물병원,경기도,이천시,28,28,28
동물병원,경기도,안성시,29,30,28
동물병원,경기도,김포시,49,50,50
동물병원,경기도,화성시,0,0,0
동물병원,경기도,화성시 만세구,29,29,26
동물병원,경기도,화성시 효행구,10,10,10
동물병원,경기도,화성시 병점구,10,10,8
동물병원,경기도,화성시 동탄구,40,38,32
동물병원,경기도,광주시,31,32,33
동물병원,경기도,양주시,22,22,22
동물병원,경기도,포천시,19,20,21
동물병원,경기도,여주시,12,12,12
동물병원,경기도,연천군,5,5,5
동물병원,경기도,가평군,8,8,9
동물병원,경기도,양평군,15,15,14
동물병원,충청북도,청주시 상당구,10,10,10
동물병원,충청북도,청주시 서원구,19,19,17
동물병원,충청북도,청주시 흥덕구,31,30,28
동물병원,충청북도,청주시 청원구,21,20,20
동물병원,충청북도,충주시,17,15,15
동물병원,충청북도,제천시,12,12,10
동물병원,충청북도,보은군,11,11,11
동물병원,충청북도,옥천군,9,9,9
동물병원,충청북도,영동군,5,5,5
동물병원,충청북도,증평군,5,5,5
동물병원,충청북도,진천군,10,10,9
동물병원,충청북도,괴산군,5,5,5
동물병원,충청북도,음성군,10,10,9
동물병원,충청북도,단양군,0,0,0
동물병원,충청남도,천안시 동남구,27,27,27
동물병원,충청남도,천안시 서북구,37,38,34
동물병원,충청남도,공주시,17,17,16
동물병원,충청남도,보령시,10,10,10
동물병원,충청남도,아산시,31,31,31
동물병원,충청남도,서산시,17,17,17
동물병원,충청남도,논산시,15,15,15
동물병원,충청남도,계룡시,4,4,4
동물병원,충청남도,당진시,19,19,17
동물병원,충청남도,금산군,6,6,6
동물병원,충청남도,부여군,11,11,12
동물병원,충청남도,서천군,3,3,3
동물병원,충청남도,청양군,8,8,8
동물병원,충청남도,홍성군,19,19,20
동물병원,충청남도,예산군,19,19,18
동물병원,충청남도,태안군,6,6,6
동물병원,경상북도,포항시 남구,15,15,14
동물병원,경상북도,포항시 북구,24,24,25
동물병원,경상북도,경주시,36,35,33
동물병원,경상북도,김천시,15,15,14
동물병원,경상북도,안동시,12,12,12
동물병원,경상북도,구미시,44,44,46
동물병원,경상북도,영주시,16,16,15
동물병원,경상북도,영천시,20,20,20
동물병원,경상북도,상주시,24,24,23
동물병원,경상북도,문경시,7,7,7
동물병원,경상북도,경산시,30,30,29
동물병원,경상북도,의성군,11,11,12
동물병원,경상북도,청송군,0,0,0
동물병원,경상북도,영양군,0,0,0
동물병원,경상북도,영덕군,0,0,0
동물병원,경상북도,청도군,7,7,7
동물병원,경상북도,고령군,7,7,6
동물병원,경상북도,성주군,10,10,10
동물병원,경상북도,칠곡군,10,10,10
동물병원,경상북도,예천군,12,12,12
동물병원,경상북도,봉화군,5,5,5
동물병원,경상북도,울진군,4,4,4
동물병원,경상북도,울릉군,0,0,0
동물병원,경상남도,창원시 의창구,13,13,12
동물병원,경상남도,창원시 성산구,22,22,23
동물병원,경상남도,창원시 마산합포구,13,13,12
동물병원,경상남도,창원시 마산회원구,15,15,16
동물병원,경상남도,창원시 진해구,13,13,13
동물병원,경상남도,진주시,29,29,30
동물병원,경상남도,통영시,13,13,12
동물병원,경상남도,사천시,15,15,15
동물병원,경상남도,김해시,49,48,46
동물병원,경상남도,밀양시,12,12,12
동물병원,경상남도,거제시,12,12,12
동물병원,경상남도,양산시,26,27,25
동물병원,경상남도,의령군,5,5,5
동물병원,경상남도,함안군,8,8,7
동물병원,경상남도,창녕군,12,12,12
동물병원,경상남도,고성군,8,8,9
동물병원,경상남도,남해군,7,7,5
동물병원,경상남도,하동군,7,7,7
동물병원,경상남도,산청군,9,9,9
동물병원,경상남도,함양군,7,7,8
동물병원,경상남도,거창군,13,13,13
동물병원,경상남도,합천군,15,14,13
동물병원,제주특별자치도,제주시,71,72,76
동물병원,제주특별자치도,서귀포시,20,20,18
동물병원,강원특별자치도,춘천시,27,29,26
동물병원,강원특별자치도,원주시,27,27,26
동물병원,강원특별자치도,강릉시,17,17,17
동물병원,강원특별자치도,동해시,4,4,4
동물병원,강원특별자치도,태백시,0,0,0
동물병원,강원특별자치도,속초시,7,6,6
동물병원,강원특별자치도,삼척시,5,5,4
동물병원,강원특별자치도,홍천군,9,9,9
동물병원,강원특별자치도,횡성군,11,11,11
동물병원,강원특별자치도,영월군,3,3,3
동물병원,강원특별자치도,평창군,0,0,0
동물병원,강원특별자치도,정선군,4,4,4
동물병원,강원특별자치도,철원군,4,4,4
동물병원,강원특별자치도,화천군,4,4,3
동물병원,강원특별자치도,양구군,3,3,3
동물병원,강원특별자치도,인제군,4,4,4
동물병원,강원특별자치도,고성군,4,4,4
동물병원,강원특별자치도,양양군,4,4,4
동물병원,전북특별자치도,전주시 완산구,25,25,25
동물병원,전북특별자치도,전주시 덕진구,20,20,21
동물병원,전북특별자치도,군산시,17,17,17
동물병원,전북특별자치도,익산시,22,22,22
동물병원,전북특별자치도,정읍시,23,23,22
동물병원,전북특별자치도,남원시,5,5,6
동물병원,전북특별자치도,김제시,11,11,11
동물병원,전북특별자치도,완주군,11,11,11
동물병원,전북특별자치도,진안군,6,6,6
동물병원,전북특별자치도,무주군,0,0,0
동물병원,전북특별자치도,장수군,5,5,4
동물병원,전북특별자치도,임실군,6,6,6
동물병원,전북특별자치도,순창군,9,9,9
동물병원,전북특별자치도,고창군,9,9,9
동물병원,전북특별자치도,부안군,8,8,8
산부인과의원,서울특별시,종로구,10,10,10
산부인과의원,서울특별시,중구,19,19,20
산부인과의원,서울특별시,용산구,10,10,8
산부인과의원,서울특별시,성동구,12,12,13
산부인과의원,서울특별시,광진구,21,21,20
산부인과의원,서울특별시,동대문구,19,19,19
산부인과의원,서울특별시,중랑구,13,13,13
산부인과의원,서울특별시,성북구,12,12,13
산부인과의원,서울특별시,강북구,9,9,11
산부인과의원,서울특별시,도봉구,7,7,7
산부인과의원,서울특별시,노원구,23,23,23
산부인과의원,서울특별시,은평구,14,14,15
산부인과의원,서울특별시,서대문구,13,13,13
산부인과의원,서울특별시,마포구,26,26,28
산부인과의원,서울특별시,양천구,17,17,18
산부인과의원,서울특별시,강서구,27,27,26
산부인과의원,서울특별시,구로구,15,15,15
산부인과의원,서울특별시,금천구,11,11,12
산부인과의원,서울특별시,영등포구,24,24,24
산부인과의원,서울특별시,동작구,15,15,15
산부인과의원,서울특별시,관악구,25,25,25
산부인과의원,서울특별시,서초구,55,55,52
산부인과의원,서울특별시,강남구,87,86,89
산부인과의원,서울특별시,송파구,37,37,33
산부인과의원,서울특별시,강동구,30,30,30
산부인과의원,전남광주통합특별시,목포시,6,6,6
산부인과의원,전남광주통합특별시,여수시,3,3,3
산부인과의원,전남광주통합특별시,순천시,6,6,8
산부인과의원,전남광주통합특별시,나주시,3,3,3
산부인과의원,전남광주통합특별시,광양시,0,0,0
산부인과의원,전남광주통합특별시,동구,6,6,8
산부인과의원,전남광주통합특별시,서구,14,14,13
산부인과의원,전남광주통합특별시,남구,9,9,9
산부인과의원,전남광주통합특별시,북구,13,13,13
산부인과의원,전남광주통합특별시,광산구,17,17,17
산부인과의원,전남광주통합특별시,고흥군,0,0,0
산부인과의원,전남광주통합특별시,화순군,0,0,0
산부인과의원,전남광주통합특별시,장흥군,0,0,0
산부인과의원,전남광주통합특별시,해남군,0,0,0
산부인과의원,전남광주통합특별시,무안군,0,0,0
산부인과의원,전남광주통합특별시,영광군,0,0,0
산부인과의원,부산광역시,중구,0,0,0
산부인과의원,부산광역시,서구,0,0,0
산부인과의원,부산광역시,동구,0,0,0
산부인과의원,부산광역시,영도구,5,5,5
산부인과의원,부산광역시,부산진구,14,14,14
산부인과의원,부산광역시,동래구,12,12,12
산부인과의원,부산광역시,남구,9,8,9
산부인과의원,부산광역시,북구,7,7,6
산부인과의원,부산광역시,해운대구,22,22,22
산부인과의원,부산광역시,사하구,8,8,8
산부인과의원,부산광역시,금정구,6,6,6
산부인과의원,부산광역시,강서구,0,0,0
산부인과의원,부산광역시,연제구,6,6,6
산부인과의원,부산광역시,수영구,7,7,7
산부인과의원,부산광역시,사상구,5,5,5
산부인과의원,부산광역시,기장군,5,5,5
산부인과의원,대구광역시,중구,15,15,15
산부인과의원,대구광역시,동구,14,14,14
산부인과의원,대구광역시,서구,6,6,5
산부인과의원,대구광역시,남구,4,4,4
산부인과의원,대구광역시,북구,15,15,16
산부인과의원,대구광역시,수성구,23,23,23
산부인과의원,대구광역시,달서구,23,23,24
산부인과의원,대구광역시,달성군,4,4,4
산부인과의원,인천광역시,제물포구,4,4,4
산부인과의원,인천광역시,영종구,4,4,4
산부인과의원,인천광역시,미추홀구,11,11,11
산부인과의원,인천광역시,연수구,12,12,11
산부인과의원,인천광역시,남동구,14,14,13
산부인과의원,인천광역시,부평구,17,17,17
산부인과의원,인천광역시,계양구,8,8,8
산부인과의원,인천광역시,서해구,9,9,9
산부인과의원,인천광역시,검단구,10,10,10
산부인과의원,인천광역시,강화군,0,0,0
산부인과의원,대전광역시,동구,5,5,5
산부인과의원,대전광역시,중구,4,4,4
산부인과의원,대전광역시,서구,30,30,30
산부인과의원,대전광역시,유성구,13,13,12
산부인과의원,대전광역시,대덕구,6,6,6
산부인과의원,울산광역시,중구,6,6,7
산부인과의원,울산광역시,남구,19,20,22
산부인과의원,울산광역시,동구,4,4,4
산부인과의원,울산광역시,북구,5,5,5
산부인과의원,울산광역시,울주군,4,4,4
산부인과의원,세종특별자치시,0,11,11,11
산부인과의원,경기도,수원시 장안구,5,6,6
산부인과의원,경기도,수원시 권선구,4,4,4
산부인과의원,경기도,수원시 팔달구,13,13,14
산부인과의원,경기도,수원시 영통구,14,14,12
산부인과의원,경기도,성남시 수정구,15,15,15
산부인과의원,경기도,성남시 중원구,6,6,6
산부인과의원,경기도,성남시 분당구,30,30,28
산부인과의원,경기도,의정부시,10,10,11
산부인과의원,경기도,안양시 만안구,6,6,6
산부인과의원,경기도,안양시 동안구,17,17,18
산부인과의원,경기도,부천시 원미구,18,18,18
산부인과의원,경기도,부천시 소사구,5,5,5
산부인과의원,경기도,부천시 오정구,3,3,3
산부인과의원,경기도,광명시,10,10,9
산부인과의원,경기도,평택시,16,16,16
산부인과의원,경기도,동두천시,3,3,3
산부인과의원,경기도,안산시 상록구,7,7,7
산부인과의원,경기도,안산시 단원구,17,17,16
산부인과의원,경기도,고양시 덕양구,19,19,19
산부인과의원,경기도,고양시 일산동구,9,9,9
산부인과의원,경기도,고양시 일산서구,7,7,7
산부인과의원,경기도,과천시,3,4,3
산부인과의원,경기도,구리시,7,7,8
산부인과의원,경기도,남양주시,22,22,22
산부인과의원,경기도,오산시,4,4,4
산부인과의원,경기도,시흥시,17,17,14
산부인과의원,경기도,군포시,5,5,5
산부인과의원,경기도,의왕시,0,0,0
산부인과의원,경기도,하남시,12,12,12
산부인과의원,경기도,용인시 처인구,4,4,4
산부인과의원,경기도,용인시 기흥구,10,10,11
산부인과의원,경기도,용인시 수지구,13,12,11
산부인과의원,경기도,파주시,9,9,9
산부인과의원,경기도,이천시,6,6,6
산부인과의원,경기도,안성시,4,4,4
산부인과의원,경기도,김포시,10,10,10
산부인과의원,경기도,화성시 만세구,5,5,5
산부인과의원,경기도,화성시 효행구,4,4,4
산부인과의원,경기도,화성시 병점구,3,3,3
산부인과의원,경기도,화성시 동탄구,12,12,12
산부인과의원,경기도,광주시,9,9,9
산부인과의원,경기도,양주시,4,4,4
산부인과의원,경기도,포천시,3,3,3
산부인과의원,경기도,여주시,0,0,0
산부인과의원,경기도,양평군,0,0,0
산부인과의원,충청북도,청주시 상당구,9,8,8
산부인과의원,충청북도,청주시 서원구,5,5,5
산부인과의원,충청북도,청주시 흥덕구,9,9,9
산부인과의원,충청북도,청주시 청원구,4,4,5
산부인과의원,충청북도,충주시,5,5,5
산부인과의원,충청북도,제천시,7,7,7
산부인과의원,충청북도,보은군,0,0,0
산부인과의원,충청북도,옥천군,0,0,0
산부인과의원,충청북도,진천군,0,0,0
산부인과의원,충청북도,음성군,0,0,0
산부인과의원,충청남도,천안시 동남구,8,8,7
산부인과의원,충청남도,천안시 서북구,17,17,14
산부인과의원,충청남도,공주시,4,4,4
산부인과의원,충청남도,보령시,0,0,0
산부인과의원,충청남도,아산시,6,6,6
산부인과의원,충청남도,서산시,3,3,3
산부인과의원,충청남도,논산시,3,3,3
산부인과의원,충청남도,계룡시,0,0,0
산부인과의원,충청남도,당진시,4,4,4
산부인과의원,충청남도,금산군,0,0,0
산부인과의원,충청남도,서천군,0,0,0
산부인과의원,충청남도,홍성군,3,3,3
산부인과의원,충청남도,예산군,0,0,0
산부인과의원,경상북도,포항시 남구,3,3,3
산부인과의원,경상북도,포항시 북구,7,7,7
산부인과의원,경상북도,경주시,4,4,4
산부인과의원,경상북도,김천시,4,4,4
산부인과의원,경상북도,안동시,5,5,5
산부인과의원,경상북도,구미시,15,15,16
산부인과의원,경상북도,영주시,3,3,3
산부인과의원,경상북도,영천시,0,0,0
산부인과의원,경상북도,상주시,0,0,0
산부인과의원,경상북도,문경시,3,3,3
산부인과의원,경상북도,경산시,10,10,10
산부인과의원,경상북도,칠곡군,0,0,0
산부인과의원,경상북도,울진군,0,0,0
산부인과의원,경상남도,창원시 의창구,6,6,6
산부인과의원,경상남도,창원시 성산구,8,7,7
산부인과의원,경상남도,창원시 마산합포구,6,6,6
산부인과의원,경상남도,창원시 마산회원구,9,9,9
산부인과의원,경상남도,창원시 진해구,3,3,3
산부인과의원,경상남도,진주시,9,9,9
산부인과의원,경상남도,통영시,0,0,0
산부인과의원,경상남도,사천시,3,3,3
산부인과의원,경상남도,김해시,12,12,12
산부인과의원,경상남도,밀양시,0,0,0
산부인과의원,경상남도,거제시,7,7,7
산부인과의원,경상남도,양산시,10,10,10
산부인과의원,경상남도,함안군,0,0,0
산부인과의원,경상남도,창녕군,0,0,0
산부인과의원,경상남도,남해군,0,0,0
산부인과의원,경상남도,하동군,0,0,0
산부인과의원,경상남도,거창군,0,0,0
산부인과의원,제주특별자치도,제주시,16,16,16
산부인과의원,제주특별자치도,서귀포시,7,7,7
산부인과의원,강원특별자치도,춘천시,9,9,9
산부인과의원,강원특별자치도,원주시,12,12,11
산부인과의원,강원특별자치도,강릉시,8,8,8
산부인과의원,강원특별자치도,동해시,0,0,0
산부인과의원,강원특별자치도,태백시,0,0,0
산부인과의원,강원특별자치도,속초시,6,6,6
산부인과의원,강원특별자치도,삼척시,0,0,0
산부인과의원,강원특별자치도,홍천군,0,0,0
산부인과의원,전북특별자치도,전주시 완산구,12,12,12
산부인과의원,전북특별자치도,전주시 덕진구,15,15,14
산부인과의원,전북특별자치도,군산시,7,7,7
산부인과의원,전북특별자치도,익산시,11,11,11
산부인과의원,전북특별자치도,정읍시,3,3,3
산부인과의원,전북특별자치도,남원시,0,0,0
산부인과의원,전북특별자치도,김제시,0,0,0
산부인과의원,전북특별자치도,완주군,0,0,0
산부인과의원,전북특별자치도,부안군,0,0,0
성형외과의원,서울특별시,종로구,3,3,3
성형외과의원,서울특별시,중구,6,7,6
성형외과의원,서울특별시,용산구,5,5,5
성형외과의원,서울특별시,성동구,0,0,0
성형외과의원,서울특별시,광진구,4,4,5
성형외과의원,서울특별시,동대문구,4,4,4
성형외과의원,서울특별시,성북구,5,5,5
성형외과의원,서울특별시,강북구,7,7,6
성형외과의원,서울특별시,노원구,10,10,13
성형외과의원,서울특별시,은평구,4,4,4
성형외과의원,서울특별시,서대문구,4,4,3
성형외과의원,서울특별시,마포구,12,13,14
성형외과의원,서울특별시,양천구,8,8,9
성형외과의원,서울특별시,강서구,7,7,7
성형외과의원,서울특별시,구로구,7,7,7
성형외과의원,서울특별시,금천구,0,0,0
성형외과의원,서울특별시,영등포구,11,11,12
성형외과의원,서울특별시,동작구,7,7,7
성형외과의원,서울특별시,관악구,6,6,6
성형외과의원,서울특별시,서초구,198,198,190
성형외과의원,서울특별시,강남구,584,581,559
성형외과의원,서울특별시,송파구,12,12,14
성형외과의원,서울특별시,강동구,11,11,10
성형외과의원,전남광주통합특별시,목포시,0,0,0
성형외과의원,전남광주통합특별시,여수시,0,0,0
성형외과의원,전남광주통합특별시,순천시,5,5,6
성형외과의원,전남광주통합특별시,동구,6,6,6
성형외과의원,전남광주통합특별시,서구,36,36,33
성형외과의원,전남광주통합특별시,남구,0,0,0
성형외과의원,전남광주통합특별시,북구,0,0,0
성형외과의원,전남광주통합특별시,광산구,5,5,5
성형외과의원,전남광주통합특별시,해남군,0,0,0
성형외과의원,전남광주통합특별시,무안군,0,0,0
성형외과의원,부산광역시,중구,5,5,5
성형외과의원,부산광역시,서구,0,0,0
성형외과의원,부산광역시,부산진구,88,88,90
성형외과의원,부산광역시,동래구,4,4,5
성형외과의원,부산광역시,남구,4,4,4
성형외과의원,부산광역시,북구,4,4,4
성형외과의원,부산광역시,해운대구,23,23,24
성형외과의원,부산광역시,사하구,7,7,7
성형외과의원,부산광역시,연제구,4,4,5
성형외과의원,부산광역시,수영구,0,0,0
성형외과의원,부산광역시,기장군,0,0,0
성형외과의원,대구광역시,중구,60,60,61
성형외과의원,대구광역시,동구,3,3,3
성형외과의원,대구광역시,서구,0,0,0
성형외과의원,대구광역시,남구,0,0,0
성형외과의원,대구광역시,북구,3,3,3
성형외과의원,대구광역시,수성구,10,10,9
성형외과의원,대구광역시,달서구,5,5,5
성형외과의원,인천광역시,제물포구,0,0,0
성형외과의원,인천광역시,영종구,0,0,0
성형외과의원,인천광역시,미추홀구,0,0,0
성형외과의원,인천광역시,연수구,13,13,12
성형외과의원,인천광역시,남동구,18,18,20
성형외과의원,인천광역시,부평구,14,14,16
성형외과의원,인천광역시,계양구,0,0,0
성형외과의원,인천광역시,서해구,3,3,0
성형외과의원,인천광역시,검단구,3,0,0
성형외과의원,대전광역시,동구,0,0,0
성형외과의원,대전광역시,중구,0,0,0
성형외과의원,대전광역시,서구,37,37,39
성형외과의원,대전광역시,유성구,5,5,4
성형외과의원,울산광역시,중구,0,0,0
성형외과의원,울산광역시,남구,16,17,17
성형외과의원,울산광역시,동구,0,0,0
성형외과의원,세종특별자치시,0,6,6,6
성형외과의원,경기도,수원시 장안구,0,0,0
성형외과의원,경기도,수원시 권선구,0,0,0
성형외과의원,경기도,수원시 팔달구,20,20,20
성형외과의원,경기도,수원시 영통구,11,11,9
성형외과의원,경기도,성남시 수정구,3,3,3
성형외과의원,경기도,성남시 중원구,0,0,0
성형외과의원,경기도,성남시 분당구,26,26,26
성형외과의원,경기도,의정부시,10,10,10
성형외과의원,경기도,안양시 만안구,4,4,4
성형외과의원,경기도,안양시 동안구,12,12,12
성형외과의원,경기도,부천시 원미구,20,20,20
성형외과의원,경기도,부천시 소사구,0,0,0
성형외과의원,경기도,부천시 오정구,0,0,0
성형외과의원,경기도,광명시,3,3,3
성형외과의원,경기도,평택시,6,6,6
성형외과의원,경기도,동두천시,0,0,0
성형외과의원,경기도,안산시 상록구,0,0,0
성형외과의원,경기도,안산시 단원구,14,14,14
성형외과의원,경기도,고양시 덕양구,0,0,0
성형외과의원,경기도,고양시 일산동구,10,10,11
성형외과의원,경기도,고양시 일산서구,4,4,4
성형외과의원,경기도,구리시,6,6,6
성형외과의원,경기도,남양주시,0,0,0
성형외과의원,경기도,오산시,3,3,3
성형외과의원,경기도,시흥시,3,3,4
성형외과의원,경기도,군포시,0,0,0
성형외과의원,경기도,하남시,3,3,3
성형외과의원,경기도,용인시 처인구,0,0,0
성형외과의원,경기도,용인시 기흥구,3,3,0
성형외과의원,경기도,용인시 수지구,0,0,0
성형외과의원,경기도,파주시,4,4,4
성형외과의원,경기도,이천시,0,0,0
성형외과의원,경기도,김포시,4,4,4
성형외과의원,경기도,화성시 만세구,0,0,0
성형외과의원,경기도,화성시 동탄구,11,10,10
성형외과의원,경기도,광주시,0,0,0
성형외과의원,경기도,포천시,0,0,0
성형외과의원,충청북도,청주시 상당구,5,5,5
성형외과의원,충청북도,청주시 흥덕구,12,12,14
성형외과의원,충청북도,청주시 청원구,0,0,0
성형외과의원,충청북도,충주시,5,5,5
성형외과의원,충청북도,제천시,0,0,0
성형외과의원,충청남도,천안시 동남구,9,9,9
성형외과의원,충청남도,천안시 서북구,9,9,8
성형외과의원,충청남도,아산시,0,0,0
성형외과의원,충청남도,서산시,3,3,3
성형외과의원,충청남도,계룡시,0,0,0
성형외과의원,충청남도,당진시,0,0,0
성형외과의원,충청남도,홍성군,0,0,0
성형외과의원,경상북도,포항시 남구,0,0,0
성형외과의원,경상북도,포항시 북구,6,6,6
성형외과의원,경상북도,경주시,3,3,3
성형외과의원,경상북도,김천시,0,0,0
성형외과의원,경상북도,안동시,0,0,0
성형외과의원,경상북도,구미시,3,3,3
성형외과의원,경상북도,경산시,0,0,0
성형외과의원,경상북도,예천군,0,0,0
성형외과의원,경상남도,창원시 의창구,0,0,0
성형외과의원,경상남도,창원시 성산구,14,15,16
성형외과의원,경상남도,창원시 마산회원구,4,4,4
성형외과의원,경상남도,창원시 진해구,0,0,0
성형외과의원,경상남도,진주시,5,5,5
성형외과의원,경상남도,통영시,0,0,0
성형외과의원,경상남도,김해시,9,9,7
성형외과의원,경상남도,거제시,3,3,3
성형외과의원,경상남도,양산시,3,3,3
성형외과의원,제주특별자치도,제주시,14,15,17
성형외과의원,제주특별자치도,서귀포시,0,0,0
성형외과의원,강원특별자치도,춘천시,3,3,3
성형외과의원,강원특별자치도,원주시,8,8,7
성형외과의원,강원특별자치도,강릉시,5,5,5
성형외과의원,전북특별자치도,전주시 완산구,17,17,18
성형외과의원,전북특별자치도,전주시 덕진구,0,0,0
성형외과의원,전북특별자치도,군산시,0,0,0
성형외과의원,전북특별자치도,익산시,5,5,4
성형외과의원,전북특별자치도,완주군,0,0,0
성형외과의원,전북특별자치도,부안군,0,0,0
신경정신과의원,서울특별시,종로구,20,20,21
신경정신과의원,서울특별시,중구,24,24,23
신경정신과의원,서울특별시,용산구,9,9,8
신경정신과의원,서울특별시,성동구,20,20,21
신경정신과의원,서울특별시,광진구,26,26,25
신경정신과의원,서울특별시,동대문구,20,20,19
신경정신과의원,서울특별시,중랑구,15,15,15
신경정신과의원,서울특별시,성북구,17,17,17
신경정신과의원,서울특별시,강북구,12,12,13
신경정신과의원,서울특별시,도봉구,8,8,7
신경정신과의원,서울특별시,노원구,26,26,25
신경정신과의원,서울특별시,은평구,21,21,22
신경정신과의원,서울특별시,서대문구,14,13,13
신경정신과의원,서울특별시,마포구,47,47,43
신경정신과의원,서울특별시,양천구,20,20,20
신경정신과의원,서울특별시,강서구,32,32,30
신경정신과의원,서울특별시,구로구,10,10,10
신경정신과의원,서울특별시,금천구,13,13,13
신경정신과의원,서울특별시,영등포구,32,32,32
신경정신과의원,서울특별시,동작구,20,20,20
신경정신과의원,서울특별시,관악구,29,29,27
신경정신과의원,서울특별시,서초구,84,84,81
신경정신과의원,서울특별시,강남구,154,156,153
신경정신과의원,서울특별시,송파구,71,71,61
신경정신과의원,서울특별시,강동구,39,39,39
신경정신과의원,전남광주통합특별시,목포시,8,8,8
신경정신과의원,전남광주통합특별시,여수시,7,7,7
신경정신과의원,전남광주통합특별시,순천시,16,16,16
신경정신과의원,전남광주통합특별시,나주시,3,3,3
신경정신과의원,전남광주통합특별시,광양시,3,3,3
신경정신과의원,전남광주통합특별시,동구,8,8,6
신경정신과의원,전남광주통합특별시,서구,23,22,22
신경정신과의원,전남광주통합특별시,남구,12,12,11
신경정신과의원,전남광주통합특별시,북구,19,19,18
신경정신과의원,전남광주통합특별시,광산구,12,12,12
신경정신과의원,전남광주통합특별시,담양군,0,0,0
신경정신과의원,전남광주통합특별시,구례군,0,0,0
신경정신과의원,전남광주통합특별시,고흥군,0,0,0
신경정신과의원,전남광주통합특별시,장흥군,0,0,0
신경정신과의원,전남광주통합특별시,강진군,0,0,0
신경정신과의원,전남광주통합특별시,해남군,0,0,0
신경정신과의원,전남광주통합특별시,무안군,0,0,0
신경정신과의원,전남광주통합특별시,함평군,0,0,0
신경정신과의원,전남광주통합특별시,영광군,0,0,0
신경정신과의원,전남광주통합특별시,진도군,0,0,0
신경정신과의원,부산광역시,중구,5,5,5
신경정신과의원,부산광역시,서구,5,5,5
신경정신과의원,부산광역시,동구,5,5,6
신경정신과의원,부산광역시,영도구,4,4,4
신경정신과의원,부산광역시,부산진구,30,30,29
신경정신과의원,부산광역시,동래구,15,15,15
신경정신과의원,부산광역시,남구,17,17,17
신경정신과의원,부산광역시,북구,16,16,13
신경정신과의원,부산광역시,해운대구,28,28,28
신경정신과의원,부산광역시,사하구,14,14,14
신경정신과의원,부산광역시,금정구,11,11,11
신경정신과의원,부산광역시,강서구,0,0,0
신경정신과의원,부산광역시,연제구,18,18,17
신경정신과의원,부산광역시,수영구,15,15,15
신경정신과의원,부산광역시,사상구,7,7,7
신경정신과의원,부산광역시,기장군,4,4,4
신경정신과의원,대구광역시,중구,17,17,17
신경정신과의원,대구광역시,동구,17,17,16
신경정신과의원,대구광역시,서구,4,4,5
신경정신과의원,대구광역시,남구,8,8,7
신경정신과의원,대구광역시,북구,17,17,17
신경정신과의원,대구광역시,수성구,48,48,45
신경정신과의원,대구광역시,달서구,33,33,33
신경정신과의원,대구광역시,달성군,6,6,6
신경정신과의원,인천광역시,제물포구,0,0,0
신경정신과의원,인천광역시,영종구,0,0,0
신경정신과의원,인천광역시,미추홀구,18,18,18
신경정신과의원,인천광역시,연수구,16,16,16
신경정신과의원,인천광역시,남동구,21,21,21
신경정신과의원,인천광역시,부평구,18,18,16
신경정신과의원,인천광역시,계양구,8,8,8
신경정신과의원,인천광역시,서해구,10,10,9
신경정신과의원,인천광역시,검단구,8,8,7
신경정신과의원,인천광역시,강화군,0,0,0
신경정신과의원,대전광역시,동구,11,11,11
신경정신과의원,대전광역시,중구,18,18,19
신경정신과의원,대전광역시,서구,34,34,35
신경정신과의원,대전광역시,유성구,17,17,18
신경정신과의원,대전광역시,대덕구,7,7,7
신경정신과의원,울산광역시,중구,5,5,5
신경정신과의원,울산광역시,남구,21,21,21
신경정신과의원,울산광역시,동구,0,0,0
신경정신과의원,울산광역시,북구,0,0,0
신경정신과의원,울산광역시,울주군,0,0,0
신경정신과의원,세종특별자치시,0,19,18,18
신경정신과의원,경기도,수원시 장안구,8,8,8
신경정신과의원,경기도,수원시 권선구,4,4,5
신경정신과의원,경기도,수원시 팔달구,26,26,22
신경정신과의원,경기도,수원시 영통구,21,21,20
신경정신과의원,경기도,성남시 수정구,14,14,13
신경정신과의원,경기도,성남시 중원구,8,8,8
신경정신과의원,경기도,성남시 분당구,56,56,55
신경정신과의원,경기도,의정부시,18,18,18
신경정신과의원,경기도,안양시 만안구,9,9,9
신경정신과의원,경기도,안양시 동안구,21,21,21
신경정신과의원,경기도,부천시 원미구,27,27,28
신경정신과의원,경기도,부천시 소사구,7,7,7
신경정신과의원,경기도,부천시 오정구,0,0,0
신경정신과의원,경기도,광명시,16,16,14
신경정신과의원,경기도,평택시,11,11,11
신경정신과의원,경기도,동두천시,5,5,5
신경정신과의원,경기도,안산시 상록구,4,4,4
신경정신과의원,경기도,안산시 단원구,16,16,15
신경정신과의원,경기도,고양시 덕양구,17,17,17
신경정신과의원,경기도,고양시 일산동구,10,10,10
신경정신과의원,경기도,고양시 일산서구,15,15,15
신경정신과의원,경기도,과천시,6,6,5
신경정신과의원,경기도,구리시,11,11,11
신경정신과의원,경기도,남양주시,19,19,18
신경정신과의원,경기도,오산시,6,6,5
신경정신과의원,경기도,시흥시,15,15,14
신경정신과의원,경기도,군포시,9,9,9
신경정신과의원,경기도,하남시,15,15,15
신경정신과의원,경기도,용인시 처인구,8,8,8
신경정신과의원,경기도,용인시 기흥구,12,12,12
신경정신과의원,경기도,용인시 수지구,13,14,14
신경정신과의원,경기도,파주시,13,13,12
신경정신과의원,경기도,이천시,4,4,4
신경정신과의원,경기도,안성시,5,5,5
신경정신과의원,경기도,김포시,11,11,11
신경정신과의원,경기도,화성시 만세구,4,4,4
신경정신과의원,경기도,화성시 효행구,3,3,3
신경정신과의원,경기도,화성시 병점구,0,0,0
신경정신과의원,경기도,화성시 동탄구,17,17,16
신경정신과의원,경기도,광주시,7,7,6
신경정신과의원,경기도,양주시,4,4,4
신경정신과의원,경기도,포천시,3,3,3
신경정신과의원,경기도,여주시,0,0,0
신경정신과의원,경기도,연천군,0,0,0
신경정신과의원,경기도,가평군,0,0,0
신경정신과의원,경기도,양평군,0,0,0
신경정신과의원,충청북도,청주시 상당구,11,11,12
신경정신과의원,충청북도,청주시 서원구,6,6,7
신경정신과의원,충청북도,청주시 흥덕구,13,13,12
신경정신과의원,충청북도,청주시 청원구,8,8,8
신경정신과의원,충청북도,충주시,6,6,6
신경정신과의원,충청북도,제천시,3,3,3
신경정신과의원,충청북도,옥천군,5,5,5
신경정신과의원,충청북도,영동군,3,3,3
신경정신과의원,충청북도,증평군,0,0,0
신경정신과의원,충청북도,진천군,0,0,0
신경정신과의원,충청북도,음성군,3,3,3
신경정신과의원,충청남도,천안시 동남구,11,11,11
신경정신과의원,충청남도,천안시 서북구,12,12,12
신경정신과의원,충청남도,공주시,5,5,5
신경정신과의원,충청남도,보령시,0,0,0
신경정신과의원,충청남도,아산시,12,11,11
신경정신과의원,충청남도,서산시,5,5,5
신경정신과의원,충청남도,논산시,5,5,5
신경정신과의원,충청남도,당진시,3,3,3
신경정신과의원,충청남도,금산군,0,0,0
신경정신과의원,충청남도,부여군,0,0,0
신경정신과의원,충청남도,서천군,0,0,0
신경정신과의원,충청남도,홍성군,3,3,3
신경정신과의원,충청남도,예산군,0,0,0
신경정신과의원,경상북도,포항시 남구,0,0,0
신경정신과의원,경상북도,포항시 북구,11,11,9
신경정신과의원,경상북도,경주시,6,6,6
신경정신과의원,경상북도,김천시,3,3,3
신경정신과의원,경상북도,안동시,4,4,4
신경정신과의원,경상북도,구미시,10,10,10
신경정신과의원,경상북도,영주시,0,0,0
신경정신과의원,경상북도,영천시,0,0,0
신경정신과의원,경상북도,상주시,0,0,0
신경정신과의원,경상북도,문경시,0,0,0
신경정신과의원,경상북도,경산시,11,11,11
신경정신과의원,경상북도,고령군,0,0,0
신경정신과의원,경상북도,칠곡군,0,0,0
신경정신과의원,경상북도,울진군,0,0,0
신경정신과의원,경상남도,창원시 의창구,6,6,6
신경정신과의원,경상남도,창원시 성산구,12,12,12
신경정신과의원,경상남도,창원시 마산합포구,6,6,6
신경정신과의원,경상남도,창원시 마산회원구,9,9,9
신경정신과의원,경상남도,창원시 진해구,4,4,4
신경정신과의원,경상남도,진주시,14,14,14
신경정신과의원,경상남도,통영시,5,5,5
신경정신과의원,경상남도,사천시,0,0,0
신경정신과의원,경상남도,김해시,12,12,11
신경정신과의원,경상남도,밀양시,3,3,3
신경정신과의원,경상남도,거제시,3,3,3
신경정신과의원,경상남도,양산시,10,10,9
신경정신과의원,경상남도,함양군,0,0,0
신경정신과의원,경상남도,거창군,0,0,0
신경정신과의원,제주특별자치도,제주시,28,28,27
신경정신과의원,제주특별자치도,서귀포시,3,3,3
신경정신과의원,강원특별자치도,춘천시,13,13,13
신경정신과의원,강원특별자치도,원주시,13,13,13
신경정신과의원,강원특별자치도,강릉시,9,9,9
신경정신과의원,강원특별자치도,동해시,0,0,0
신경정신과의원,강원특별자치도,태백시,0,0,0
신경정신과의원,강원특별자치도,속초시,0,0,0
신경정신과의원,강원특별자치도,삼척시,0,0,0
신경정신과의원,강원특별자치도,홍천군,0,0,0
신경정신과의원,강원특별자치도,인제군,0,0,0
신경정신과의원,전북특별자치도,전주시 완산구,22,22,23
신경정신과의원,전북특별자치도,전주시 덕진구,19,19,18
신경정신과의원,전북특별자치도,군산시,10,10,10
신경정신과의원,전북특별자치도,익산시,11,11,11
신경정신과의원,전북특별자치도,정읍시,0,0,0
신경정신과의원,전북특별자치도,남원시,4,4,4
신경정신과의원,전북특별자치도,김제시,3,3,3
신경정신과의원,전북특별자치도,완주군,0,0,0
신경정신과의원,전북특별자치도,무주군,0,0,0
신경정신과의원,전북특별자치도,순창군,0,0,0
신경정신과의원,전북특별자치도,고창군,0,0,0
신경정신과의원,전북특별자치도,부안군,0,0,0
안과의원,서울특별시,종로구,12,12,12
안과의원,서울특별시,중구,10,10,9
안과의원,서울특별시,용산구,6,6,6
안과의원,서울특별시,성동구,11,11,10
안과의원,서울특별시,광진구,16,16,15
안과의원,서울특별시,동대문구,18,18,14
안과의원,서울특별시,중랑구,16,15,13
안과의원,서울특별시,성북구,14,14,14
안과의원,서울특별시,강북구,12,12,14
안과의원,서울특별시,도봉구,8,8,11
안과의원,서울특별시,노원구,21,21,22
안과의원,서울특별시,은평구,19,19,19
안과의원,서울특별시,서대문구,14,14,15
안과의원,서울특별시,마포구,17,17,15
안과의원,서울특별시,양천구,13,13,13
안과의원,서울특별시,강서구,25,25,24
안과의원,서울특별시,구로구,18,18,18
안과의원,서울특별시,금천구,9,9,9
안과의원,서울특별시,영등포구,17,17,16
안과의원,서울특별시,동작구,15,15,17
안과의원,서울특별시,관악구,16,16,16
안과의원,서울특별시,서초구,49,50,47
안과의원,서울특별시,강남구,76,76,76
안과의원,서울특별시,송파구,33,33,33
안과의원,서울특별시,강동구,23,23,22
안과의원,전남광주통합특별시,목포시,7,7,7
안과의원,전남광주통합특별시,여수시,9,9,9
안과의원,전남광주통합특별시,순천시,7,7,7
안과의원,전남광주통합특별시,나주시,4,4,4
안과의원,전남광주통합특별시,광양시,3,3,3
안과의원,전남광주통합특별시,동구,6,6,6
안과의원,전남광주통합특별시,서구,13,13,13
안과의원,전남광주통합특별시,남구,5,5,5
안과의원,전남광주통합특별시,북구,9,9,10
안과의원,전남광주통합특별시,광산구,7,7,7
안과의원,전남광주통합특별시,담양군,0,0,0
안과의원,전남광주통합특별시,구례군,0,0,0
안과의원,전남광주통합특별시,고흥군,0,0,0
안과의원,전남광주통합특별시,보성군,0,0,0
안과의원,전남광주통합특별시,화순군,0,0,0
안과의원,전남광주통합특별시,장흥군,0,0,0
안과의원,전남광주통합특별시,강진군,0,0,0
안과의원,전남광주통합특별시,해남군,0,0,0
안과의원,전남광주통합특별시,영암군,0,0,0
안과의원,전남광주통합특별시,무안군,0,0,0
안과의원,전남광주통합특별시,영광군,0,0,0
안과의원,전남광주통합특별시,장성군,0,0,0
안과의원,전남광주통합특별시,완도군,0,0,0
안과의원,전남광주통합특별시,진도군,0,0,0
안과의원,부산광역시,중구,3,3,3
안과의원,부산광역시,서구,5,5,5
안과의원,부산광역시,동구,4,4,4
안과의원,부산광역시,영도구,5,5,5
안과의원,부산광역시,부산진구,33,33,32
안과의원,부산광역시,동래구,19,19,19
안과의원,부산광역시,남구,8,8,8
안과의원,부산광역시,북구,9,9,8
안과의원,부산광역시,해운대구,19,19,19
안과의원,부산광역시,사하구,12,12,12
안과의원,부산광역시,금정구,7,7,7
안과의원,부산광역시,강서구,3,3,3
안과의원,부산광역시,연제구,9,9,9
안과의원,부산광역시,수영구,9,9,9
안과의원,부산광역시,사상구,6,6,6
안과의원,부산광역시,기장군,6,6,6
안과의원,대구광역시,중구,19,19,18
안과의원,대구광역시,동구,12,12,12
안과의원,대구광역시,서구,7,7,7
안과의원,대구광역시,남구,7,7,7
안과의원,대구광역시,북구,14,14,14
안과의원,대구광역시,수성구,26,26,25
안과의원,대구광역시,달서구,24,24,24
안과의원,대구광역시,달성군,7,7,7
안과의원,인천광역시,제물포구,3,3,3
안과의원,인천광역시,영종구,3,3,3
안과의원,인천광역시,미추홀구,13,13,12
안과의원,인천광역시,연수구,13,13,13
안과의원,인천광역시,남동구,14,14,14
안과의원,인천광역시,부평구,14,14,15
안과의원,인천광역시,계양구,9,8,8
안과의원,인천광역시,서해구,10,10,10
안과의원,인천광역시,검단구,7,7,7
안과의원,인천광역시,강화군,0,0,0
안과의원,대전광역시,동구,10,10,10
안과의원,대전광역시,중구,7,7,7
안과의원,대전광역시,서구,17,17,17
안과의원,대전광역시,유성구,11,11,10
안과의원,대전광역시,대덕구,5,5,5
안과의원,울산광역시,중구,5,5,5
안과의원,울산광역시,남구,16,16,16
안과의원,울산광역시,동구,3,3,3
안과의원,울산광역시,북구,4,4,4
안과의원,울산광역시,울주군,5,5,5
안과의원,세종특별자치시,0,7,7,7
안과의원,경기도,수원시 장안구,7,7,7
안과의원,경기도,수원시 권선구,8,8,8
안과의원,경기도,수원시 팔달구,13,13,12
안과의원,경기도,수원시 영통구,12,12,12
안과의원,경기도,성남시 수정구,12,12,13
안과의원,경기도,성남시 중원구,6,6,6
안과의원,경기도,성남시 분당구,20,20,20
안과의원,경기도,의정부시,12,12,14
안과의원,경기도,안양시 만안구,4,5,5
안과의원,경기도,안양시 동안구,14,14,14
안과의원,경기도,부천시 원미구,17,17,17
안과의원,경기도,부천시 소사구,9,9,9
안과의원,경기도,부천시 오정구,5,5,5
안과의원,경기도,광명시,17,17,15
안과의원,경기도,평택시,17,17,17
안과의원,경기도,동두천시,3,3,3
안과의원,경기도,안산시 상록구,6,6,6
안과의원,경기도,안산시 단원구,12,12,12
안과의원,경기도,고양시 덕양구,14,14,14
안과의원,경기도,고양시 일산동구,5,4,4
안과의원,경기도,고양시 일산서구,9,9,9
안과의원,경기도,과천시,4,4,3
안과의원,경기도,구리시,7,7,6
안과의원,경기도,남양주시,23,23,21
안과의원,경기도,오산시,7,7,6
안과의원,경기도,시흥시,12,12,12
안과의원,경기도,군포시,8,8,8
안과의원,경기도,의왕시,4,4,4
안과의원,경기도,하남시,11,11,11
안과의원,경기도,용인시 처인구,6,6,6
안과의원,경기도,용인시 기흥구,10,10,10
안과의원,경기도,용인시 수지구,14,14,11
안과의원,경기도,파주시,11,11,12
안과의원,경기도,이천시,6,6,6
안과의원,경기도,안성시,4,4,4
안과의원,경기도,김포시,13,13,13
안과의원,경기도,화성시 만세구,6,6,5
안과의원,경기도,화성시 효행구,3,3,3
안과의원,경기도,화성시 병점구,4,4,4
안과의원,경기도,화성시 동탄구,12,12,12
안과의원,경기도,광주시,6,6,6
안과의원,경기도,양주시,6,6,6
안과의원,경기도,포천시,4,4,4
안과의원,경기도,여주시,0,0,0
안과의원,경기도,연천군,0,0,0
안과의원,경기도,가평군,0,0,0
안과의원,경기도,양평군,4,4,4
안과의원,충청북도,청주시 상당구,7,7,7
안과의원,충청북도,청주시 서원구,0,0,0
안과의원,충청북도,청주시 흥덕구,6,6,6
안과의원,충청북도,청주시 청원구,5,5,5
안과의원,충청북도,충주시,3,3,4
안과의원,충청북도,제천시,5,5,5
안과의원,충청북도,보은군,0,0,0
안과의원,충청북도,옥천군,0,0,0
안과의원,충청북도,영동군,0,0,0
안과의원,충청북도,증평군,0,0,0
안과의원,충청북도,진천군,0,0,0
안과의원,충청북도,음성군,0,0,0
안과의원,충청남도,천안시 동남구,7,7,7
안과의원,충청남도,천안시 서북구,10,10,10
안과의원,충청남도,공주시,4,4,4
안과의원,충청남도,보령시,0,0,0
안과의원,충청남도,아산시,8,8,8
안과의원,충청남도,서산시,4,4,4
안과의원,충청남도,논산시,3,3,3
안과의원,충청남도,계룡시,0,0,0
안과의원,충청남도,당진시,5,5,5
안과의원,충청남도,금산군,0,0,0
안과의원,충청남도,부여군,0,0,0
안과의원,충청남도,서천군,0,0,0
안과의원,충청남도,홍성군,3,3,3
안과의원,충청남도,예산군,0,0,0
안과의원,충청남도,태안군,0,0,0
안과의원,경상북도,포항시 남구,6,6,6
안과의원,경상북도,포항시 북구,7,7,7
안과의원,경상북도,경주시,6,6,6
안과의원,경상북도,김천시,3,3,3
안과의원,경상북도,안동시,5,5,5
안과의원,경상북도,구미시,8,8,8
안과의원,경상북도,영주시,4,4,4
안과의원,경상북도,영천시,4,4,4
안과의원,경상북도,상주시,3,3,3
안과의원,경상북도,문경시,0,0,0
안과의원,경상북도,경산시,7,7,7
안과의원,경상북도,의성군,0,0,0
안과의원,경상북도,청송군,0,0,0
안과의원,경상북도,청도군,0,0,0
안과의원,경상북도,고령군,0,0,0
안과의원,경상북도,성주군,0,0,0
안과의원,경상북도,칠곡군,3,3,3
안과의원,경상북도,예천군,0,0,0
안과의원,경상북도,봉화군,0,0,0
안과의원,경상북도,울진군,0,0,0
안과의원,경상남도,창원시 의창구,4,4,3
안과의원,경상남도,창원시 성산구,10,10,10
안과의원,경상남도,창원시 마산합포구,5,5,5
안과의원,경상남도,창원시 마산회원구,6,6,6
안과의원,경상남도,창원시 진해구,5,5,5
안과의원,경상남도,진주시,14,14,13
안과의원,경상남도,통영시,4,4,4
안과의원,경상남도,사천시,3,3,3
안과의원,경상남도,김해시,15,15,15
안과의원,경상남도,밀양시,5,5,5
안과의원,경상남도,거제시,4,4,4
안과의원,경상남도,양산시,10,10,10
안과의원,경상남도,함안군,0,0,0
안과의원,경상남도,창녕군,0,0,0
안과의원,경상남도,고성군,0,0,0
안과의원,경상남도,남해군,0,0,0
안과의원,경상남도,하동군,0,0,0
안과의원,경상남도,산청군,0,0,0
안과의원,경상남도,함양군,0,0,0
안과의원,경상남도,거창군,0,0,0
안과의원,경상남도,합천군,0,0,0
안과의원,제주특별자치도,제주시,18,18,18
안과의원,제주특별자치도,서귀포시,4,4,4
안과의원,강원특별자치도,춘천시,11,11,11
안과의원,강원특별자치도,원주시,11,11,10
안과의원,강원특별자치도,강릉시,8,8,8
안과의원,강원특별자치도,동해시,0,0,0
안과의원,강원특별자치도,태백시,0,0,0
안과의원,강원특별자치도,속초시,4,4,4
안과의원,강원특별자치도,삼척시,0,0,0
안과의원,강원특별자치도,홍천군,0,0,0
안과의원,강원특별자치도,횡성군,0,0,0
안과의원,강원특별자치도,영월군,0,0,0
안과의원,강원특별자치도,철원군,0,0,0
안과의원,전북특별자치도,전주시 완산구,14,15,15
안과의원,전북특별자치도,전주시 덕진구,11,11,11
안과의원,전북특별자치도,군산시,10,10,10
안과의원,전북특별자치도,익산시,6,6,6
안과의원,전북특별자치도,정읍시,3,3,3
안과의원,전북특별자치도,남원시,4,4,4
안과의원,전북특별자치도,김제시,3,3,3
안과의원,전북특별자치도,완주군,0,0,0
안과의원,전북특별자치도,진안군,0,0,0
안과의원,전북특별자치도,무주군,0,0,0
안과의원,전북특별자치도,순창군,0,0,0
안과의원,전북특별자치도,고창군,0,0,0
안과의원,전북특별자치도,부안군,0,0,0
이비인후과의원,서울특별시,종로구,16,16,16
이비인후과의원,서울특별시,중구,26,26,25
이비인후과의원,서울특별시,용산구,9,9,9
이비인후과의원,서울특별시,성동구,21,21,21
이비인후과의원,서울특별시,광진구,29,29,29
이비인후과의원,서울특별시,동대문구,26,26,23
이비인후과의원,서울특별시,중랑구,29,29,29
이비인후과의원,서울특별시,성북구,24,23,23
이비인후과의원,서울특별시,강북구,21,21,20
이비인후과의원,서울특별시,도봉구,16,16,16
이비인후과의원,서울특별시,노원구,35,35,34
이비인후과의원,서울특별시,은평구,26,26,26
이비인후과의원,서울특별시,서대문구,19,19,18
이비인후과의원,서울특별시,마포구,34,34,33
이비인후과의원,서울특별시,양천구,32,32,31
이비인후과의원,서울특별시,강서구,45,45,45
이비인후과의원,서울특별시,구로구,24,24,24
이비인후과의원,서울특별시,금천구,15,15,15
이비인후과의원,서울특별시,영등포구,37,37,37
이비인후과의원,서울특별시,동작구,32,32,31
이비인후과의원,서울특별시,관악구,27,27,26
이비인후과의원,서울특별시,서초구,40,40,42
이비인후과의원,서울특별시,강남구,86,85,83
이비인후과의원,서울특별시,송파구,54,54,50
이비인후과의원,서울특별시,강동구,45,45,43
이비인후과의원,전남광주통합특별시,목포시,7,7,8
이비인후과의원,전남광주통합특별시,여수시,13,13,13
이비인후과의원,전남광주통합특별시,순천시,10,10,10
이비인후과의원,전남광주통합특별시,나주시,5,5,5
이비인후과의원,전남광주통합특별시,광양시,3,3,3
이비인후과의원,전남광주통합특별시,동구,12,12,12
이비인후과의원,전남광주통합특별시,서구,16,16,16
이비인후과의원,전남광주통합특별시,남구,14,14,14
이비인후과의원,전남광주통합특별시,북구,19,19,20
이비인후과의원,전남광주통합특별시,광산구,20,20,20
이비인후과의원,전남광주통합특별시,담양군,0,0,0
이비인후과의원,전남광주통합특별시,고흥군,0,0,0
이비인후과의원,전남광주통합특별시,화순군,3,3,3
이비인후과의원,전남광주통합특별시,장흥군,0,0,0
이비인후과의원,전남광주통합특별시,강진군,0,0,0
이비인후과의원,전남광주통합특별시,해남군,0,0,0
이비인후과의원,전남광주통합특별시,무안군,0,0,0
이비인후과의원,전남광주통합특별시,영광군,0,0,0
이비인후과의원,전남광주통합특별시,완도군,0,0,0
이비인후과의원,부산광역시,중구,5,5,5
이비인후과의원,부산광역시,서구,6,6,6
이비인후과의원,부산광역시,동구,6,6,6
이비인후과의원,부산광역시,영도구,6,6,6
이비인후과의원,부산광역시,부산진구,25,25,24
이비인후과의원,부산광역시,동래구,18,18,17
이비인후과의원,부산광역시,남구,20,20,19
이비인후과의원,부산광역시,북구,13,13,14
이비인후과의원,부산광역시,해운대구,26,26,25
이비인후과의원,부산광역시,사하구,18,18,18
이비인후과의원,부산광역시,금정구,16,16,16
이비인후과의원,부산광역시,강서구,6,6,6
이비인후과의원,부산광역시,연제구,14,15,15
이비인후과의원,부산광역시,수영구,9,9,9
이비인후과의원,부산광역시,사상구,11,11,11
이비인후과의원,부산광역시,기장군,8,8,8
이비인후과의원,대구광역시,중구,16,16,17
이비인후과의원,대구광역시,동구,19,19,19
이비인후과의원,대구광역시,서구,9,9,9
이비인후과의원,대구광역시,남구,7,8,8
이비인후과의원,대구광역시,북구,26,26,26
이비인후과의원,대구광역시,수성구,35,35,36
이비인후과의원,대구광역시,달서구,43,43,43
이비인후과의원,대구광역시,달성군,15,15,15
이비인후과의원,인천광역시,제물포구,5,5,5
이비인후과의원,인천광역시,영종구,5,5,5
이비인후과의원,인천광역시,미추홀구,20,20,19
이비인후과의원,인천광역시,연수구,26,26,26
이비인후과의원,인천광역시,남동구,32,32,32
이비인후과의원,인천광역시,부평구,27,27,27
이비인후과의원,인천광역시,계양구,15,15,16
이비인후과의원,인천광역시,서해구,19,19,19
이비인후과의원,인천광역시,검단구,12,12,13
이비인후과의원,인천광역시,강화군,0,0,0
이비인후과의원,대전광역시,동구,12,12,12
이비인후과의원,대전광역시,중구,12,12,12
이비인후과의원,대전광역시,서구,26,26,27
이비인후과의원,대전광역시,유성구,19,19,19
이비인후과의원,대전광역시,대덕구,10,10,10
이비인후과의원,울산광역시,중구,8,8,8
이비인후과의원,울산광역시,남구,19,19,19
이비인후과의원,울산광역시,동구,6,6,6
이비인후과의원,울산광역시,북구,10,10,9
이비인후과의원,울산광역시,울주군,8,8,8
이비인후과의원,세종특별자치시,0,18,18,18
이비인후과의원,경기도,수원시 장안구,14,14,14
이비인후과의원,경기도,수원시 권선구,17,17,16
이비인후과의원,경기도,수원시 팔달구,17,17,16
이비인후과의원,경기도,수원시 영통구,23,23,23
이비인후과의원,경기도,성남시 수정구,25,25,25
이비인후과의원,경기도,성남시 중원구,15,15,15
이비인후과의원,경기도,성남시 분당구,49,49,46
이비인후과의원,경기도,의정부시,25,25,25
이비인후과의원,경기도,안양시 만안구,11,11,11
이비인후과의원,경기도,안양시 동안구,25,25,25
이비인후과의원,경기도,부천시 원미구,25,25,26
이비인후과의원,경기도,부천시 소사구,10,10,10
이비인후과의원,경기도,부천시 오정구,7,7,7
이비인후과의원,경기도,광명시,23,23,22
이비인후과의원,경기도,평택시,22,22,22
이비인후과의원,경기도,동두천시,4,4,4
이비인후과의원,경기도,안산시 상록구,11,11,10
이비인후과의원,경기도,안산시 단원구,15,15,15
이비인후과의원,경기도,고양시 덕양구,33,33,32
이비인후과의원,경기도,고양시 일산동구,15,15,15
이비인후과의원,경기도,고양시 일산서구,19,19,19
이비인후과의원,경기도,과천시,8,8,9
이비인후과의원,경기도,구리시,16,16,15
이비인후과의원,경기도,남양주시,43,43,38
이비인후과의원,경기도,오산시,11,11,11
이비인후과의원,경기도,시흥시,27,27,27
이비인후과의원,경기도,군포시,16,16,15
이비인후과의원,경기도,의왕시,11,11,10
이비인후과의원,경기도,하남시,23,23,22
이비인후과의원,경기도,용인시 처인구,13,13,11
이비인후과의원,경기도,용인시 기흥구,22,22,22
이비인후과의원,경기도,용인시 수지구,26,26,25
이비인후과의원,경기도,파주시,23,23,21
이비인후과의원,경기도,이천시,7,7,6
이비인후과의원,경기도,안성시,9,9,9
이비인후과의원,경기도,김포시,27,27,27
이비인후과의원,경기도,화성시,0,0,0
이비인후과의원,경기도,화성시 만세구,9,9,9
이비인후과의원,경기도,화성시 효행구,6,6,6
이비인후과의원,경기도,화성시 병점구,7,7,7
이비인후과의원,경기도,화성시 동탄구,27,27,26
이비인후과의원,경기도,광주시,11,11,12
이비인후과의원,경기도,양주시,13,13,13
이비인후과의원,경기도,포천시,4,4,4
이비인후과의원,경기도,여주시,3,3,3
이비인후과의원,경기도,연천군,0,0,0
이비인후과의원,경기도,양평군,0,0,0
이비인후과의원,충청북도,청주시 상당구,8,8,8
이비인후과의원,충청북도,청주시 서원구,9,9,9
이비인후과의원,충청북도,청주시 흥덕구,12,12,11
이비인후과의원,충청북도,청주시 청원구,8,8,8
이비인후과의원,충청북도,충주시,8,8,8
이비인후과의원,충청북도,제천시,6,6,6
이비인후과의원,충청북도,옥천군,0,0,0
이비인후과의원,충청북도,영동군,0,0,0
이비인후과의원,충청북도,증평군,0,0,0
이비인후과의원,충청북도,진천군,0,0,0
이비인후과의원,충청북도,음성군,3,3,3
이비인후과의원,충청남도,천안시 동남구,7,7,7
이비인후과의원,충청남도,천안시 서북구,16,16,15
이비인후과의원,충청남도,공주시,4,4,4
이비인후과의원,충청남도,보령시,3,3,3
이비인후과의원,충청남도,아산시,9,9,9
이비인후과의원,충청남도,서산시,4,4,4
이비인후과의원,충청남도,논산시,6,6,6
이비인후과의원,충청남도,계룡시,3,3,3
이비인후과의원,충청남도,당진시,0,0,0
이비인후과의원,충청남도,금산군,0,0,0
이비인후과의원,충청남도,부여군,0,0,0
이비인후과의원,충청남도,서천군,0,0,0
이비인후과의원,충청남도,홍성군,4,4,3
이비인후과의원,충청남도,예산군,0,0,0
이비인후과의원,충청남도,태안군,0,0,0
이비인후과의원,경상북도,포항시 남구,6,6,6
이비인후과의원,경상북도,포항시 북구,13,13,14
이비인후과의원,경상북도,경주시,5,5,5
이비인후과의원,경상북도,김천시,4,4,4
이비인후과의원,경상북도,안동시,3,3,3
이비인후과의원,경상북도,구미시,19,19,19
이비인후과의원,경상북도,영주시,4,4,4
이비인후과의원,경상북도,영천시,4,4,4
이비인후과의원,경상북도,상주시,0,0,0
이비인후과의원,경상북도,문경시,3,3,3
이비인후과의원,경상북도,경산시,18,18,19
이비인후과의원,경상북도,청도군,0,0,0
이비인후과의원,경상북도,칠곡군,4,4,4
이비인후과의원,경상북도,예천군,0,0,0
이비인후과의원,경상남도,창원시 의창구,9,9,9
이비인후과의원,경상남도,창원시 성산구,15,14,14
이비인후과의원,경상남도,창원시 마산합포구,7,7,7
이비인후과의원,경상남도,창원시 마산회원구,8,8,8
이비인후과의원,경상남도,창원시 진해구,11,11,11
이비인후과의원,경상남도,진주시,14,14,14
이비인후과의원,경상남도,통영시,3,3,3
이비인후과의원,경상남도,사천시,3,3,3
이비인후과의원,경상남도,김해시,25,25,26
이비인후과의원,경상남도,밀양시,3,3,3
이비인후과의원,경상남도,거제시,7,7,7
이비인후과의원,경상남도,양산시,20,19,19
이비인후과의원,경상남도,함안군,0,0,0
이비인후과의원,경상남도,창녕군,0,0,0
이비인후과의원,경상남도,고성군,0,0,0
이비인후과의원,경상남도,거창군,0,0,0
이비인후과의원,경상남도,합천군,0,0,0
이비인후과의원,제주특별자치도,제주시,24,24,23
이비인후과의원,제주특별자치도,서귀포시,7,7,7
이비인후과의원,강원특별자치도,춘천시,10,10,10
이비인후과의원,강원특별자치도,원주시,17,17,17
이비인후과의원,강원특별자치도,강릉시,8,8,8
이비인후과의원,강원특별자치도,동해시,4,4,4
이비인후과의원,강원특별자치도,태백시,0,0,0
이비인후과의원,강원특별자치도,속초시,3,3,3
이비인후과의원,강원특별자치도,삼척시,0,0,0
이비인후과의원,강원특별자치도,홍천군,0,0,0
이비인후과의원,강원특별자치도,철원군,0,0,0
이비인후과의원,전북특별자치도,전주시 완산구,17,17,16
이비인후과의원,전북특별자치도,전주시 덕진구,18,18,19
이비인후과의원,전북특별자치도,군산시,14,14,14
이비인후과의원,전북특별자치도,익산시,13,13,13
이비인후과의원,전북특별자치도,정읍시,4,4,5
이비인후과의원,전북특별자치도,남원시,4,4,4
이비인후과의원,전북특별자치도,김제시,3,3,3
이비인후과의원,전북특별자치도,완주군,0,0,0
이비인후과의원,전북특별자치도,순창군,0,0,0
이비인후과의원,전북특별자치도,고창군,0,0,0
이비인후과의원,전북특별자치도,부안군,0,0,0
일반외과의원,서울특별시,종로구,27,26,27
일반외과의원,서울특별시,중구,32,32,31
일반외과의원,서울특별시,용산구,20,19,17
일반외과의원,서울특별시,성동구,38,37,34
일반외과의원,서울특별시,광진구,55,54,52
일반외과의원,서울특별시,동대문구,57,58,58
일반외과의원,서울특별시,중랑구,61,62,58
일반외과의원,서울특별시,성북구,43,44,42
일반외과의원,서울특별시,강북구,49,49,48
일반외과의원,서울특별시,도봉구,35,36,34
일반외과의원,서울특별시,노원구,59,59,61
일반외과의원,서울특별시,은평구,56,56,53
일반외과의원,서울특별시,서대문구,42,40,41
일반외과의원,서울특별시,마포구,53,53,54
일반외과의원,서울특별시,양천구,60,60,58
일반외과의원,서울특별시,강서구,82,82,82
일반외과의원,서울특별시,구로구,48,48,47
일반외과의원,서울특별시,금천구,33,33,32
일반외과의원,서울특별시,영등포구,64,64,61
일반외과의원,서울특별시,동작구,49,49,45
일반외과의원,서울특별시,관악구,64,63,61
일반외과의원,서울특별시,서초구,98,97,94
일반외과의원,서울특별시,강남구,157,157,158
일반외과의원,서울특별시,송파구,107,109,104
일반외과의원,서울특별시,강동구,77,77,75
일반외과의원,전남광주통합특별시,목포시,28,28,27
일반외과의원,전남광주통합특별시,여수시,26,26,27
일반외과의원,전남광주통합특별시,순천시,17,17,18
일반외과의원,전남광주통합특별시,나주시,6,6,6
일반외과의원,전남광주통합특별시,광양시,13,13,13
일반외과의원,전남광주통합특별시,동구,13,13,13
일반외과의원,전남광주통합특별시,서구,27,28,27
일반외과의원,전남광주통합특별시,남구,24,23,23
일반외과의원,전남광주통합특별시,북구,37,36,38
일반외과의원,전남광주통합특별시,광산구,26,26,27
일반외과의원,전남광주통합특별시,담양군,6,7,5
일반외과의원,전남광주통합특별시,곡성군,0,0,0
일반외과의원,전남광주통합특별시,구례군,0,0,0
일반외과의원,전남광주통합특별시,고흥군,6,6,7
일반외과의원,전남광주통합특별시,보성군,0,0,0
일반외과의원,전남광주통합특별시,화순군,4,4,4
일반외과의원,전남광주통합특별시,장흥군,3,3,3
일반외과의원,전남광주통합특별시,강진군,0,0,0
일반외과의원,전남광주통합특별시,해남군,3,3,3
일반외과의원,전남광주통합특별시,영암군,5,5,5
일반외과의원,전남광주통합특별시,무안군,7,7,6
일반외과의원,전남광주통합특별시,함평군,0,0,0
일반외과의원,전남광주통합특별시,영광군,6,6,5
일반외과의원,전남광주통합특별시,장성군,4,4,5
일반외과의원,전남광주통합특별시,완도군,0,0,0
일반외과의원,전남광주통합특별시,진도군,0,0,0
일반외과의원,전남광주통합특별시,신안군,0,0,0
일반외과의원,부산광역시,중구,14,14,14
일반외과의원,부산광역시,서구,8,8,8
일반외과의원,부산광역시,동구,11,11,11
일반외과의원,부산광역시,영도구,10,10,9
일반외과의원,부산광역시,부산진구,57,57,56
일반외과의원,부산광역시,동래구,32,31,30
일반외과의원,부산광역시,남구,26,26,27
일반외과의원,부산광역시,북구,27,26,27
일반외과의원,부산광역시,해운대구,54,55,54
일반외과의원,부산광역시,사하구,33,33,32
일반외과의원,부산광역시,금정구,28,28,29
일반외과의원,부산광역시,강서구,8,8,8
일반외과의원,부산광역시,연제구,34,35,35
일반외과의원,부산광역시,수영구,27,27,26
일반외과의원,부산광역시,사상구,22,22,22
일반외과의원,부산광역시,기장군,13,13,14
일반외과의원,대구광역시,중구,33,33,31
일반외과의원,대구광역시,동구,42,42,42
일반외과의원,대구광역시,서구,31,31,30
일반외과의원,대구광역시,남구,27,27,28
일반외과의원,대구광역시,북구,52,52,51
일반외과의원,대구광역시,수성구,75,75,73
일반외과의원,대구광역시,달서구,78,78,78
일반외과의원,대구광역시,달성군,25,24,22
일반외과의원,대구광역시,군위군,0,0,0
일반외과의원,인천광역시,제물포구,15,14,15
일반외과의원,인천광역시,영종구,7,7,7
일반외과의원,인천광역시,미추홀구,47,48,48
일반외과의원,인천광역시,연수구,43,43,40
일반외과의원,인천광역시,남동구,66,66,67
일반외과의원,인천광역시,부평구,68,67,64
일반외과의원,인천광역시,계양구,33,33,31
일반외과의원,인천광역시,서해구,41,41,39
일반외과의원,인천광역시,검단구,21,21,18
일반외과의원,인천광역시,강화군,5,5,5
일반외과의원,대전광역시,동구,25,25,26
일반외과의원,대전광역시,중구,28,28,28
일반외과의원,대전광역시,서구,60,61,60
일반외과의원,대전광역시,유성구,32,32,32
일반외과의원,대전광역시,대덕구,12,12,12
일반외과의원,울산광역시,중구,13,13,12
일반외과의원,울산광역시,남구,35,34,36
일반외과의원,울산광역시,동구,16,16,16
일반외과의원,울산광역시,북구,11,11,11
일반외과의원,울산광역시,울주군,12,12,13
일반외과의원,세종특별자치시,0,41,41,40
일반외과의원,경기도,수원시 장안구,33,33,31
일반외과의원,경기도,수원시 권선구,33,32,30
일반외과의원,경기도,수원시 팔달구,47,48,48
일반외과의원,경기도,수원시 영통구,38,39,38
일반외과의원,경기도,성남시 수정구,49,50,48
일반외과의원,경기도,성남시 중원구,26,26,29
일반외과의원,경기도,성남시 분당구,79,79,77
일반외과의원,경기도,의정부시,66,65,63
일반외과의원,경기도,안양시 만안구,29,29,26
일반외과의원,경기도,안양시 동안구,48,48,46
일반외과의원,경기도,부천시 원미구,66,64,61
일반외과의원,경기도,부천시 소사구,26,26,27
일반외과의원,경기도,부천시 오정구,21,21,21
일반외과의원,경기도,광명시,50,50,46
일반외과의원,경기도,평택시,54,53,49
일반외과의원,경기도,동두천시,7,7,8
일반외과의원,경기도,안산시 상록구,23,23,23
일반외과의원,경기도,안산시 단원구,46,46,46
일반외과의원,경기도,고양시 덕양구,57,57,57
일반외과의원,경기도,고양시 일산동구,29,27,24
일반외과의원,경기도,고양시 일산서구,35,33,33
일반외과의원,경기도,과천시,7,7,6
일반외과의원,경기도,구리시,35,35,34
일반외과의원,경기도,남양주시,65,65,63
일반외과의원,경기도,오산시,25,25,21
일반외과의원,경기도,시흥시,55,54,55
일반외과의원,경기도,군포시,30,29,28
일반외과의원,경기도,의왕시,12,12,11
일반외과의원,경기도,하남시,36,36,35
일반외과의원,경기도,용인시 처인구,16,16,16
일반외과의원,경기도,용인시 기흥구,36,36,36
일반외과의원,경기도,용인시 수지구,39,38,35
일반외과의원,경기도,파주시,40,41,38
일반외과의원,경기도,이천시,25,25,24
일반외과의원,경기도,안성시,12,13,11
일반외과의원,경기도,김포시,54,54,55
일반외과의원,경기도,화성시 만세구,19,19,19
일반외과의원,경기도,화성시 효행구,12,12,11
일반외과의원,경기도,화성시 병점구,15,16,15
일반외과의원,경기도,화성시 동탄구,42,42,39
일반외과의원,경기도,광주시,32,32,32
일반외과의원,경기도,양주시,26,25,24
일반외과의원,경기도,포천시,16,16,15
일반외과의원,경기도,여주시,14,14,14
일반외과의원,경기도,연천군,4,4,3
일반외과의원,경기도,가평군,10,10,9
일반외과의원,경기도,양평군,6,6,6
일반외과의원,충청북도,청주시 상당구,21,21,21
일반외과의원,충청북도,청주시 서원구,16,16,17
일반외과의원,충청북도,청주시 흥덕구,30,30,28
일반외과의원,충청북도,청주시 청원구,19,18,18
일반외과의원,충청북도,충주시,27,27,29
일반외과의원,충청북도,제천시,17,18,19
일반외과의원,충청북도,보은군,3,3,3
일반외과의원,충청북도,옥천군,7,7,8
일반외과의원,충청북도,영동군,4,4,4
일반외과의원,충청북도,증평군,3,3,3
일반외과의원,충청북도,진천군,6,6,6
일반외과의원,충청북도,괴산군,0,0,0
일반외과의원,충청북도,음성군,13,13,13
일반외과의원,충청북도,단양군,4,4,4
일반외과의원,충청남도,천안시 동남구,21,22,21
일반외과의원,충청남도,천안시 서북구,35,35,35
일반외과의원,충청남도,공주시,13,13,13
일반외과의원,충청남도,보령시,18,18,18
일반외과의원,충청남도,아산시,29,29,29
일반외과의원,충청남도,서산시,15,15,16
일반외과의원,충청남도,논산시,18,18,18
일반외과의원,충청남도,계룡시,0,0,0
일반외과의원,충청남도,당진시,14,14,15
일반외과의원,충청남도,금산군,4,4,4
일반외과의원,충청남도,부여군,9,9,9
일반외과의원,충청남도,서천군,8,8,8
일반외과의원,충청남도,청양군,0,0,0
일반외과의원,충청남도,홍성군,10,10,10
일반외과의원,충청남도,예산군,7,7,7
일반외과의원,충청남도,태안군,6,6,6
일반외과의원,경상북도,포항시 남구,24,24,23
일반외과의원,경상북도,포항시 북구,28,28,28
일반외과의원,경상북도,경주시,18,18,18
일반외과의원,경상북도,김천시,7,7,7
일반외과의원,경상북도,안동시,17,17,17
일반외과의원,경상북도,구미시,36,36,32
일반외과의원,경상북도,영주시,6,6,7
일반외과의원,경상북도,영천시,18,18,18
일반외과의원,경상북도,상주시,11,11,11
일반외과의원,경상북도,문경시,6,6,7
일반외과의원,경상북도,경산시,30,30,31
일반외과의원,경상북도,의성군,9,9,8
일반외과의원,경상북도,청송군,0,0,0
일반외과의원,경상북도,영덕군,4,4,4
일반외과의원,경상북도,청도군,3,3,3
일반외과의원,경상북도,고령군,4,4,4
일반외과의원,경상북도,성주군,5,5,5
일반외과의원,경상북도,칠곡군,11,11,10
일반외과의원,경상북도,예천군,3,3,0
일반외과의원,경상북도,울진군,0,0,0
일반외과의원,경상남도,창원시 의창구,16,16,16
일반외과의원,경상남도,창원시 성산구,19,19,17
일반외과의원,경상남도,창원시 마산합포구,21,21,22
일반외과의원,경상남도,창원시 마산회원구,18,18,18
일반외과의원,경상남도,창원시 진해구,11,11,10
일반외과의원,경상남도,진주시,29,29,29
일반외과의원,경상남도,통영시,8,8,10
일반외과의원,경상남도,사천시,9,9,9
일반외과의원,경상남도,김해시,42,42,39
일반외과의원,경상남도,밀양시,9,9,9
일반외과의원,경상남도,거제시,15,15,15
일반외과의원,경상남도,양산시,30,30,30
일반외과의원,경상남도,의령군,3,3,3
일반외과의원,경상남도,함안군,0,0,0
일반외과의원,경상남도,창녕군,7,7,7
일반외과의원,경상남도,고성군,0,0,0
일반외과의원,경상남도,남해군,4,4,4
일반외과의원,경상남도,하동군,0,0,0
일반외과의원,경상남도,산청군,0,0,0
일반외과의원,경상남도,함양군,5,5,5
일반외과의원,경상남도,거창군,8,8,8
일반외과의원,경상남도,합천군,0,0,0
일반외과의원,제주특별자치도,제주시,67,67,66
일반외과의원,제주특별자치도,서귀포시,17,17,16
일반외과의원,강원특별자치도,춘천시,34,35,35
일반외과의원,강원특별자치도,원주시,44,44,43
일반외과의원,강원특별자치도,강릉시,19,19,19
일반외과의원,강원특별자치도,동해시,8,8,8
일반외과의원,강원특별자치도,태백시,5,5,5
일반외과의원,강원특별자치도,속초시,11,11,10
일반외과의원,강원특별자치도,삼척시,7,7,7
일반외과의원,강원특별자치도,홍천군,6,6,6
일반외과의원,강원특별자치도,횡성군,3,3,0
일반외과의원,강원특별자치도,영월군,3,3,3
일반외과의원,강원특별자치도,평창군,0,0,0
일반외과의원,강원특별자치도,정선군,0,0,0
일반외과의원,강원특별자치도,철원군,3,3,3
일반외과의원,강원특별자치도,화천군,0,0,0
일반외과의원,강원특별자치도,양구군,0,0,0
일반외과의원,강원특별자치도,고성군,0,0,0
일반외과의원,강원특별자치도,양양군,0,0,0
일반외과의원,전북특별자치도,전주시 완산구,44,44,43
일반외과의원,전북특별자치도,전주시 덕진구,25,25,27
일반외과의원,전북특별자치도,군산시,28,28,28
일반외과의원,전북특별자치도,익산시,28,28,29
일반외과의원,전북특별자치도,정읍시,14,14,14
일반외과의원,전북특별자치도,남원시,11,11,11
일반외과의원,전북특별자치도,김제시,8,8,8
일반외과의원,전북특별자치도,완주군,7,7,6
일반외과의원,전북특별자치도,진안군,3,3,3
일반외과의원,전북특별자치도,무주군,3,3,4
일반외과의원,전북특별자치도,임실군,0,0,0
일반외과의원,전북특별자치도,순창군,0,0,0
일반외과의원,전북특별자치도,고창군,3,3,3
일반외과의원,전북특별자치도,부안군,7,7,7
종합병원,서울특별시,종로구,13,13,13
종합병원,서울특별시,중구,8,8,8
종합병원,서울특별시,용산구,5,5,5
종합병원,서울특별시,성동구,11,11,11
종합병원,서울특별시,광진구,7,7,7
종합병원,서울특별시,동대문구,23,23,26
종합병원,서울특별시,중랑구,21,21,22
종합병원,서울특별시,성북구,17,17,17
종합병원,서울특별시,강북구,14,14,14
종합병원,서울특별시,도봉구,17,17,17
종합병원,서울특별시,노원구,19,19,19
종합병원,서울특별시,은평구,18,18,18
종합병원,서울특별시,서대문구,14,14,13
종합병원,서울특별시,마포구,10,10,9
종합병원,서울특별시,양천구,9,9,9
종합병원,서울특별시,강서구,26,27,26
종합병원,서울특별시,구로구,21,21,22
종합병원,서울특별시,금천구,14,14,14
종합병원,서울특별시,영등포구,28,28,28
종합병원,서울특별시,동작구,7,7,7
종합병원,서울특별시,관악구,13,13,13
종합병원,서울특별시,서초구,21,21,20
종합병원,서울특별시,강남구,45,45,44
종합병원,서울특별시,송파구,33,32,34
종합병원,서울특별시,강동구,20,20,18
종합병원,전남광주통합특별시,목포시,30,30,30
종합병원,전남광주통합특별시,여수시,22,22,22
종합병원,전남광주통합특별시,순천시,35,35,35
종합병원,전남광주통합특별시,나주시,14,14,15
종합병원,전남광주통합특별시,광양시,7,7,8
종합병원,전남광주통합특별시,동구,22,22,22
종합병원,전남광주통합특별시,서구,35,36,37
종합병원,전남광주통합특별시,남구,30,30,29
종합병원,전남광주통합특별시,북구,55,55,54
종합병원,전남광주통합특별시,광산구,43,43,42
종합병원,전남광주통합특별시,담양군,7,7,7
종합병원,전남광주통합특별시,곡성군,0,0,0
종합병원,전남광주통합특별시,구례군,4,4,4
종합병원,전남광주통합특별시,고흥군,5,5,5
종합병원,전남광주통합특별시,보성군,7,7,7
종합병원,전남광주통합특별시,화순군,19,19,18
종합병원,전남광주통합특별시,장흥군,3,3,3
종합병원,전남광주통합특별시,강진군,0,0,0
종합병원,전남광주통합특별시,해남군,6,6,6
종합병원,전남광주통합특별시,영암군,0,0,0
종합병원,전남광주통합특별시,무안군,5,5,5
종합병원,전남광주통합특별시,함평군,4,4,4
종합병원,전남광주통합특별시,영광군,3,3,3
종합병원,전남광주통합특별시,장성군,5,5,5
종합병원,전남광주통합특별시,완도군,0,0,0
종합병원,전남광주통합특별시,진도군,3,3,3
종합병원,전남광주통합특별시,신안군,4,4,4
종합병원,부산광역시,중구,5,5,5
종합병원,부산광역시,서구,12,12,13
종합병원,부산광역시,동구,11,10,11
종합병원,부산광역시,영도구,10,10,10
종합병원,부산광역시,부산진구,30,30,31
종합병원,부산광역시,동래구,39,39,38
종합병원,부산광역시,남구,14,14,15
종합병원,부산광역시,북구,23,23,24
종합병원,부산광역시,해운대구,27,27,26
종합병원,부산광역시,사하구,43,42,44
종합병원,부산광역시,금정구,30,30,30
종합병원,부산광역시,강서구,8,8,8
종합병원,부산광역시,연제구,24,24,24
종합병원,부산광역시,수영구,18,17,17
종합병원,부산광역시,사상구,27,27,27
종합병원,부산광역시,기장군,10,10,10
종합병원,대구광역시,중구,16,16,16
종합병원,대구광역시,동구,19,20,21
종합병원,대구광역시,서구,25,25,25
종합병원,대구광역시,남구,19,18,21
종합병원,대구광역시,북구,35,35,35
종합병원,대구광역시,수성구,24,24,25
종합병원,대구광역시,달서구,42,42,42
종합병원,대구광역시,달성군,14,14,16
종합병원,인천광역시,제물포구,10,10,10
종합병원,인천광역시,영종구,0,0,0
종합병원,인천광역시,미추홀구,30,30,30
종합병원,인천광역시,연수구,12,12,11
종합병원,인천광역시,남동구,34,34,35
종합병원,인천광역시,부평구,17,17,17
종합병원,인천광역시,계양구,14,14,14
종합병원,인천광역시,서해구,21,21,22
종합병원,인천광역시,검단구,11,11,10
종합병원,인천광역시,강화군,5,5,5
종합병원,인천광역시,옹진군,0,0,0
종합병원,대전광역시,동구,18,18,19
종합병원,대전광역시,중구,19,19,19
종합병원,대전광역시,서구,32,32,32
종합병원,대전광역시,유성구,20,21,20
종합병원,대전광역시,대덕구,11,11,11
종합병원,울산광역시,중구,13,13,13
종합병원,울산광역시,남구,42,42,42
종합병원,울산광역시,동구,4,4,4
종합병원,울산광역시,북구,14,14,13
종합병원,울산광역시,울주군,20,20,19
종합병원,세종특별자치시,0,12,12,12
종합병원,경기도,수원시 장안구,18,18,18
종합병원,경기도,수원시 권선구,13,13,13
종합병원,경기도,수원시 팔달구,22,22,20
종합병원,경기도,수원시 영통구,19,19,18
종합병원,경기도,성남시 수정구,13,14,14
종합병원,경기도,성남시 중원구,9,9,9
종합병원,경기도,성남시 분당구,20,20,20
종합병원,경기도,의정부시,30,30,30
종합병원,경기도,안양시 만안구,11,11,11
종합병원,경기도,안양시 동안구,10,10,9
종합병원,경기도,부천시 원미구,22,23,24
종합병원,경기도,부천시 소사구,11,11,11
종합병원,경기도,부천시 오정구,11,10,10
종합병원,경기도,광명시,13,13,14
종합병원,경기도,평택시,30,30,30
종합병원,경기도,동두천시,6,6,6
종합병원,경기도,안산시 상록구,15,15,15
종합병원,경기도,안산시 단원구,26,26,26
종합병원,경기도,고양시 덕양구,19,19,17
종합병원,경기도,고양시 일산동구,29,30,33
종합병원,경기도,고양시 일산서구,12,12,12
종합병원,경기도,구리시,12,12,12
종합병원,경기도,남양주시,34,34,35
종합병원,경기도,오산시,15,14,14
종합병원,경기도,시흥시,25,25,25
종합병원,경기도,군포시,12,12,12
종합병원,경기도,의왕시,9,9,8
종합병원,경기도,하남시,17,17,18
종합병원,경기도,용인시 처인구,13,13,13
종합병원,경기도,용인시 기흥구,21,21,22
종합병원,경기도,용인시 수지구,15,15,16
종합병원,경기도,파주시,34,34,35
종합병원,경기도,이천시,15,15,16
종합병원,경기도,안성시,13,13,13
종합병원,경기도,김포시,23,23,23
종합병원,경기도,화성시,0,0,0
종합병원,경기도,화성시 만세구,17,17,18
종합병원,경기도,화성시 효행구,0,0,0
종합병원,경기도,화성시 병점구,6,6,7
종합병원,경기도,화성시 동탄구,7,7,3
종합병원,경기도,광주시,12,12,13
종합병원,경기도,양주시,12,12,14
종합병원,경기도,포천시,13,13,12
종합병원,경기도,여주시,10,10,10
종합병원,경기도,연천군,0,0,0
종합병원,경기도,가평군,7,7,7
종합병원,경기도,양평군,9,9,9
종합병원,충청북도,청주시 상당구,8,8,7
종합병원,충청북도,청주시 서원구,14,14,14
종합병원,충청북도,청주시 흥덕구,14,14,14
종합병원,충청북도,청주시 청원구,12,13,11
종합병원,충청북도,충주시,12,12,12
종합병원,충청북도,제천시,8,8,8
종합병원,충청북도,보은군,5,5,5
종합병원,충청북도,옥천군,4,4,4
종합병원,충청북도,영동군,3,3,3
종합병원,충청북도,증평군,3,3,3
종합병원,충청북도,진천군,4,4,4
종합병원,충청북도,괴산군,4,4,6
종합병원,충청북도,음성군,7,7,6
종합병원,충청북도,단양군,0,0,0
종합병원,충청남도,천안시 동남구,16,16,17
종합병원,충청남도,천안시 서북구,24,24,25
종합병원,충청남도,공주시,11,11,11
종합병원,충청남도,보령시,7,7,7
종합병원,충청남도,아산시,17,17,17
종합병원,충청남도,서산시,7,7,7
종합병원,충청남도,논산시,13,13,13
종합병원,충청남도,계룡시,0,0,0
종합병원,충청남도,당진시,10,10,11
종합병원,충청남도,금산군,0,0,0
종합병원,충청남도,부여군,7,7,6
종합병원,충청남도,서천군,4,4,5
종합병원,충청남도,청양군,3,3,3
종합병원,충청남도,홍성군,6,6,6
종합병원,충청남도,예산군,4,4,4
종합병원,충청남도,태안군,0,0,0
종합병원,경상북도,포항시 남구,12,11,11
종합병원,경상북도,포항시 북구,32,32,32
종합병원,경상북도,경주시,25,25,25
종합병원,경상북도,김천시,8,9,9
종합병원,경상북도,안동시,14,14,15
종합병원,경상북도,구미시,29,29,26
종합병원,경상북도,영주시,10,10,10
종합병원,경상북도,영천시,8,8,9
종합병원,경상북도,상주시,8,8,8
종합병원,경상북도,문경시,4,4,4
종합병원,경상북도,경산시,19,19,19
종합병원,경상북도,의성군,10,10,10
종합병원,경상북도,청송군,0,0,0
종합병원,경상북도,영양군,0,0,0
종합병원,경상북도,영덕군,0,0,0
종합병원,경상북도,청도군,8,8,8
종합병원,경상북도,고령군,3,3,0
종합병원,경상북도,성주군,9,9,8
종합병원,경상북도,칠곡군,9,9,8
종합병원,경상북도,예천군,5,4,4
종합병원,경상북도,봉화군,0,0,0
종합병원,경상북도,울진군,0,0,0
종합병원,경상남도,창원시 의창구,25,26,25
종합병원,경상남도,창원시 성산구,13,13,14
종합병원,경상남도,창원시 마산합포구,25,25,24
종합병원,경상남도,창원시 마산회원구,20,20,20
종합병원,경상남도,창원시 진해구,11,11,11
종합병원,경상남도,진주시,25,25,23
종합병원,경상남도,통영시,9,9,9
종합병원,경상남도,사천시,10,10,11
종합병원,경상남도,김해시,60,60,62
종합병원,경상남도,밀양시,14,14,14
종합병원,경상남도,거제시,12,12,11
종합병원,경상남도,양산시,29,29,28
종합병원,경상남도,의령군,3,3,3
종합병원,경상남도,함안군,5,5,5
종합병원,경상남도,창녕군,12,12,12
종합병원,경상남도,고성군,6,6,6
종합병원,경상남도,남해군,0,0,0
종합병원,경상남도,하동군,4,4,4
종합병원,경상남도,산청군,0,0,0
종합병원,경상남도,함양군,0,0,0
종합병원,경상남도,거창군,6,6,7
종합병원,경상남도,합천군,4,4,4
종합병원,제주특별자치도,제주시,23,23,23
종합병원,제주특별자치도,서귀포시,7,7,6
종합병원,강원특별자치도,춘천시,13,13,13
종합병원,강원특별자치도,원주시,23,23,24
종합병원,강원특별자치도,강릉시,11,11,11
종합병원,강원특별자치도,동해시,6,6,8
종합병원,강원특별자치도,태백시,5,5,5
종합병원,강원특별자치도,속초시,8,8,8
종합병원,강원특별자치도,삼척시,3,3,3
종합병원,강원특별자치도,홍천군,4,4,4
종합병원,강원특별자치도,횡성군,5,5,5
종합병원,강원특별자치도,영월군,4,4,4
종합병원,강원특별자치도,평창군,0,0,0
종합병원,강원특별자치도,정선군,0,0,0
종합병원,강원특별자치도,철원군,0,0,0
종합병원,강원특별자치도,양구군,0,0,0
종합병원,강원특별자치도,인제군,0,0,0
종합병원,전북특별자치도,전주시 완산구,40,40,39
종합병원,전북특별자치도,전주시 덕진구,24,24,26
종합병원,전북특별자치도,군산시,19,19,20
종합병원,전북특별자치도,익산시,19,19,19
종합병원,전북특별자치도,정읍시,10,10,10
종합병원,전북특별자치도,남원시,7,7,7
종합병원,전북특별자치도,김제시,10,10,10
종합병원,전북특별자치도,완주군,8,8,10
종합병원,전북특별자치도,진안군,0,0,0
종합병원,전북특별자치도,무주군,0,0,0
종합병원,전북특별자치도,임실군,3,3,3
종합병원,전북특별자치도,순창군,3,3,3
종합병원,전북특별자치도,고창군,4,4,4
종합병원,전북특별자치도,부안군,4,4,6
치과의원,서울특별시,종로구,144,143,144
치과의원,서울특별시,중구,183,184,190
치과의원,서울특별시,용산구,94,94,95
치과의원,서울특별시,성동구,127,127,125
치과의원,서울특별시,광진구,157,157,158
치과의원,서울특별시,동대문구,170,172,170
치과의원,서울특별시,중랑구,166,166,165
치과의원,서울특별시,성북구,153,154,151
치과의원,서울특별시,강북구,122,121,124
치과의원,서울특별시,도봉구,108,108,108
치과의원,서울특별시,노원구,200,201,200
치과의원,서울특별시,은평구,194,195,194
치과의원,서울특별시,서대문구,132,133,130
치과의원,서울특별시,마포구,196,197,202
치과의원,서울특별시,양천구,196,196,193
치과의원,서울특별시,강서구,250,249,251
치과의원,서울특별시,구로구,177,177,175
치과의원,서울특별시,금천구,110,109,109
치과의원,서울특별시,영등포구,230,230,230
치과의원,서울특별시,동작구,177,176,175
치과의원,서울특별시,관악구,204,206,204
치과의원,서울특별시,서초구,318,320,320
치과의원,서울특별시,강남구,536,537,535
치과의원,서울특별시,송파구,341,341,337
치과의원,서울특별시,강동구,251,251,247
치과의원,전남광주통합특별시,목포시,69,69,69
치과의원,전남광주통합특별시,여수시,87,87,89
치과의원,전남광주통합특별시,순천시,99,100,101
치과의원,전남광주통합특별시,나주시,37,37,35
치과의원,전남광주통합특별시,광양시,43,43,43
치과의원,전남광주통합특별시,동구,57,58,59
치과의원,전남광주통합특별시,서구,154,154,154
치과의원,전남광주통합특별시,남구,104,104,105
치과의원,전남광주통합특별시,북구,192,191,192
치과의원,전남광주통합특별시,광산구,154,153,155
치과의원,전남광주통합특별시,담양군,12,12,12
치과의원,전남광주통합특별시,곡성군,9,9,9
치과의원,전남광주통합특별시,구례군,6,6,5
치과의원,전남광주통합특별시,고흥군,14,14,13
치과의원,전남광주통합특별시,보성군,9,9,9
치과의원,전남광주통합특별시,화순군,17,17,17
치과의원,전남광주통합특별시,장흥군,9,9,8
치과의원,전남광주통합특별시,강진군,8,8,8
치과의원,전남광주통합특별시,해남군,17,17,16
치과의원,전남광주통합특별시,영암군,13,13,13
치과의원,전남광주통합특별시,무안군,24,24,24
치과의원,전남광주통합특별시,함평군,7,7,7
치과의원,전남광주통합특별시,영광군,18,18,17
치과의원,전남광주통합특별시,장성군,10,10,10
치과의원,전남광주통합특별시,완도군,14,14,12
치과의원,전남광주통합특별시,진도군,7,7,8
치과의원,전남광주통합특별시,신안군,4,4,4
치과의원,부산광역시,중구,38,38,39
치과의원,부산광역시,서구,34,34,34
치과의원,부산광역시,동구,35,35,35
치과의원,부산광역시,영도구,26,26,28
치과의원,부산광역시,부산진구,185,186,183
치과의원,부산광역시,동래구,148,149,148
치과의원,부산광역시,남구,107,107,106
치과의원,부산광역시,북구,99,99,99
치과의원,부산광역시,해운대구,167,169,166
치과의원,부산광역시,사하구,105,105,107
치과의원,부산광역시,금정구,93,93,93
치과의원,부산광역시,강서구,33,33,30
치과의원,부산광역시,연제구,99,99,98
치과의원,부산광역시,수영구,90,89,88
치과의원,부산광역시,사상구,60,59,62
치과의원,부산광역시,기장군,50,50,50
치과의원,대구광역시,중구,109,109,113
치과의원,대구광역시,동구,108,108,108
치과의원,대구광역시,서구,58,58,58
치과의원,대구광역시,남구,60,60,61
치과의원,대구광역시,북구,147,146,145
치과의원,대구광역시,수성구,198,198,192
치과의원,대구광역시,달서구,220,220,223
치과의원,대구광역시,달성군,67,67,68
치과의원,대구광역시,군위군,3,3,4
치과의원,인천광역시,제물포구,44,44,45
치과의원,인천광역시,영종구,24,24,22
치과의원,인천광역시,미추홀구,142,141,136
치과의원,인천광역시,연수구,139,140,138
치과의원,인천광역시,남동구,194,194,194
치과의원,인천광역시,부평구,187,187,190
치과의원,인천광역시,계양구,112,112,109
치과의원,인천광역시,서해구,120,120,118
치과의원,인천광역시,검단구,66,65,64
치과의원,인천광역시,강화군,16,16,16
치과의원,인천광역시,옹진군,0,0,0
치과의원,대전광역시,동구,71,71,71
치과의원,대전광역시,중구,87,87,87
치과의원,대전광역시,서구,233,233,233
치과의원,대전광역시,유성구,122,122,118
치과의원,대전광역시,대덕구,55,55,57
치과의원,울산광역시,중구,69,69,68
치과의원,울산광역시,남구,167,168,169
치과의원,울산광역시,동구,45,45,45
치과의원,울산광역시,북구,57,57,56
치과의원,울산광역시,울주군,49,48,47
치과의원,세종특별자치시,0,101,101,99
치과의원,경기도,수원시 장안구,107,107,107
치과의원,경기도,수원시 권선구,110,110,109
치과의원,경기도,수원시 팔달구,120,120,119
치과의원,경기도,수원시 영통구,150,150,148
치과의원,경기도,성남시 수정구,142,141,139
치과의원,경기도,성남시 중원구,89,89,90
치과의원,경기도,성남시 분당구,275,277,273
치과의원,경기도,의정부시,177,174,172
치과의원,경기도,안양시 만안구,97,98,97
치과의원,경기도,안양시 동안구,177,178,177
치과의원,경기도,부천시 원미구,184,185,181
치과의원,경기도,부천시 소사구,75,75,75
치과의원,경기도,부천시 오정구,50,50,50
치과의원,경기도,광명시,135,135,129
치과의원,경기도,평택시,204,204,199
치과의원,경기도,동두천시,28,28,28
치과의원,경기도,안산시 상록구,87,87,87
치과의원,경기도,안산시 단원구,134,132,127
치과의원,경기도,고양시 덕양구,145,145,144
치과의원,경기도,고양시 일산동구,108,108,108
치과의원,경기도,고양시 일산서구,97,97,98
치과의원,경기도,과천시,30,30,27
치과의원,경기도,구리시,101,101,100
치과의원,경기도,남양주시,235,234,225
치과의원,경기도,오산시,85,85,82
치과의원,경기도,시흥시,164,165,163
치과의원,경기도,군포시,106,106,103
치과의원,경기도,의왕시,54,54,52
치과의원,경기도,하남시,107,107,105
치과의원,경기도,용인시 처인구,90,90,87
치과의원,경기도,용인시 기흥구,148,148,147
치과의원,경기도,용인시 수지구,139,138,135
치과의원,경기도,파주시,151,152,149
치과의원,경기도,이천시,62,62,61
치과의원,경기도,안성시,57,58,56
치과의원,경기도,김포시,161,163,161
치과의원,경기도,화성시,0,0,0
치과의원,경기도,화성시 만세구,78,78,77
치과의원,경기도,화성시 효행구,39,38,34
치과의원,경기도,화성시 병점구,40,40,40
치과의원,경기도,화성시 동탄구,120,120,111
치과의원,경기도,광주시,98,98,94
치과의원,경기도,양주시,67,67,63
치과의원,경기도,포천시,44,44,44
치과의원,경기도,여주시,33,34,33
치과의원,경기도,연천군,13,13,12
치과의원,경기도,가평군,21,21,21
치과의원,경기도,양평군,32,32,31
치과의원,충청북도,청주시 상당구,67,67,67
치과의원,충청북도,청주시 서원구,53,53,55
치과의원,충청북도,청주시 흥덕구,102,101,98
치과의원,충청북도,청주시 청원구,55,55,55
치과의원,충청북도,충주시,56,56,56
치과의원,충청북도,제천시,45,45,45
치과의원,충청북도,보은군,7,7,6
치과의원,충청북도,옥천군,14,14,14
치과의원,충청북도,영동군,12,12,10
치과의원,충청북도,증평군,11,11,11
치과의원,충청북도,진천군,25,25,25
치과의원,충청북도,괴산군,5,5,5
치과의원,충청북도,음성군,28,28,27
치과의원,충청북도,단양군,7,7,7
치과의원,충청남도,천안시 동남구,83,83,81
치과의원,충청남도,천안시 서북구,136,135,133
치과의원,충청남도,공주시,29,29,30
치과의원,충청남도,보령시,26,26,27
치과의원,충청남도,아산시,102,102,100
치과의원,충청남도,서산시,54,53,56
치과의원,충청남도,논산시,38,38,34
치과의원,충청남도,계룡시,17,17,14
치과의원,충청남도,당진시,48,47,45
치과의원,충청남도,금산군,11,11,11
치과의원,충청남도,부여군,18,18,18
치과의원,충청남도,서천군,13,13,13
치과의원,충청남도,청양군,7,7,7
치과의원,충청남도,홍성군,31,30,29
치과의원,충청남도,예산군,23,22,23
치과의원,충청남도,태안군,15,14,15
치과의원,경상북도,포항시 남구,69,68,68
치과의원,경상북도,포항시 북구,98,98,93
치과의원,경상북도,경주시,61,61,61
치과의원,경상북도,김천시,35,34,34
치과의원,경상북도,안동시,45,45,45
치과의원,경상북도,구미시,110,110,110
치과의원,경상북도,영주시,30,30,30
치과의원,경상북도,영천시,21,21,23
치과의원,경상북도,상주시,23,23,23
치과의원,경상북도,문경시,24,24,23
치과의원,경상북도,경산시,84,84,86
치과의원,경상북도,의성군,9,9,9
치과의원,경상북도,청송군,5,5,5
치과의원,경상북도,영양군,3,3,3
치과의원,경상북도,영덕군,10,10,9
치과의원,경상북도,청도군,11,11,11
치과의원,경상북도,고령군,9,9,9
치과의원,경상북도,성주군,10,10,10
치과의원,경상북도,칠곡군,24,24,24
치과의원,경상북도,예천군,12,12,11
치과의원,경상북도,봉화군,5,5,4
치과의원,경상북도,울진군,11,11,10
치과의원,경상북도,울릉군,0,0,0
치과의원,경상남도,창원시 의창구,64,64,62
치과의원,경상남도,창원시 성산구,116,117,114
치과의원,경상남도,창원시 마산합포구,62,62,63
치과의원,경상남도,창원시 마산회원구,63,63,62
치과의원,경상남도,창원시 진해구,53,53,51
치과의원,경상남도,진주시,121,121,124
치과의원,경상남도,통영시,33,33,35
치과의원,경상남도,사천시,34,34,34
치과의원,경상남도,김해시,154,155,148
치과의원,경상남도,밀양시,25,25,25
치과의원,경상남도,거제시,59,60,58
치과의원,경상남도,양산시,98,99,96
치과의원,경상남도,의령군,6,6,6
치과의원,경상남도,함안군,15,15,15
치과의원,경상남도,창녕군,14,14,13
치과의원,경상남도,고성군,11,11,11
치과의원,경상남도,남해군,10,10,10
치과의원,경상남도,하동군,11,11,11
치과의원,경상남도,산청군,6,6,6
치과의원,경상남도,함양군,11,10,10
치과의원,경상남도,거창군,18,18,18
치과의원,경상남도,합천군,10,10,10
치과의원,제주특별자치도,제주시,189,188,188
치과의원,제주특별자치도,서귀포시,60,61,60
치과의원,강원특별자치도,춘천시,89,88,90
치과의원,강원특별자치도,원주시,120,119,111
치과의원,강원특별자치도,강릉시,68,68,67
치과의원,강원특별자치도,동해시,30,30,30
치과의원,강원특별자치도,태백시,10,10,10
치과의원,강원특별자치도,속초시,38,38,36
치과의원,강원특별자치도,삼척시,13,13,13
치과의원,강원특별자치도,홍천군,16,16,16
치과의원,강원특별자치도,횡성군,9,9,8
치과의원,강원특별자치도,영월군,8,8,7
치과의원,강원특별자치도,평창군,12,12,12
치과의원,강원특별자치도,정선군,5,5,5
치과의원,강원특별자치도,철원군,9,9,8
치과의원,강원특별자치도,화천군,6,6,5
치과의원,강원특별자치도,양구군,5,5,5
치과의원,강원특별자치도,인제군,7,7,7
치과의원,강원특별자치도,고성군,6,6,6
치과의원,강원특별자치도,양양군,5,5,5
치과의원,전북특별자치도,전주시 완산구,162,162,164
치과의원,전북특별자치도,전주시 덕진구,119,119,121
치과의원,전북특별자치도,군산시,82,82,81
치과의원,전북특별자치도,익산시,90,90,90
치과의원,전북특별자치도,정읍시,35,35,34
치과의원,전북특별자치도,남원시,20,20,20
치과의원,전북특별자치도,김제시,20,19,19
치과의원,전북특별자치도,완주군,20,20,20
치과의원,전북특별자치도,진안군,5,5,5
치과의원,전북특별자치도,무주군,5,5,5
치과의원,전북특별자치도,장수군,5,5,5
치과의원,전북특별자치도,임실군,6,6,6
치과의원,전북특별자치도,순창군,7,7,7
치과의원,전북특별자치도,고창군,12,12,12
치과의원,전북특별자치도,부안군,16,16,16
피부ㆍ비뇨기과의원,서울특별시,종로구,32,32,32
피부ㆍ비뇨기과의원,서울특별시,중구,94,93,74
피부ㆍ비뇨기과의원,서울특별시,용산구,38,38,33
피부ㆍ비뇨기과의원,서울특별시,성동구,44,44,41
피부ㆍ비뇨기과의원,서울특별시,광진구,45,44,44
피부ㆍ비뇨기과의원,서울특별시,동대문구,27,27,27
피부ㆍ비뇨기과의원,서울특별시,중랑구,28,27,26
피부ㆍ비뇨기과의원,서울특별시,성북구,24,24,24
피부ㆍ비뇨기과의원,서울특별시,강북구,28,28,28
피부ㆍ비뇨기과의원,서울특별시,도봉구,18,18,16
피부ㆍ비뇨기과의원,서울특별시,노원구,58,60,58
피부ㆍ비뇨기과의원,서울특별시,은평구,43,44,42
피부ㆍ비뇨기과의원,서울특별시,서대문구,28,28,28
피부ㆍ비뇨기과의원,서울특별시,마포구,112,110,103
피부ㆍ비뇨기과의원,서울특별시,양천구,44,45,44
피부ㆍ비뇨기과의원,서울특별시,강서구,73,73,74
피부ㆍ비뇨기과의원,서울특별시,구로구,30,30,30
피부ㆍ비뇨기과의원,서울특별시,금천구,16,16,15
피부ㆍ비뇨기과의원,서울특별시,영등포구,74,74,74
피부ㆍ비뇨기과의원,서울특별시,동작구,37,37,36
피부ㆍ비뇨기과의원,서울특별시,관악구,47,46,47
피부ㆍ비뇨기과의원,서울특별시,서초구,246,237,219
피부ㆍ비뇨기과의원,서울특별시,강남구,661,651,576
피부ㆍ비뇨기과의원,서울특별시,송파구,108,107,96
피부ㆍ비뇨기과의원,서울특별시,강동구,71,70,71
피부ㆍ비뇨기과의원,전남광주통합특별시,목포시,17,17,17
피부ㆍ비뇨기과의원,전남광주통합특별시,여수시,19,20,20
피부ㆍ비뇨기과의원,전남광주통합특별시,순천시,23,23,23
피부ㆍ비뇨기과의원,전남광주통합특별시,나주시,7,7,7
피부ㆍ비뇨기과의원,전남광주통합특별시,광양시,6,6,5
피부ㆍ비뇨기과의원,전남광주통합특별시,동구,18,19,18
피부ㆍ비뇨기과의원,전남광주통합특별시,서구,52,52,52
피부ㆍ비뇨기과의원,전남광주통합특별시,남구,20,20,19
피부ㆍ비뇨기과의원,전남광주통합특별시,북구,26,26,28
피부ㆍ비뇨기과의원,전남광주통합특별시,광산구,32,32,30
피부ㆍ비뇨기과의원,전남광주통합특별시,고흥군,0,0,0
피부ㆍ비뇨기과의원,전남광주통합특별시,보성군,0,0,0
피부ㆍ비뇨기과의원,전남광주통합특별시,화순군,3,3,3
피부ㆍ비뇨기과의원,전남광주통합특별시,장흥군,0,0,0
피부ㆍ비뇨기과의원,전남광주통합특별시,강진군,0,0,0
피부ㆍ비뇨기과의원,전남광주통합특별시,해남군,0,0,0
피부ㆍ비뇨기과의원,전남광주통합특별시,무안군,4,4,4
피부ㆍ비뇨기과의원,전남광주통합특별시,영광군,0,0,0
피부ㆍ비뇨기과의원,전남광주통합특별시,장성군,0,0,0
피부ㆍ비뇨기과의원,부산광역시,중구,13,13,13
피부ㆍ비뇨기과의원,부산광역시,서구,4,4,4
피부ㆍ비뇨기과의원,부산광역시,동구,8,8,8
피부ㆍ비뇨기과의원,부산광역시,영도구,4,4,4
피부ㆍ비뇨기과의원,부산광역시,부산진구,102,100,99
피부ㆍ비뇨기과의원,부산광역시,동래구,27,28,27
피부ㆍ비뇨기과의원,부산광역시,남구,21,20,19
피부ㆍ비뇨기과의원,부산광역시,북구,26,26,25
피부ㆍ비뇨기과의원,부산광역시,해운대구,71,72,70
피부ㆍ비뇨기과의원,부산광역시,사하구,24,24,24
피부ㆍ비뇨기과의원,부산광역시,금정구,21,21,21
피부ㆍ비뇨기과의원,부산광역시,강서구,7,6,6
피부ㆍ비뇨기과의원,부산광역시,연제구,24,24,22
피부ㆍ비뇨기과의원,부산광역시,수영구,14,14,13
피부ㆍ비뇨기과의원,부산광역시,사상구,9,9,9
피부ㆍ비뇨기과의원,부산광역시,기장군,11,11,8
피부ㆍ비뇨기과의원,대구광역시,중구,64,63,63
피부ㆍ비뇨기과의원,대구광역시,동구,28,28,27
피부ㆍ비뇨기과의원,대구광역시,서구,12,12,12
피부ㆍ비뇨기과의원,대구광역시,남구,8,8,9
피부ㆍ비뇨기과의원,대구광역시,북구,25,25,26
피부ㆍ비뇨기과의원,대구광역시,수성구,68,68,66
피부ㆍ비뇨기과의원,대구광역시,달서구,49,49,51
피부ㆍ비뇨기과의원,대구광역시,달성군,10,10,10
피부ㆍ비뇨기과의원,인천광역시,제물포구,4,4,4
피부ㆍ비뇨기과의원,인천광역시,영종구,7,7,6
피부ㆍ비뇨기과의원,인천광역시,미추홀구,20,20,20
피부ㆍ비뇨기과의원,인천광역시,연수구,46,45,40
피부ㆍ비뇨기과의원,인천광역시,남동구,61,61,59
피부ㆍ비뇨기과의원,인천광역시,부평구,42,42,44
피부ㆍ비뇨기과의원,인천광역시,계양구,15,15,15
피부ㆍ비뇨기과의원,인천광역시,서해구,26,26,28
피부ㆍ비뇨기과의원,인천광역시,검단구,20,20,20
피부ㆍ비뇨기과의원,대전광역시,동구,15,15,14
피부ㆍ비뇨기과의원,대전광역시,중구,16,16,16
피부ㆍ비뇨기과의원,대전광역시,서구,81,80,79
피부ㆍ비뇨기과의원,대전광역시,유성구,31,31,30
피부ㆍ비뇨기과의원,대전광역시,대덕구,8,8,8
피부ㆍ비뇨기과의원,울산광역시,중구,8,8,8
피부ㆍ비뇨기과의원,울산광역시,남구,64,64,63
피부ㆍ비뇨기과의원,울산광역시,동구,10,10,10
피부ㆍ비뇨기과의원,울산광역시,북구,8,8,8
피부ㆍ비뇨기과의원,울산광역시,울주군,5,5,5
피부ㆍ비뇨기과의원,세종특별자치시,0,30,30,27
피부ㆍ비뇨기과의원,경기도,수원시 장안구,14,14,14
피부ㆍ비뇨기과의원,경기도,수원시 권선구,11,11,11
피부ㆍ비뇨기과의원,경기도,수원시 팔달구,57,57,57
피부ㆍ비뇨기과의원,경기도,수원시 영통구,49,49,46
피부ㆍ비뇨기과의원,경기도,성남시 수정구,44,44,42
피부ㆍ비뇨기과의원,경기도,성남시 중원구,11,11,11
피부ㆍ비뇨기과의원,경기도,성남시 분당구,122,121,120
피부ㆍ비뇨기과의원,경기도,의정부시,37,37,37
피부ㆍ비뇨기과의원,경기도,안양시 만안구,9,9,10
피부ㆍ비뇨기과의원,경기도,안양시 동안구,54,54,51
피부ㆍ비뇨기과의원,경기도,부천시 원미구,49,49,48
피부ㆍ비뇨기과의원,경기도,부천시 소사구,13,13,12
피부ㆍ비뇨기과의원,경기도,부천시 오정구,3,3,3
피부ㆍ비뇨기과의원,경기도,광명시,34,34,34
피부ㆍ비뇨기과의원,경기도,평택시,45,44,44
피부ㆍ비뇨기과의원,경기도,동두천시,3,3,3
피부ㆍ비뇨기과의원,경기도,안산시 상록구,6,6,8
피부ㆍ비뇨기과의원,경기도,안산시 단원구,39,39,37
피부ㆍ비뇨기과의원,경기도,고양시 덕양구,39,40,36
피부ㆍ비뇨기과의원,경기도,고양시 일산동구,35,35,34
피부ㆍ비뇨기과의원,경기도,고양시 일산서구,29,29,28
피부ㆍ비뇨기과의원,경기도,과천시,10,10,9
피부ㆍ비뇨기과의원,경기도,구리시,29,29,30
피부ㆍ비뇨기과의원,경기도,남양주시,48,48,48
피부ㆍ비뇨기과의원,경기도,오산시,11,11,10
피부ㆍ비뇨기과의원,경기도,시흥시,36,34,32
피부ㆍ비뇨기과의원,경기도,군포시,19,19,19
피부ㆍ비뇨기과의원,경기도,의왕시,4,4,4
피부ㆍ비뇨기과의원,경기도,하남시,39,39,38
피부ㆍ비뇨기과의원,경기도,용인시 처인구,14,14,14
피부ㆍ비뇨기과의원,경기도,용인시 기흥구,31,31,32
피부ㆍ비뇨기과의원,경기도,용인시 수지구,35,35,33
피부ㆍ비뇨기과의원,경기도,파주시,21,20,21
피부ㆍ비뇨기과의원,경기도,이천시,16,16,17
피부ㆍ비뇨기과의원,경기도,안성시,9,9,8
피부ㆍ비뇨기과의원,경기도,김포시,27,27,28
피부ㆍ비뇨기과의원,경기도,화성시 만세구,10,10,8
피부ㆍ비뇨기과의원,경기도,화성시 효행구,7,7,6
피부ㆍ비뇨기과의원,경기도,화성시 병점구,8,8,8
피부ㆍ비뇨기과의원,경기도,화성시 동탄구,53,53,51
피부ㆍ비뇨기과의원,경기도,광주시,15,15,15
피부ㆍ비뇨기과의원,경기도,양주시,13,13,11
피부ㆍ비뇨기과의원,경기도,포천시,3,3,3
피부ㆍ비뇨기과의원,경기도,여주시,4,4,4
피부ㆍ비뇨기과의원,경기도,연천군,0,0,0
피부ㆍ비뇨기과의원,경기도,양평군,6,6,6
피부ㆍ비뇨기과의원,충청북도,청주시 상당구,21,21,21
피부ㆍ비뇨기과의원,충청북도,청주시 서원구,7,7,7
피부ㆍ비뇨기과의원,충청북도,청주시 흥덕구,32,34,31
피부ㆍ비뇨기과의원,충청북도,청주시 청원구,7,7,7
피부ㆍ비뇨기과의원,충청북도,충주시,9,9,8
피부ㆍ비뇨기과의원,충청북도,제천시,7,7,7
피부ㆍ비뇨기과의원,충청북도,옥천군,0,0,0
피부ㆍ비뇨기과의원,충청북도,영동군,0,0,0
피부ㆍ비뇨기과의원,충청북도,증평군,0,0,0
피부ㆍ비뇨기과의원,충청북도,진천군,3,3,3
피부ㆍ비뇨기과의원,충청북도,음성군,0,0,0
피부ㆍ비뇨기과의원,충청남도,천안시 동남구,17,17,18
피부ㆍ비뇨기과의원,충청남도,천안시 서북구,40,40,40
피부ㆍ비뇨기과의원,충청남도,공주시,7,7,7
피부ㆍ비뇨기과의원,충청남도,보령시,4,4,5
피부ㆍ비뇨기과의원,충청남도,아산시,14,14,14
피부ㆍ비뇨기과의원,충청남도,서산시,12,12,12
피부ㆍ비뇨기과의원,충청남도,논산시,5,5,5
피부ㆍ비뇨기과의원,충청남도,계룡시,0,0,0
피부ㆍ비뇨기과의원,충청남도,당진시,7,7,6
피부ㆍ비뇨기과의원,충청남도,금산군,0,0,0
피부ㆍ비뇨기과의원,충청남도,부여군,0,0,0
피부ㆍ비뇨기과의원,충청남도,서천군,0,0,0
피부ㆍ비뇨기과의원,충청남도,홍성군,0,0,0
피부ㆍ비뇨기과의원,충청남도,예산군,0,0,0
피부ㆍ비뇨기과의원,충청남도,태안군,0,0,0
피부ㆍ비뇨기과의원,경상북도,포항시 남구,8,8,8
피부ㆍ비뇨기과의원,경상북도,포항시 북구,24,24,25
피부ㆍ비뇨기과의원,경상북도,경주시,13,12,12
피부ㆍ비뇨기과의원,경상북도,김천시,5,5,5
피부ㆍ비뇨기과의원,경상북도,안동시,7,7,6
피부ㆍ비뇨기과의원,경상북도,구미시,23,24,26
피부ㆍ비뇨기과의원,경상북도,영주시,5,5,5
피부ㆍ비뇨기과의원,경상북도,영천시,4,4,4
피부ㆍ비뇨기과의원,경상북도,상주시,3,3,3
피부ㆍ비뇨기과의원,경상북도,문경시,4,4,4
피부ㆍ비뇨기과의원,경상북도,경산시,14,14,13
피부ㆍ비뇨기과의원,경상북도,영덕군,0,0,0
피부ㆍ비뇨기과의원,경상북도,청도군,0,0,0
피부ㆍ비뇨기과의원,경상북도,칠곡군,3,3,0
피부ㆍ비뇨기과의원,경상남도,창원시 의창구,11,11,11
피부ㆍ비뇨기과의원,경상남도,창원시 성산구,34,34,32
피부ㆍ비뇨기과의원,경상남도,창원시 마산합포구,13,13,12
피부ㆍ비뇨기과의원,경상남도,창원시 마산회원구,16,16,16
피부ㆍ비뇨기과의원,경상남도,창원시 진해구,12,12,13
피부ㆍ비뇨기과의원,경상남도,진주시,21,21,22
피부ㆍ비뇨기과의원,경상남도,통영시,8,8,8
피부ㆍ비뇨기과의원,경상남도,사천시,3,3,3
피부ㆍ비뇨기과의원,경상남도,김해시,32,32,31
피부ㆍ비뇨기과의원,경상남도,밀양시,4,4,4
피부ㆍ비뇨기과의원,경상남도,거제시,13,13,11
피부ㆍ비뇨기과의원,경상남도,양산시,18,18,19
피부ㆍ비뇨기과의원,경상남도,창녕군,0,0,0
피부ㆍ비뇨기과의원,경상남도,고성군,0,0,0
피부ㆍ비뇨기과의원,경상남도,남해군,0,0,0
피부ㆍ비뇨기과의원,경상남도,산청군,0,0,0
피부ㆍ비뇨기과의원,경상남도,거창군,0,0,0
피부ㆍ비뇨기과의원,제주특별자치도,제주시,44,44,45
피부ㆍ비뇨기과의원,제주특별자치도,서귀포시,12,12,12
피부ㆍ비뇨기과의원,강원특별자치도,춘천시,19,19,19
피부ㆍ비뇨기과의원,강원특별자치도,원주시,29,29,26
피부ㆍ비뇨기과의원,강원특별자치도,강릉시,14,14,13
피부ㆍ비뇨기과의원,강원특별자치도,동해시,3,3,3
피부ㆍ비뇨기과의원,강원특별자치도,태백시,0,0,0
피부ㆍ비뇨기과의원,강원특별자치도,속초시,7,7,6
피부ㆍ비뇨기과의원,강원특별자치도,삼척시,0,0,0
피부ㆍ비뇨기과의원,강원특별자치도,홍천군,0,0,0
피부ㆍ비뇨기과의원,강원특별자치도,정선군,0,0,0
피부ㆍ비뇨기과의원,전북특별자치도,전주시 완산구,45,45,45
피부ㆍ비뇨기과의원,전북특별자치도,전주시 덕진구,23,23,23
피부ㆍ비뇨기과의원,전북특별자치도,군산시,15,15,14
피부ㆍ비뇨기과의원,전북특별자치도,익산시,13,14,13
피부ㆍ비뇨기과의원,전북특별자치도,정읍시,8,8,8
피부ㆍ비뇨기과의원,전북특별자치도,남원시,4,4,4
피부ㆍ비뇨기과의원,전북특별자치도,김제시,4,4,4
피부ㆍ비뇨기과의원,전북특별자치도,완주군,0,0,0
피부ㆍ비뇨기과의원,전북특별자치도,순창군,0,0,0
피부ㆍ비뇨기과의원,전북특별자치도,고창군,0,0,0
피부ㆍ비뇨기과의원,전북특별자치도,부안군,0,0,0
한방병원ㆍ한의원,서울특별시,종로구,112,114,116
한방병원ㆍ한의원,서울특별시,중구,96,96,97
한방병원ㆍ한의원,서울특별시,용산구,63,63,61
한방병원ㆍ한의원,서울특별시,성동구,101,101,99
한방병원ㆍ한의원,서울특별시,광진구,123,123,119
한방병원ㆍ한의원,서울특별시,동대문구,156,159,153
한방병원ㆍ한의원,서울특별시,중랑구,122,121,118
한방병원ㆍ한의원,서울특별시,성북구,121,121,123
한방병원ㆍ한의원,서울특별시,강북구,94,94,92
한방병원ㆍ한의원,서울특별시,도봉구,87,87,85
한방병원ㆍ한의원,서울특별시,노원구,150,150,151
한방병원ㆍ한의원,서울특별시,은평구,162,162,159
한방병원ㆍ한의원,서울특별시,서대문구,94,94,91
한방병원ㆍ한의원,서울특별시,마포구,151,150,161
한방병원ㆍ한의원,서울특별시,양천구,162,162,162
한방병원ㆍ한의원,서울특별시,강서구,216,215,211
한방병원ㆍ한의원,서울특별시,구로구,123,123,120
한방병원ㆍ한의원,서울특별시,금천구,79,79,77
한방병원ㆍ한의원,서울특별시,영등포구,162,163,160
한방병원ㆍ한의원,서울특별시,동작구,134,134,133
한방병원ㆍ한의원,서울특별시,관악구,142,142,141
한방병원ㆍ한의원,서울특별시,서초구,282,279,269
한방병원ㆍ한의원,서울특별시,강남구,407,407,401
한방병원ㆍ한의원,서울특별시,송파구,278,276,268
한방병원ㆍ한의원,서울특별시,강동구,205,205,208
한방병원ㆍ한의원,전남광주통합특별시,목포시,52,52,54
한방병원ㆍ한의원,전남광주통합특별시,여수시,60,59,59
한방병원ㆍ한의원,전남광주통합특별시,순천시,59,59,59
한방병원ㆍ한의원,전남광주통합특별시,나주시,27,27,27
한방병원ㆍ한의원,전남광주통합특별시,광양시,27,27,26
한방병원ㆍ한의원,전남광주통합특별시,동구,41,40,44
한방병원ㆍ한의원,전남광주통합특별시,서구,108,110,106
한방병원ㆍ한의원,전남광주통합특별시,남구,70,70,67
한방병원ㆍ한의원,전남광주통합특별시,북구,113,112,109
한방병원ㆍ한의원,전남광주통합특별시,광산구,96,96,100
한방병원ㆍ한의원,전남광주통합특별시,담양군,12,12,12
한방병원ㆍ한의원,전남광주통합특별시,곡성군,5,5,5
한방병원ㆍ한의원,전남광주통합특별시,구례군,8,8,8
한방병원ㆍ한의원,전남광주통합특별시,고흥군,10,10,10
한방병원ㆍ한의원,전남광주통합특별시,보성군,9,9,9
한방병원ㆍ한의원,전남광주통합특별시,화순군,15,15,15
한방병원ㆍ한의원,전남광주통합특별시,장흥군,10,10,10
한방병원ㆍ한의원,전남광주통합특별시,강진군,7,7,7
한방병원ㆍ한의원,전남광주통합특별시,해남군,9,9,9
한방병원ㆍ한의원,전남광주통합특별시,영암군,13,13,14
한방병원ㆍ한의원,전남광주통합특별시,무안군,19,19,18
한방병원ㆍ한의원,전남광주통합특별시,함평군,7,7,7
한방병원ㆍ한의원,전남광주통합특별시,영광군,14,14,14
한방병원ㆍ한의원,전남광주통합특별시,장성군,9,9,9
한방병원ㆍ한의원,전남광주통합특별시,완도군,7,7,7
한방병원ㆍ한의원,전남광주통합특별시,진도군,5,5,5
한방병원ㆍ한의원,전남광주통합특별시,신안군,4,4,5
한방병원ㆍ한의원,부산광역시,중구,26,26,26
한방병원ㆍ한의원,부산광역시,서구,30,30,32
한방병원ㆍ한의원,부산광역시,동구,37,37,40
한방병원ㆍ한의원,부산광역시,영도구,28,28,29
한방병원ㆍ한의원,부산광역시,부산진구,166,163,160
한방병원ㆍ한의원,부산광역시,동래구,124,125,123
한방병원ㆍ한의원,부산광역시,남구,94,94,96
한방병원ㆍ한의원,부산광역시,북구,84,84,84
한방병원ㆍ한의원,부산광역시,해운대구,135,136,135
한방병원ㆍ한의원,부산광역시,사하구,86,87,88
한방병원ㆍ한의원,부산광역시,금정구,84,83,82
한방병원ㆍ한의원,부산광역시,강서구,25,25,23
한방병원ㆍ한의원,부산광역시,연제구,86,86,89
한방병원ㆍ한의원,부산광역시,수영구,82,81,85
한방병원ㆍ한의원,부산광역시,사상구,44,44,49
한방병원ㆍ한의원,부산광역시,기장군,42,42,40
한방병원ㆍ한의원,대구광역시,중구,72,72,70
한방병원ㆍ한의원,대구광역시,동구,124,125,125
한방병원ㆍ한의원,대구광역시,서구,68,68,69
한방병원ㆍ한의원,대구광역시,남구,65,65,66
한방병원ㆍ한의원,대구광역시,북구,135,135,132
한방병원ㆍ한의원,대구광역시,수성구,232,232,230
한방병원ㆍ한의원,대구광역시,달서구,186,184,181
한방병원ㆍ한의원,대구광역시,달성군,61,61,61
한방병원ㆍ한의원,대구광역시,군위군,6,6,6
한방병원ㆍ한의원,인천광역시,제물포구,25,25,26
한방병원ㆍ한의원,인천광역시,영종구,13,14,13
한방병원ㆍ한의원,인천광역시,미추홀구,105,105,103
한방병원ㆍ한의원,인천광역시,연수구,98,98,99
한방병원ㆍ한의원,인천광역시,남동구,159,159,161
한방병원ㆍ한의원,인천광역시,부평구,132,132,134
한방병원ㆍ한의원,인천광역시,계양구,81,80,81
한방병원ㆍ한의원,인천광역시,서구,0,0,0
한방병원ㆍ한의원,인천광역시,서해구,88,88,84
한방병원ㆍ한의원,인천광역시,검단구,45,45,42
한방병원ㆍ한의원,인천광역시,강화군,20,20,18
한방병원ㆍ한의원,인천광역시,옹진군,0,0,0
한방병원ㆍ한의원,대전광역시,동구,86,86,86
한방병원ㆍ한의원,대전광역시,중구,86,85,84
한방병원ㆍ한의원,대전광역시,서구,192,192,186
한방병원ㆍ한의원,대전광역시,유성구,121,121,124
한방병원ㆍ한의원,대전광역시,대덕구,49,49,49
한방병원ㆍ한의원,울산광역시,중구,47,47,47
한방병원ㆍ한의원,울산광역시,남구,113,114,112
한방병원ㆍ한의원,울산광역시,동구,38,38,39
한방병원ㆍ한의원,울산광역시,북구,38,39,40
한방병원ㆍ한의원,울산광역시,울주군,45,45,43
한방병원ㆍ한의원,세종특별자치시,0,102,101,100
한방병원ㆍ한의원,경기도,수원시 장안구,79,79,81
한방병원ㆍ한의원,경기도,수원시 권선구,83,83,83
한방병원ㆍ한의원,경기도,수원시 팔달구,104,104,107
한방병원ㆍ한의원,경기도,수원시 영통구,110,110,110
한방병원ㆍ한의원,경기도,성남시 수정구,98,98,91
한방병원ㆍ한의원,경기도,성남시 중원구,72,73,70
한방병원ㆍ한의원,경기도,성남시 분당구,219,219,217
한방병원ㆍ한의원,경기도,의정부시,107,107,109
한방병원ㆍ한의원,경기도,안양시 만안구,64,64,63
한방병원ㆍ한의원,경기도,안양시 동안구,135,135,134
한방병원ㆍ한의원,경기도,부천시 원미구,155,153,146
한방병원ㆍ한의원,경기도,부천시 소사구,61,61,60
한방병원ㆍ한의원,경기도,부천시 오정구,41,42,41
한방병원ㆍ한의원,경기도,광명시,97,97,95
한방병원ㆍ한의원,경기도,평택시,127,128,121
한방병원ㆍ한의원,경기도,동두천시,14,14,16
한방병원ㆍ한의원,경기도,안산시 상록구,73,73,79
한방병원ㆍ한의원,경기도,안산시 단원구,100,98,98
한방병원ㆍ한의원,경기도,고양시 덕양구,138,138,133
한방병원ㆍ한의원,경기도,고양시 일산동구,71,71,74
한방병원ㆍ한의원,경기도,고양시 일산서구,88,89,90
한방병원ㆍ한의원,경기도,과천시,24,24,20
한방병원ㆍ한의원,경기도,구리시,68,68,69
한방병원ㆍ한의원,경기도,남양주시,162,162,159
한방병원ㆍ한의원,경기도,오산시,49,49,44
한방병원ㆍ한의원,경기도,시흥시,89,89,90
한방병원ㆍ한의원,경기도,군포시,75,75,73
한방병원ㆍ한의원,경기도,의왕시,33,33,32
한방병원ㆍ한의원,경기도,하남시,93,93,90
한방병원ㆍ한의원,경기도,용인시 처인구,49,49,47
한방병원ㆍ한의원,경기도,용인시 기흥구,96,96,97
한방병원ㆍ한의원,경기도,용인시 수지구,105,104,100
한방병원ㆍ한의원,경기도,파주시,94,95,95
한방병원ㆍ한의원,경기도,이천시,50,50,52
한방병원ㆍ한의원,경기도,안성시,34,34,32
한방병원ㆍ한의원,경기도,김포시,115,115,117
한방병원ㆍ한의원,경기도,화성시,0,0,0
한방병원ㆍ한의원,경기도,화성시 만세구,51,50,50
한방병원ㆍ한의원,경기도,화성시 효행구,26,26,23
한방병원ㆍ한의원,경기도,화성시 병점구,33,33,32
한방병원ㆍ한의원,경기도,화성시 동탄구,91,90,86
한방병원ㆍ한의원,경기도,광주시,77,76,72
한방병원ㆍ한의원,경기도,양주시,40,40,39
한방병원ㆍ한의원,경기도,포천시,21,21,21
한방병원ㆍ한의원,경기도,여주시,28,28,28
한방병원ㆍ한의원,경기도,연천군,7,7,7
한방병원ㆍ한의원,경기도,가평군,14,14,15
한방병원ㆍ한의원,경기도,양평군,34,35,34
한방병원ㆍ한의원,충청북도,청주시 상당구,59,59,59
한방병원ㆍ한의원,충청북도,청주시 서원구,51,51,51
한방병원ㆍ한의원,충청북도,청주시 흥덕구,84,82,82
한방병원ㆍ한의원,충청북도,청주시 청원구,47,46,44
한방병원ㆍ한의원,충청북도,충주시,53,53,52
한방병원ㆍ한의원,충청북도,제천시,38,38,38
한방병원ㆍ한의원,충청북도,보은군,8,8,8
한방병원ㆍ한의원,충청북도,옥천군,12,13,13
한방병원ㆍ한의원,충청북도,영동군,13,13,13
한방병원ㆍ한의원,충청북도,증평군,11,11,9
한방병원ㆍ한의원,충청북도,진천군,18,18,17
한방병원ㆍ한의원,충청북도,괴산군,5,5,5
한방병원ㆍ한의원,충청북도,음성군,20,20,19
한방병원ㆍ한의원,충청북도,단양군,4,4,4
한방병원ㆍ한의원,충청남도,천안시 동남구,67,68,67
한방병원ㆍ한의원,충청남도,천안시 서북구,121,120,115
한방병원ㆍ한의원,충청남도,공주시,33,33,34
한방병원ㆍ한의원,충청남도,보령시,27,27,28
한방병원ㆍ한의원,충청남도,아산시,69,68,69
한방병원ㆍ한의원,충청남도,서산시,37,38,37
한방병원ㆍ한의원,충청남도,논산시,37,37,37
한방병원ㆍ한의원,충청남도,계룡시,13,13,13
한방병원ㆍ한의원,충청남도,당진시,36,36,35
한방병원ㆍ한의원,충청남도,금산군,20,20,19
한방병원ㆍ한의원,충청남도,부여군,13,13,13
한방병원ㆍ한의원,충청남도,서천군,13,13,13
한방병원ㆍ한의원,충청남도,청양군,8,8,8
한방병원ㆍ한의원,충청남도,홍성군,26,26,26
한방병원ㆍ한의원,충청남도,예산군,18,18,19
한방병원ㆍ한의원,충청남도,태안군,13,13,14
한방병원ㆍ한의원,경상북도,포항시 남구,65,65,64
한방병원ㆍ한의원,경상북도,포항시 북구,71,71,73
한방병원ㆍ한의원,경상북도,경주시,67,67,65
한방병원ㆍ한의원,경상북도,김천시,25,25,25
한방병원ㆍ한의원,경상북도,안동시,45,45,46
한방병원ㆍ한의원,경상북도,구미시,94,95,96
한방병원ㆍ한의원,경상북도,영주시,28,28,28
한방병원ㆍ한의원,경상북도,영천시,33,34,34
한방병원ㆍ한의원,경상북도,상주시,26,26,25
한방병원ㆍ한의원,경상북도,문경시,19,19,20
한방병원ㆍ한의원,경상북도,경산시,69,68,69
한방병원ㆍ한의원,경상북도,의성군,8,8,8
한방병원ㆍ한의원,경상북도,청송군,7,7,7
한방병원ㆍ한의원,경상북도,영양군,0,0,0
한방병원ㆍ한의원,경상북도,영덕군,7,7,8
한방병원ㆍ한의원,경상북도,청도군,12,12,11
한방병원ㆍ한의원,경상북도,고령군,6,6,7
한방병원ㆍ한의원,경상북도,성주군,10,10,10
한방병원ㆍ한의원,경상북도,칠곡군,17,17,18
한방병원ㆍ한의원,경상북도,예천군,15,15,14
한방병원ㆍ한의원,경상북도,봉화군,4,4,4
한방병원ㆍ한의원,경상북도,울진군,9,9,10
한방병원ㆍ한의원,경상북도,울릉군,0,0,0
한방병원ㆍ한의원,경상남도,창원시 의창구,59,59,59
한방병원ㆍ한의원,경상남도,창원시 성산구,90,90,92
한방병원ㆍ한의원,경상남도,창원시 마산합포구,50,50,49
한방병원ㆍ한의원,경상남도,창원시 마산회원구,45,45,43
한방병원ㆍ한의원,경상남도,창원시 진해구,37,38,41
한방병원ㆍ한의원,경상남도,진주시,100,100,100
한방병원ㆍ한의원,경상남도,통영시,27,27,25
한방병원ㆍ한의원,경상남도,사천시,28,28,26
한방병원ㆍ한의원,경상남도,김해시,118,118,113
한방병원ㆍ한의원,경상남도,밀양시,28,28,28
한방병원ㆍ한의원,경상남도,거제시,42,42,42
한방병원ㆍ한의원,경상남도,양산시,92,92,91
한방병원ㆍ한의원,경상남도,의령군,6,6,6
한방병원ㆍ한의원,경상남도,함안군,12,12,11
한방병원ㆍ한의원,경상남도,창녕군,10,10,10
한방병원ㆍ한의원,경상남도,고성군,8,8,9
한방병원ㆍ한의원,경상남도,남해군,10,10,10
한방병원ㆍ한의원,경상남도,하동군,9,9,9
한방병원ㆍ한의원,경상남도,산청군,12,12,15
한방병원ㆍ한의원,경상남도,함양군,11,11,11
한방병원ㆍ한의원,경상남도,거창군,14,14,16
한방병원ㆍ한의원,경상남도,합천군,13,13,13
한방병원ㆍ한의원,제주특별자치도,제주시,150,150,146
한방병원ㆍ한의원,제주특별자치도,서귀포시,56,57,57
한방병원ㆍ한의원,강원특별자치도,춘천시,66,67,67
한방병원ㆍ한의원,강원특별자치도,원주시,116,116,117
한방병원ㆍ한의원,강원특별자치도,강릉시,58,60,62
한방병원ㆍ한의원,강원특별자치도,동해시,20,20,20
한방병원ㆍ한의원,강원특별자치도,태백시,7,7,8
한방병원ㆍ한의원,강원특별자치도,속초시,23,23,22
한방병원ㆍ한의원,강원특별자치도,삼척시,11,11,11
한방병원ㆍ한의원,강원특별자치도,홍천군,12,12,11
한방병원ㆍ한의원,강원특별자치도,횡성군,12,12,12
한방병원ㆍ한의원,강원특별자치도,영월군,4,4,4
한방병원ㆍ한의원,강원특별자치도,평창군,10,10,11
한방병원ㆍ한의원,강원특별자치도,정선군,5,5,5
한방병원ㆍ한의원,강원특별자치도,철원군,9,9,9
한방병원ㆍ한의원,강원특별자치도,화천군,3,3,4
한방병원ㆍ한의원,강원특별자치도,양구군,3,3,3
한방병원ㆍ한의원,강원특별자치도,인제군,7,7,7
한방병원ㆍ한의원,강원특별자치도,고성군,6,6,6
한방병원ㆍ한의원,강원특별자치도,양양군,4,4,4
한방병원ㆍ한의원,전북특별자치도,전주시 완산구,134,135,134
한방병원ㆍ한의원,전북특별자치도,전주시 덕진구,95,95,97
한방병원ㆍ한의원,전북특별자치도,군산시,73,74,75
한방병원ㆍ한의원,전북특별자치도,익산시,82,82,83
한방병원ㆍ한의원,전북특별자치도,정읍시,30,30,31
한방병원ㆍ한의원,전북특별자치도,남원시,15,15,15
한방병원ㆍ한의원,전북특별자치도,김제시,21,21,21
한방병원ㆍ한의원,전북특별자치도,완주군,25,25,25
한방병원ㆍ한의원,전북특별자치도,진안군,5,5,5
한방병원ㆍ한의원,전북특별자치도,무주군,7,7,8
한방병원ㆍ한의원,전북특별자치도,장수군,4,4,4
한방병원ㆍ한의원,전북특별자치도,임실군,8,8,9
한방병원ㆍ한의원,전북특별자치도,순창군,7,7,7
한방병원ㆍ한의원,전북특별자치도,고창군,10,10,10
한방병원ㆍ한의원,전북특별자치도,부안군,15,16,16
간판광고물업,서울특별시,종로구,104,104,109
간판광고물업,서울특별시,중구,151,151,154
간판광고물업,서울특별시,용산구,41,41,43
간판광고물업,서울특별시,성동구,88,90,98
간판광고물업,서울특별시,광진구,102,103,108
간판광고물업,서울특별시,동대문구,79,79,79
간판광고물업,서울특별시,중랑구,100,101,101
간판광고물업,서울특별시,성북구,62,62,61
간판광고물업,서울특별시,강북구,55,56,61
간판광고물업,서울특별시,도봉구,45,45,48
간판광고물업,서울특별시,노원구,37,37,37
간판광고물업,서울특별시,은평구,80,78,82
간판광고물업,서울특별시,서대문구,42,42,46
간판광고물업,서울특별시,마포구,108,109,116
간판광고물업,서울특별시,양천구,73,73,79
간판광고물업,서울특별시,강서구,78,79,77
간판광고물업,서울특별시,구로구,88,87,86
간판광고물업,서울특별시,금천구,102,102,105
간판광고물업,서울특별시,영등포구,138,137,138
간판광고물업,서울특별시,동작구,58,57,59
간판광고물업,서울특별시,관악구,62,62,64
간판광고물업,서울특별시,서초구,109,109,112
간판광고물업,서울특별시,강남구,168,169,185
간판광고물업,서울특별시,송파구,138,137,133
간판광고물업,서울특별시,강동구,95,95,97
간판광고물업,전남광주통합특별시,목포시,93,93,93
간판광고물업,전남광주통합특별시,여수시,80,79,80
간판광고물업,전남광주통합특별시,순천시,87,86,85
간판광고물업,전남광주통합특별시,나주시,36,35,34
간판광고물업,전남광주통합특별시,광양시,44,44,41
간판광고물업,전남광주통합특별시,동구,35,35,34
간판광고물업,전남광주통합특별시,서구,93,93,93
간판광고물업,전남광주통합특별시,남구,52,53,52
간판광고물업,전남광주통합특별시,북구,179,179,177
간판광고물업,전남광주통합특별시,광산구,82,82,80
간판광고물업,전남광주통합특별시,담양군,9,10,9
간판광고물업,전남광주통합특별시,곡성군,9,9,9
간판광고물업,전남광주통합특별시,구례군,5,5,5
간판광고물업,전남광주통합특별시,고흥군,12,12,13
간판광고물업,전남광주통합특별시,보성군,8,8,8
간판광고물업,전남광주통합특별시,화순군,18,18,19
간판광고물업,전남광주통합특별시,장흥군,11,11,11
간판광고물업,전남광주통합특별시,강진군,11,11,11
간판광고물업,전남광주통합특별시,해남군,24,25,23
간판광고물업,전남광주통합특별시,영암군,14,14,14
간판광고물업,전남광주통합특별시,무안군,18,18,19
간판광고물업,전남광주통합특별시,함평군,9,10,11
간판광고물업,전남광주통합특별시,영광군,12,12,12
간판광고물업,전남광주통합특별시,장성군,13,13,13
간판광고물업,전남광주통합특별시,완도군,10,10,10
간판광고물업,전남광주통합특별시,진도군,12,12,11
간판광고물업,전남광주통합특별시,신안군,0,0,0
간판광고물업,부산광역시,중구,23,23,24
간판광고물업,부산광역시,서구,19,18,17
간판광고물업,부산광역시,동구,21,21,19
간판광고물업,부산광역시,영도구,14,14,14
간판광고물업,부산광역시,부산진구,89,91,88
간판광고물업,부산광역시,동래구,82,79,80
간판광고물업,부산광역시,남구,50,49,47
간판광고물업,부산광역시,북구,27,28,29
간판광고물업,부산광역시,해운대구,57,59,64
간판광고물업,부산광역시,사하구,70,69,66
간판광고물업,부산광역시,금정구,77,78,79
간판광고물업,부산광역시,강서구,54,54,56
간판광고물업,부산광역시,연제구,49,50,51
간판광고물업,부산광역시,수영구,41,41,46
간판광고물업,부산광역시,사상구,103,101,105
간판광고물업,부산광역시,기장군,44,44,43
간판광고물업,대구광역시,중구,85,85,91
간판광고물업,대구광역시,동구,103,104,100
간판광고물업,대구광역시,서구,79,80,76
간판광고물업,대구광역시,남구,83,83,82
간판광고물업,대구광역시,북구,112,112,116
간판광고물업,대구광역시,수성구,101,104,108
간판광고물업,대구광역시,달서구,124,124,121
간판광고물업,대구광역시,달성군,36,36,40
간판광고물업,대구광역시,군위군,6,6,7
간판광고물업,인천광역시,제물포구,50,50,48
간판광고물업,인천광역시,영종구,10,10,10
간판광고물업,인천광역시,미추홀구,97,97,100
간판광고물업,인천광역시,연수구,30,31,31
간판광고물업,인천광역시,남동구,100,100,96
간판광고물업,인천광역시,부평구,85,83,88
간판광고물업,인천광역시,계양구,57,57,63
간판광고물업,인천광역시,서해구,85,85,77
간판광고물업,인천광역시,검단구,38,38,41
간판광고물업,인천광역시,강화군,15,15,15
간판광고물업,인천광역시,옹진군,0,0,0
간판광고물업,대전광역시,동구,69,70,75
간판광고물업,대전광역시,중구,87,87,89
간판광고물업,대전광역시,서구,107,107,105
간판광고물업,대전광역시,유성구,37,38,36
간판광고물업,대전광역시,대덕구,81,81,81
간판광고물업,울산광역시,중구,69,68,71
간판광고물업,울산광역시,남구,118,118,118
간판광고물업,울산광역시,동구,16,16,14
간판광고물업,울산광역시,북구,25,25,26
간판광고물업,울산광역시,울주군,50,50,50
간판광고물업,세종특별자치시,0,37,37,36
간판광고물업,경기도,수원시 장안구,44,45,45
간판광고물업,경기도,수원시 권선구,75,74,74
간판광고물업,경기도,수원시 팔달구,54,53,52
간판광고물업,경기도,수원시 영통구,34,34,38
간판광고물업,경기도,성남시 수정구,43,43,48
간판광고물업,경기도,성남시 중원구,72,73,72
간판광고물업,경기도,성남시 분당구,71,71,69
간판광고물업,경기도,의정부시,97,97,98
간판광고물업,경기도,안양시 만안구,53,53,54
간판광고물업,경기도,안양시 동안구,62,62,62
간판광고물업,경기도,부천시 원미구,85,87,87
간판광고물업,경기도,부천시 소사구,32,32,29
간판광고물업,경기도,부천시 오정구,53,53,54
간판광고물업,경기도,광명시,61,61,64
간판광고물업,경기도,평택시,97,98,93
간판광고물업,경기도,동두천시,26,26,25
간판광고물업,경기도,안산시 상록구,62,64,70
간판광고물업,경기도,안산시 단원구,103,102,97
간판광고물업,경기도,고양시 덕양구,153,152,145
간판광고물업,경기도,고양시 일산동구,189,189,201
간판광고물업,경기도,고양시 일산서구,83,83,86
간판광고물업,경기도,과천시,21,21,21
간판광고물업,경기도,구리시,59,60,58
간판광고물업,경기도,남양주시,252,254,254
간판광고물업,경기도,오산시,42,42,40
간판광고물업,경기도,시흥시,134,136,132
간판광고물업,경기도,군포시,55,55,56
간판광고물업,경기도,의왕시,16,16,18
간판광고물업,경기도,하남시,145,146,146
간판광고물업,경기도,용인시 처인구,94,95,90
간판광고물업,경기도,용인시 기흥구,33,33,34
간판광고물업,경기도,용인시 수지구,17,16,19
간판광고물업,경기도,파주시,211,212,210
간판광고물업,경기도,이천시,41,42,37
간판광고물업,경기도,안성시,35,36,36
간판광고물업,경기도,김포시,130,129,128
간판광고물업,경기도,화성시,0,0,0
간판광고물업,경기도,화성시 만세구,68,66,62
간판광고물업,경기도,화성시 효행구,51,48,51
간판광고물업,경기도,화성시 병점구,38,37,35
간판광고물업,경기도,화성시 동탄구,40,38,35
간판광고물업,경기도,광주시,179,180,179
간판광고물업,경기도,양주시,66,67,66
간판광고물업,경기도,포천시,76,75,70
간판광고물업,경기도,여주시,30,30,28
간판광고물업,경기도,연천군,13,13,14
간판광고물업,경기도,가평군,13,13,13
간판광고물업,경기도,양평군,23,23,21
간판광고물업,충청북도,청주시 상당구,45,45,47
간판광고물업,충청북도,청주시 서원구,39,39,40
간판광고물업,충청북도,청주시 흥덕구,64,64,63
간판광고물업,충청북도,청주시 청원구,47,47,48
간판광고물업,충청북도,충주시,58,58,57
간판광고물업,충청북도,제천시,43,43,44
간판광고물업,충청북도,보은군,8,8,8
간판광고물업,충청북도,옥천군,7,7,7
간판광고물업,충청북도,영동군,13,14,13
간판광고물업,충청북도,증평군,7,7,8
간판광고물업,충청북도,진천군,26,26,24
간판광고물업,충청북도,괴산군,5,5,5
간판광고물업,충청북도,음성군,25,25,24
간판광고물업,충청북도,단양군,15,15,14
간판광고물업,충청남도,천안시 동남구,78,77,80
간판광고물업,충청남도,천안시 서북구,85,85,85
간판광고물업,충청남도,공주시,29,29,27
간판광고물업,충청남도,보령시,29,29,29
간판광고물업,충청남도,아산시,59,59,59
간판광고물업,충청남도,서산시,40,40,40
간판광고물업,충청남도,논산시,41,41,40
간판광고물업,충청남도,계룡시,10,9,9
간판광고물업,충청남도,당진시,41,42,40
간판광고물업,충청남도,금산군,14,14,14
간판광고물업,충청남도,부여군,10,9,9
간판광고물업,충청남도,서천군,19,19,19
간판광고물업,충청남도,청양군,5,5,3
간판광고물업,충청남도,홍성군,17,17,16
간판광고물업,충청남도,예산군,18,18,18
간판광고물업,충청남도,태안군,18,18,17
간판광고물업,경상북도,포항시 남구,57,57,54
간판광고물업,경상북도,포항시 북구,61,61,61
간판광고물업,경상북도,경주시,63,63,64
간판광고물업,경상북도,김천시,37,37,37
간판광고물업,경상북도,안동시,61,61,58
간판광고물업,경상북도,구미시,110,110,106
간판광고물업,경상북도,영주시,39,39,39
간판광고물업,경상북도,영천시,30,30,28
간판광고물업,경상북도,상주시,22,22,23
간판광고물업,경상북도,문경시,23,23,25
간판광고물업,경상북도,경산시,68,69,67
간판광고물업,경상북도,의성군,16,16,15
간판광고물업,경상북도,청송군,3,3,3
간판광고물업,경상북도,영양군,7,7,6
간판광고물업,경상북도,영덕군,15,15,15
간판광고물업,경상북도,청도군,8,8,8
간판광고물업,경상북도,고령군,8,8,7
간판광고물업,경상북도,성주군,13,13,15
간판광고물업,경상북도,칠곡군,24,24,24
간판광고물업,경상북도,예천군,9,9,9
간판광고물업,경상북도,봉화군,7,7,7
간판광고물업,경상북도,울진군,14,14,14
간판광고물업,경상북도,울릉군,3,3,3
간판광고물업,경상남도,창원시 의창구,65,65,67
간판광고물업,경상남도,창원시 성산구,52,51,53
간판광고물업,경상남도,창원시 마산합포구,44,44,44
간판광고물업,경상남도,창원시 마산회원구,50,50,46
간판광고물업,경상남도,창원시 진해구,23,23,25
간판광고물업,경상남도,진주시,91,91,89
간판광고물업,경상남도,통영시,24,25,24
간판광고물업,경상남도,사천시,35,35,32
간판광고물업,경상남도,김해시,113,113,115
간판광고물업,경상남도,밀양시,19,19,18
간판광고물업,경상남도,거제시,34,34,37
간판광고물업,경상남도,양산시,68,68,73
간판광고물업,경상남도,의령군,0,0,0
간판광고물업,경상남도,함안군,17,17,16
간판광고물업,경상남도,창녕군,12,12,12
간판광고물업,경상남도,고성군,8,8,7
간판광고물업,경상남도,남해군,9,9,9
간판광고물업,경상남도,하동군,7,7,7
간판광고물업,경상남도,산청군,9,9,9
간판광고물업,경상남도,함양군,14,14,14
간판광고물업,경상남도,거창군,12,12,12
간판광고물업,경상남도,합천군,7,7,7
간판광고물업,제주특별자치도,제주시,155,155,157
간판광고물업,제주특별자치도,서귀포시,41,41,42
간판광고물업,강원특별자치도,춘천시,111,111,110
간판광고물업,강원특별자치도,원주시,93,94,91
간판광고물업,강원특별자치도,강릉시,68,69,70
간판광고물업,강원특별자치도,동해시,41,41,41
간판광고물업,강원특별자치도,태백시,15,14,14
간판광고물업,강원특별자치도,속초시,42,42,44
간판광고물업,강원특별자치도,삼척시,17,17,18
간판광고물업,강원특별자치도,홍천군,27,27,29
간판광고물업,강원특별자치도,횡성군,16,16,17
간판광고물업,강원특별자치도,영월군,10,10,10
간판광고물업,강원특별자치도,평창군,17,17,16
간판광고물업,강원특별자치도,정선군,15,15,16
간판광고물업,강원특별자치도,철원군,13,13,14
간판광고물업,강원특별자치도,화천군,8,8,8
간판광고물업,강원특별자치도,양구군,5,5,5
간판광고물업,강원특별자치도,인제군,17,17,13
간판광고물업,강원특별자치도,고성군,8,8,8
간판광고물업,강원특별자치도,양양군,6,6,6
간판광고물업,전북특별자치도,전주시 완산구,116,117,116
간판광고물업,전북특별자치도,전주시 덕진구,97,97,97
간판광고물업,전북특별자치도,군산시,75,75,73
간판광고물업,전북특별자치도,익산시,94,94,92
간판광고물업,전북특별자치도,정읍시,25,25,26
간판광고물업,전북특별자치도,남원시,25,25,24
간판광고물업,전북특별자치도,김제시,23,23,22
간판광고물업,전북특별자치도,완주군,17,17,14
간판광고물업,전북특별자치도,진안군,8,8,7
간판광고물업,전북특별자치도,무주군,8,8,6
간판광고물업,전북특별자치도,장수군,5,5,6
간판광고물업,전북특별자치도,임실군,4,4,5
간판광고물업,전북특별자치도,순창군,9,9,9
간판광고물업,전북특별자치도,고창군,18,18,19
간판광고물업,전북특별자치도,부안군,16,16,16
실내장식가게,서울특별시,종로구,272,273,271
실내장식가게,서울특별시,중구,284,287,291
실내장식가게,서울특별시,용산구,409,409,405
실내장식가게,서울특별시,성동구,508,505,498
실내장식가게,서울특별시,광진구,591,588,564
실내장식가게,서울특별시,동대문구,575,571,531
실내장식가게,서울특별시,중랑구,835,832,828
실내장식가게,서울특별시,성북구,625,625,585
실내장식가게,서울특별시,강북구,651,647,616
실내장식가게,서울특별시,도봉구,600,597,587
실내장식가게,서울특별시,노원구,651,649,651
실내장식가게,서울특별시,은평구,691,682,670
실내장식가게,서울특별시,서대문구,415,418,414
실내장식가게,서울특별시,마포구,868,858,860
실내장식가게,서울특별시,양천구,681,675,637
실내장식가게,서울특별시,강서구,1026,1015,981
실내장식가게,서울특별시,구로구,714,707,681
실내장식가게,서울특별시,금천구,697,699,671
실내장식가게,서울특별시,영등포구,768,764,724
실내장식가게,서울특별시,동작구,481,480,466
실내장식가게,서울특별시,관악구,729,725,696
실내장식가게,서울특별시,서초구,1042,1050,1062
실내장식가게,서울특별시,강남구,1611,1604,1596
실내장식가게,서울특별시,송파구,1301,1296,1281
실내장식가게,서울특별시,강동구,810,818,799
실내장식가게,전남광주통합특별시,목포시,304,302,273
실내장식가게,전남광주통합특별시,여수시,311,311,289
실내장식가게,전남광주통합특별시,순천시,417,411,392
실내장식가게,전남광주통합특별시,나주시,171,167,168
실내장식가게,전남광주통합특별시,광양시,149,148,161
실내장식가게,전남광주통합특별시,동구,269,268,260
실내장식가게,전남광주통합특별시,서구,643,643,639
실내장식가게,전남광주통합특별시,남구,393,393,377
실내장식가게,전남광주통합특별시,북구,1066,1068,1015
실내장식가게,전남광주통합특별시,광산구,861,859,812
실내장식가게,전남광주통합특별시,담양군,104,103,97
실내장식가게,전남광주통합특별시,곡성군,38,38,35
실내장식가게,전남광주통합특별시,구례군,21,21,25
실내장식가게,전남광주통합특별시,고흥군,58,63,61
실내장식가게,전남광주통합특별시,보성군,30,30,32
실내장식가게,전남광주통합특별시,화순군,100,98,93
실내장식가게,전남광주통합특별시,장흥군,29,29,33
실내장식가게,전남광주통합특별시,강진군,42,42,42
실내장식가게,전남광주통합특별시,해남군,48,47,42
실내장식가게,전남광주통합특별시,영암군,52,52,52
실내장식가게,전남광주통합특별시,무안군,86,86,79
실내장식가게,전남광주통합특별시,함평군,30,31,31
실내장식가게,전남광주통합특별시,영광군,40,39,36
실내장식가게,전남광주통합특별시,장성군,57,56,52
실내장식가게,전남광주통합특별시,완도군,38,38,33
실내장식가게,전남광주통합특별시,진도군,20,20,21
실내장식가게,전남광주통합특별시,신안군,32,32,31
실내장식가게,부산광역시,중구,78,77,83
실내장식가게,부산광역시,서구,117,114,119
실내장식가게,부산광역시,동구,171,170,164
실내장식가게,부산광역시,영도구,134,134,139
실내장식가게,부산광역시,부산진구,690,689,639
실내장식가게,부산광역시,동래구,575,566,554
실내장식가게,부산광역시,남구,469,462,435
실내장식가게,부산광역시,북구,368,367,365
실내장식가게,부산광역시,해운대구,809,807,806
실내장식가게,부산광역시,사하구,355,354,343
실내장식가게,부산광역시,금정구,458,460,455
실내장식가게,부산광역시,강서구,299,303,282
실내장식가게,부산광역시,연제구,457,460,425
실내장식가게,부산광역시,수영구,438,439,438
실내장식가게,부산광역시,사상구,333,335,310
실내장식가게,부산광역시,기장군,331,329,323
실내장식가게,대구광역시,중구,228,229,201
실내장식가게,대구광역시,동구,617,618,590
실내장식가게,대구광역시,서구,306,307,288
실내장식가게,대구광역시,남구,411,404,394
실내장식가게,대구광역시,북구,734,726,671
실내장식가게,대구광역시,수성구,920,911,907
실내장식가게,대구광역시,달서구,870,865,810
실내장식가게,대구광역시,달성군,340,338,325
실내장식가게,대구광역시,군위군,28,29,24
실내장식가게,인천광역시,제물포구,276,278,277
실내장식가게,인천광역시,영종구,208,207,194
실내장식가게,인천광역시,미추홀구,932,925,887
실내장식가게,인천광역시,연수구,707,708,651
실내장식가게,인천광역시,남동구,1105,1104,1044
실내장식가게,인천광역시,부평구,901,906,883
실내장식가게,인천광역시,계양구,615,615,578
실내장식가게,인천광역시,서구,0,0,0
실내장식가게,인천광역시,서해구,915,913,869
실내장식가게,인천광역시,검단구,443,443,372
실내장식가게,인천광역시,강화군,143,141,148
실내장식가게,인천광역시,옹진군,55,57,56
실내장식가게,대전광역시,동구,438,440,433
실내장식가게,대전광역시,중구,496,492,489
실내장식가게,대전광역시,서구,1048,1042,1003
실내장식가게,대전광역시,유성구,656,658,615
실내장식가게,대전광역시,대덕구,382,374,381
실내장식가게,울산광역시,중구,401,402,393
실내장식가게,울산광역시,남구,582,583,578
실내장식가게,울산광역시,동구,166,164,157
실내장식가게,울산광역시,북구,201,204,199
실내장식가게,울산광역시,울주군,293,290,278
실내장식가게,세종특별자치시,0,484,474,443
실내장식가게,경기도,수원시 장안구,492,500,465
실내장식가게,경기도,수원시 권선구,749,751,749
실내장식가게,경기도,수원시 팔달구,396,397,387
실내장식가게,경기도,수원시 영통구,515,518,486
실내장식가게,경기도,성남시 수정구,509,510,511
실내장식가게,경기도,성남시 중원구,514,517,516
실내장식가게,경기도,성남시 분당구,806,797,814
실내장식가게,경기도,의정부시,1048,1039,950
실내장식가게,경기도,안양시 만안구,491,490,460
실내장식가게,경기도,안양시 동안구,586,584,570
실내장식가게,경기도,부천시 원미구,958,951,911
실내장식가게,경기도,부천시 소사구,467,472,459
실내장식가게,경기도,부천시 오정구,408,411,393
실내장식가게,경기도,광명시,519,510,480
실내장식가게,경기도,평택시,1079,1061,974
실내장식가게,경기도,동두천시,166,164,154
실내장식가게,경기도,안산시 상록구,990,986,913
실내장식가게,경기도,안산시 단원구,764,769,733
실내장식가게,경기도,고양시 덕양구,1180,1173,1106
실내장식가게,경기도,고양시 일산동구,778,774,782
실내장식가게,경기도,고양시 일산서구,573,577,572
실내장식가게,경기도,과천시,113,110,100
실내장식가게,경기도,구리시,487,479,457
실내장식가게,경기도,남양주시,2040,2019,1932
실내장식가게,경기도,오산시,417,411,383
실내장식가게,경기도,시흥시,1252,1240,1179
실내장식가게,경기도,군포시,428,426,416
실내장식가게,경기도,의왕시,263,263,236
실내장식가게,경기도,하남시,862,859,815
실내장식가게,경기도,용인시 처인구,725,727,669
실내장식가게,경기도,용인시 기흥구,778,773,762
실내장식가게,경기도,용인시 수지구,488,486,458
실내장식가게,경기도,파주시,1083,1079,984
실내장식가게,경기도,이천시,278,273,255
실내장식가게,경기도,안성시,323,328,305
실내장식가게,경기도,김포시,1119,1104,1048
실내장식가게,경기도,화성시,0,0,0
실내장식가게,경기도,화성시 만세구,453,461,431
실내장식가게,경기도,화성시 효행구,353,351,332
실내장식가게,경기도,화성시 병점구,307,305,251
실내장식가게,경기도,화성시 동탄구,696,687,586
실내장식가게,경기도,광주시,1191,1179,1109
실내장식가게,경기도,양주시,624,621,595
실내장식가게,경기도,포천시,349,344,328
실내장식가게,경기도,여주시,169,171,163
실내장식가게,경기도,연천군,59,58,56
실내장식가게,경기도,가평군,172,174,159
실내장식가게,경기도,양평군,287,284,275
실내장식가게,충청북도,청주시 상당구,381,378,335
실내장식가게,충청북도,청주시 서원구,313,312,295
실내장식가게,충청북도,청주시 흥덕구,427,423,401
실내장식가게,충청북도,청주시 청원구,325,325,301
실내장식가게,충청북도,충주시,328,325,304
실내장식가게,충청북도,제천시,170,165,160
실내장식가게,충청북도,보은군,25,24,21
실내장식가게,충청북도,옥천군,70,69,60
실내장식가게,충청북도,영동군,42,43,43
실내장식가게,충청북도,증평군,42,41,39
실내장식가게,충청북도,진천군,88,87,89
실내장식가게,충청북도,괴산군,48,48,41
실내장식가게,충청북도,음성군,109,110,118
실내장식가게,충청북도,단양군,27,27,26
실내장식가게,충청남도,천안시 동남구,550,552,517
실내장식가게,충청남도,천안시 서북구,703,699,647
실내장식가게,충청남도,공주시,143,144,131
실내장식가게,충청남도,보령시,82,83,80
실내장식가게,충청남도,아산시,480,473,457
실내장식가게,충청남도,서산시,214,212,194
실내장식가게,충청남도,논산시,125,125,124
실내장식가게,충청남도,계룡시,55,54,55
실내장식가게,충청남도,당진시,134,135,121
실내장식가게,충청남도,금산군,77,78,70
실내장식가게,충청남도,부여군,70,70,66
실내장식가게,충청남도,서천군,46,47,44
실내장식가게,충청남도,청양군,35,31,25
실내장식가게,충청남도,홍성군,109,110,106
실내장식가게,충청남도,예산군,107,106,93
실내장식가게,충청남도,태안군,71,70,68
실내장식가게,경상북도,포항시 남구,305,303,298
실내장식가게,경상북도,포항시 북구,393,394,397
실내장식가게,경상북도,경주시,329,328,325
실내장식가게,경상북도,김천시,123,121,111
실내장식가게,경상북도,안동시,247,248,238
실내장식가게,경상북도,구미시,619,614,563
실내장식가게,경상북도,영주시,75,77,74
실내장식가게,경상북도,영천시,103,104,95
실내장식가게,경상북도,상주시,80,79,78
실내장식가게,경상북도,문경시,88,86,89
실내장식가게,경상북도,경산시,417,415,397
실내장식가게,경상북도,의성군,29,29,28
실내장식가게,경상북도,청송군,14,14,13
실내장식가게,경상북도,영양군,5,6,11
실내장식가게,경상북도,영덕군,35,34,32
실내장식가게,경상북도,청도군,48,48,44
실내장식가게,경상북도,고령군,46,47,46
실내장식가게,경상북도,성주군,36,36,31
실내장식가게,경상북도,칠곡군,182,185,163
실내장식가게,경상북도,예천군,27,28,20
실내장식가게,경상북도,봉화군,19,19,17
실내장식가게,경상북도,울진군,44,45,39
실내장식가게,경상북도,울릉군,16,16,16
실내장식가게,경상남도,창원시 의창구,442,447,441
실내장식가게,경상남도,창원시 성산구,331,327,320
실내장식가게,경상남도,창원시 마산합포구,288,287,271
실내장식가게,경상남도,창원시 마산회원구,239,235,232
실내장식가게,경상남도,창원시 진해구,187,187,176
실내장식가게,경상남도,진주시,521,526,508
실내장식가게,경상남도,통영시,124,125,122
실내장식가게,경상남도,사천시,137,143,133
실내장식가게,경상남도,김해시,858,863,821
실내장식가게,경상남도,밀양시,79,80,73
실내장식가게,경상남도,거제시,325,319,316
실내장식가게,경상남도,양산시,657,656,592
실내장식가게,경상남도,의령군,24,23,18
실내장식가게,경상남도,함안군,62,61,57
실내장식가게,경상남도,창녕군,57,57,55
실내장식가게,경상남도,고성군,54,54,45
실내장식가게,경상남도,남해군,31,31,29
실내장식가게,경상남도,하동군,32,32,30
실내장식가게,경상남도,산청군,44,44,37
실내장식가게,경상남도,함양군,47,47,41
실내장식가게,경상남도,거창군,64,63,59
실내장식가게,경상남도,합천군,31,30,28
실내장식가게,제주특별자치도,제주시,1504,1502,1484
실내장식가게,제주특별자치도,서귀포시,424,426,389
실내장식가게,강원특별자치도,춘천시,455,454,443
실내장식가게,강원특별자치도,원주시,634,636,620
실내장식가게,강원특별자치도,강릉시,310,307,279
실내장식가게,강원특별자치도,동해시,125,125,126
실내장식가게,강원특별자치도,태백시,39,39,39
실내장식가게,강원특별자치도,속초시,142,144,146
실내장식가게,강원특별자치도,삼척시,64,66,66
실내장식가게,강원특별자치도,홍천군,65,66,63
실내장식가게,강원특별자치도,횡성군,71,71,68
실내장식가게,강원특별자치도,영월군,39,39,36
실내장식가게,강원특별자치도,평창군,52,50,46
실내장식가게,강원특별자치도,정선군,33,31,30
실내장식가게,강원특별자치도,철원군,44,43,40
실내장식가게,강원특별자치도,화천군,32,33,31
실내장식가게,강원특별자치도,양구군,26,27,24
실내장식가게,강원특별자치도,인제군,36,35,27
실내장식가게,강원특별자치도,고성군,53,53,61
실내장식가게,강원특별자치도,양양군,43,43,47
실내장식가게,전북특별자치도,전주시 완산구,147,146,155
실내장식가게,전북특별자치도,전주시 덕진구,89,90,87
실내장식가게,전북특별자치도,군산시,87,82,68
실내장식가게,전북특별자치도,익산시,65,66,58
실내장식가게,전북특별자치도,정읍시,31,32,21
실내장식가게,전북특별자치도,남원시,47,47,47
실내장식가게,전북특별자치도,김제시,24,25,21
실내장식가게,전북특별자치도,완주군,45,42,39
실내장식가게,전북특별자치도,진안군,4,4,5
실내장식가게,전북특별자치도,무주군,12,13,9
실내장식가게,전북특별자치도,장수군,8,8,7
실내장식가게,전북특별자치도,임실군,16,15,13
실내장식가게,전북특별자치도,순창군,17,17,15
실내장식가게,전북특별자치도,고창군,20,20,14
실내장식가게,전북특별자치도,부안군,8,8,8
주차장운영업,서울특별시,종로구,101,103,106
주차장운영업,서울특별시,중구,95,94,98
주차장운영업,서울특별시,용산구,82,82,81
주차장운영업,서울특별시,성동구,86,85,85
주차장운영업,서울특별시,광진구,62,61,55
주차장운영업,서울특별시,동대문구,82,84,79
주차장운영업,서울특별시,중랑구,38,38,37
주차장운영업,서울특별시,성북구,48,49,47
주차장운영업,서울특별시,강북구,38,36,34
주차장운영업,서울특별시,도봉구,24,24,21
주차장운영업,서울특별시,노원구,22,22,21
주차장운영업,서울특별시,은평구,47,47,45
주차장운영업,서울특별시,서대문구,50,50,46
주차장운영업,서울특별시,마포구,105,105,99
주차장운영업,서울특별시,양천구,51,52,53
주차장운영업,서울특별시,강서구,201,199,196
주차장운영업,서울특별시,구로구,86,85,81
주차장운영업,서울특별시,금천구,126,126,127
주차장운영업,서울특별시,영등포구,147,147,147
주차장운영업,서울특별시,동작구,46,45,40
주차장운영업,서울특별시,관악구,45,45,41
주차장운영업,서울특별시,서초구,143,142,147
주차장운영업,서울특별시,강남구,297,298,291
주차장운영업,서울특별시,송파구,101,99,98
주차장운영업,서울특별시,강동구,80,79,72
주차장운영업,전남광주통합특별시,목포시,22,22,21
주차장운영업,전남광주통합특별시,여수시,23,23,25
주차장운영업,전남광주통합특별시,순천시,62,63,61
주차장운영업,전남광주통합특별시,나주시,17,16,15
주차장운영업,전남광주통합특별시,광양시,6,5,5
주차장운영업,전남광주통합특별시,동구,115,116,107
주차장운영업,전남광주통합특별시,서구,73,74,68
주차장운영업,전남광주통합특별시,남구,35,34,33
주차장운영업,전남광주통합특별시,북구,58,58,60
주차장운영업,전남광주통합특별시,광산구,86,86,74
주차장운영업,전남광주통합특별시,담양군,0,0,0
주차장운영업,전남광주통합특별시,구례군,0,0,0
주차장운영업,전남광주통합특별시,고흥군,3,3,0
주차장운영업,전남광주통합특별시,보성군,0,0,0
주차장운영업,전남광주통합특별시,화순군,3,3,4
주차장운영업,전남광주통합특별시,영암군,0,0,0
주차장운영업,전남광주통합특별시,무안군,4,4,4
주차장운영업,전남광주통합특별시,함평군,0,0,0
주차장운영업,전남광주통합특별시,장성군,0,0,0
주차장운영업,전남광주통합특별시,진도군,0,0,0
주차장운영업,전남광주통합특별시,신안군,0,0,0
주차장운영업,부산광역시,중구,108,104,107
주차장운영업,부산광역시,서구,105,105,104
주차장운영업,부산광역시,동구,169,160,155
주차장운영업,부산광역시,영도구,77,79,84
주차장운영업,부산광역시,부산진구,290,286,276
주차장운영업,부산광역시,동래구,149,148,152
주차장운영업,부산광역시,남구,124,124,125
주차장운영업,부산광역시,북구,114,113,115
주차장운영업,부산광역시,해운대구,156,156,156
주차장운영업,부산광역시,사하구,112,111,115
주차장운영업,부산광역시,금정구,129,131,132
주차장운영업,부산광역시,강서구,108,109,97
주차장운영업,부산광역시,연제구,155,153,155
주차장운영업,부산광역시,수영구,135,134,133
주차장운영업,부산광역시,사상구,109,109,111
주차장운영업,부산광역시,기장군,59,60,58
주차장운영업,대구광역시,중구,140,141,142
주차장운영업,대구광역시,동구,91,91,92
주차장운영업,대구광역시,서구,51,50,50
주차장운영업,대구광역시,남구,40,41,41
주차장운영업,대구광역시,북구,36,35,36
주차장운영업,대구광역시,수성구,59,59,56
주차장운영업,대구광역시,달서구,57,57,55
주차장운영업,대구광역시,달성군,20,20,26
주차장운영업,인천광역시,제물포구,35,35,34
주차장운영업,인천광역시,영종구,123,121,105
주차장운영업,인천광역시,미추홀구,77,77,70
주차장운영업,인천광역시,연수구,75,75,71
주차장운영업,인천광역시,남동구,81,81,75
주차장운영업,인천광역시,부평구,54,55,54
주차장운영업,인천광역시,계양구,28,26,23
주차장운영업,인천광역시,서해구,83,83,76
주차장운영업,인천광역시,검단구,51,50,45
주차장운영업,인천광역시,강화군,9,9,10
주차장운영업,인천광역시,옹진군,4,4,4
주차장운영업,대전광역시,동구,22,22,24
주차장운영업,대전광역시,중구,69,69,61
주차장운영업,대전광역시,서구,84,84,82
주차장운영업,대전광역시,유성구,76,72,66
주차장운영업,대전광역시,대덕구,16,17,18
주차장운영업,울산광역시,중구,52,52,54
주차장운영업,울산광역시,남구,128,129,129
주차장운영업,울산광역시,동구,30,30,28
주차장운영업,울산광역시,북구,40,41,43
주차장운영업,울산광역시,울주군,57,59,57
주차장운영업,세종특별자치시,0,81,81,71
주차장운영업,경기도,수원시 장안구,31,31,29
주차장운영업,경기도,수원시 권선구,98,96,86
주차장운영업,경기도,수원시 팔달구,91,90,82
주차장운영업,경기도,수원시 영통구,83,83,78
주차장운영업,경기도,성남시 수정구,55,52,52
주차장운영업,경기도,성남시 중원구,36,36,35
주차장운영업,경기도,성남시 분당구,124,124,120
주차장운영업,경기도,의정부시,71,71,75
주차장운영업,경기도,안양시 만안구,23,24,22
주차장운영업,경기도,안양시 동안구,74,76,69
주차장운영업,경기도,부천시 원미구,86,86,80
주차장운영업,경기도,부천시 소사구,31,31,29
주차장운영업,경기도,부천시 오정구,22,21,19
주차장운영업,경기도,광명시,60,59,54
주차장운영업,경기도,평택시,116,114,102
주차장운영업,경기도,동두천시,7,7,8
주차장운영업,경기도,안산시 상록구,17,17,18
주차장운영업,경기도,안산시 단원구,91,91,84
주차장운영업,경기도,고양시 덕양구,97,97,89
주차장운영업,경기도,고양시 일산동구,59,59,62
주차장운영업,경기도,고양시 일산서구,26,26,23
주차장운영업,경기도,과천시,19,19,19
주차장운영업,경기도,구리시,61,61,57
주차장운영업,경기도,남양주시,118,114,107
주차장운영업,경기도,오산시,40,40,42
주차장운영업,경기도,시흥시,104,105,97
주차장운영업,경기도,군포시,26,26,23
주차장운영업,경기도,의왕시,21,21,23
주차장운영업,경기도,하남시,112,112,110
주차장운영업,경기도,용인시 처인구,38,36,28
주차장운영업,경기도,용인시 기흥구,63,65,65
주차장운영업,경기도,용인시 수지구,41,41,44
주차장운영업,경기도,파주시,69,69,71
주차장운영업,경기도,이천시,51,51,43
주차장운영업,경기도,안성시,31,31,33
주차장운영업,경기도,김포시,111,110,103
주차장운영업,경기도,화성시,0,0,0
주차장운영업,경기도,화성시 만세구,58,57,56
주차장운영업,경기도,화성시 효행구,17,17,14
주차장운영업,경기도,화성시 병점구,21,22,18
주차장운영업,경기도,화성시 동탄구,108,106,93
주차장운영업,경기도,광주시,46,46,46
주차장운영업,경기도,양주시,54,54,45
주차장운영업,경기도,포천시,19,19,20
주차장운영업,경기도,여주시,12,12,10
주차장운영업,경기도,연천군,14,14,15
주차장운영업,경기도,가평군,13,13,12
주차장운영업,경기도,양평군,7,7,7
주차장운영업,충청북도,청주시 상당구,58,59,55
주차장운영업,충청북도,청주시 서원구,40,43,38
주차장운영업,충청북도,청주시 흥덕구,55,55,48
주차장운영업,충청북도,청주시 청원구,32,32,28
주차장운영업,충청북도,충주시,17,18,19
주차장운영업,충청북도,제천시,29,29,25
주차장운영업,충청북도,보은군,3,3,3
주차장운영업,충청북도,옥천군,3,3,4
주차장운영업,충청북도,영동군,3,3,3
주차장운영업,충청북도,증평군,5,6,5
주차장운영업,충청북도,진천군,10,10,9
주차장운영업,충청북도,괴산군,0,0,0
주차장운영업,충청북도,음성군,0,0,0
주차장운영업,충청북도,단양군,0,0,0
주차장운영업,충청남도,천안시 동남구,43,42,35
주차장운영업,충청남도,천안시 서북구,68,68,58
주차장운영업,충청남도,공주시,9,9,9
주차장운영업,충청남도,보령시,9,9,7
주차장운영업,충청남도,아산시,47,45,47
주차장운영업,충청남도,서산시,39,40,39
주차장운영업,충청남도,논산시,8,8,7
주차장운영업,충청남도,계룡시,0,0,0
주차장운영업,충청남도,당진시,22,21,18
주차장운영업,충청남도,금산군,0,0,0
주차장운영업,충청남도,부여군,4,4,3
주차장운영업,충청남도,서천군,0,0,0
주차장운영업,충청남도,홍성군,16,16,16
주차장운영업,충청남도,예산군,0,0,0
주차장운영업,충청남도,태안군,12,12,11
주차장운영업,경상북도,포항시 남구,35,35,36
주차장운영업,경상북도,포항시 북구,84,84,82
주차장운영업,경상북도,경주시,43,43,40
주차장운영업,경상북도,김천시,14,14,14
주차장운영업,경상북도,안동시,20,21,21
주차장운영업,경상북도,구미시,51,51,49
주차장운영업,경상북도,영주시,20,21,19
주차장운영업,경상북도,영천시,7,7,8
주차장운영업,경상북도,상주시,5,5,5
주차장운영업,경상북도,문경시,6,5,6
주차장운영업,경상북도,경산시,41,40,38
주차장운영업,경상북도,의성군,0,0,0
주차장운영업,경상북도,청송군,5,5,5
주차장운영업,경상북도,청도군,0,0,0
주차장운영업,경상북도,고령군,0,0,0
주차장운영업,경상북도,성주군,0,0,0
주차장운영업,경상북도,칠곡군,6,6,5
주차장운영업,경상북도,울진군,0,0,0
주차장운영업,경상북도,울릉군,0,0,0
주차장운영업,경상남도,창원시 의창구,42,40,39
주차장운영업,경상남도,창원시 성산구,64,62,57
주차장운영업,경상남도,창원시 마산합포구,72,69,73
주차장운영업,경상남도,창원시 마산회원구,63,63,61
주차장운영업,경상남도,창원시 진해구,29,29,30
주차장운영업,경상남도,진주시,133,128,140
주차장운영업,경상남도,통영시,27,27,25
주차장운영업,경상남도,사천시,26,26,22
주차장운영업,경상남도,김해시,247,251,249
주차장운영업,경상남도,밀양시,33,34,29
주차장운영업,경상남도,거제시,95,95,92
주차장운영업,경상남도,양산시,91,91,89
주차장운영업,경상남도,의령군,0,0,0
주차장운영업,경상남도,함안군,4,4,4
주차장운영업,경상남도,창녕군,0,0,0
주차장운영업,경상남도,고성군,9,9,9
주차장운영업,경상남도,남해군,6,6,6
주차장운영업,경상남도,하동군,4,4,4
주차장운영업,경상남도,산청군,4,4,4
주차장운영업,경상남도,거창군,5,5,5
주차장운영업,경상남도,합천군,0,0,0
주차장운영업,제주특별자치도,제주시,87,89,86
주차장운영업,제주특별자치도,서귀포시,17,17,19
주차장운영업,강원특별자치도,춘천시,22,22,19
주차장운영업,강원특별자치도,원주시,84,84,84
주차장운영업,강원특별자치도,강릉시,55,55,48
주차장운영업,강원특별자치도,동해시,7,7,7
주차장운영업,강원특별자치도,태백시,5,5,6
주차장운영업,강원특별자치도,속초시,31,31,27
주차장운영업,강원특별자치도,삼척시,0,0,0
주차장운영업,강원특별자치도,홍천군,0,0,0
주차장운영업,강원특별자치도,횡성군,0,0,0
주차장운영업,강원특별자치도,영월군,0,0,0
주차장운영업,강원특별자치도,평창군,0,0,0
주차장운영업,강원특별자치도,정선군,0,0,0
주차장운영업,강원특별자치도,인제군,4,4,4
주차장운영업,강원특별자치도,고성군,0,0,0
주차장운영업,강원특별자치도,양양군,9,9,8
주차장운영업,전북특별자치도,전주시 완산구,106,102,97
주차장운영업,전북특별자치도,전주시 덕진구,41,40,38
주차장운영업,전북특별자치도,군산시,19,19,19
주차장운영업,전북특별자치도,익산시,23,23,20
주차장운영업,전북특별자치도,정읍시,4,4,5
주차장운영업,전북특별자치도,남원시,5,5,6
주차장운영업,전북특별자치도,완주군,8,8,8
주차장운영업,전북특별자치도,부안군,3,3,3
